agent_id,disposition_strength,overconfidence,lottery_preference,herd_sensitivity,생성모드
1,3.202622509043202,0.5022863025033029,0.1419140834794579,0.2402387147734765,natural
2,3.5598049177678486,0.06990453166417158,0.07199141892926979,0.16065987904056808,natural
3,3.1065254968143576,0.049099709921671314,0.0,0.0,natural
4,4.27077520280107,0.5141116655852438,0.15816286052968065,0.4422066595133148,natural
5,5.343827395801495,0.17761244010479602,0.05047147275987282,0.1401960614984609,natural
6,4.446758882117759,0.016465238898138907,0.02248989191835128,0.3190840704929486,natural
7,3.824685787531249,0.0829531945401288,0.1748587216756528,0.4740242431080517,natural
8,2.6032030206263705,0.09276584278074444,0.2783000636331606,0.25234377155051235,natural
9,3.709096329074239,0.09875667052254382,0.21519339566904477,0.004835305675301492,natural
10,2.555082957894218,0.009950121373460118,0.0,0.26231808396398854,natural
11,2.7920810141485224,0.038506959757345284,0.0,0.0,natural
12,3.00510266278445,0.025517733617267883,0.05953223665107529,0.20916581697923275,natural
13,3.66538763151819,0.11613755941626978,0.0,0.41117705198788923,natural
14,3.679222780806514,0.031885888981120374,0.29423046605957714,0.10245948605845281,natural
15,3.059787799585136,0.03882539040387302,0.1611940057590068,0.368734725209797,natural
16,3.0494159665511615,0.08738711182882146,0.0311038099432072,0.2549469512174983,natural
17,3.6278949410287074,0.3730503596613774,0.14423085744555067,0.3211287575879186,natural
18,2.398606797312468,0.01563003688742801,0.08586684640793635,0.10428064634921816,natural
19,3.6620293116526095,0.007013595512458687,0.0702247252047553,0.20409140398569822,natural
20,3.515911609070938,0.3530732052178695,0.3288212768602139,0.06348173884284916,natural
21,3.9783583384471655,0.06042178878499541,0.5041939638742148,0.0,natural
22,5.474149845384911,0.25098548907327045,0.1273285978290175,0.7564941699008922,natural
23,3.842276126221518,0.04813205931098481,0.13761322544097437,0.23640792479329206,natural
24,3.4573081510707215,0.11611122665964746,0.08562774969931401,0.32011755933712943,natural
25,2.180304584828929,0.03917589141025155,0.2880661908646089,0.0,natural
26,4.900355341998432,0.12648244727070515,0.010532999669657416,0.2903125764939426,natural
27,2.266867587137196,0.05276521613658458,0.2821009103501327,0.06730639592524816,natural
28,2.933090737898948,0.022892172467769673,0.13949717613102544,0.16923999694756478,natural
29,2.508048031920454,0.008734895017643027,0.0,0.0,natural
30,3.7759508247152973,0.05994652291966195,0.0631788636030867,0.25493999142799056,natural
31,3.3141526788975706,0.06346866548630453,0.0,0.33951910643112304,natural
32,4.27318063896623,0.6119100320701082,0.19936516758456313,0.14478037547686642,natural
33,2.319669817495589,0.04065890998668106,0.1541178248981653,0.14047210365423016,natural
34,3.497041282085456,0.06555049558120671,0.44131283769799967,0.0,natural
35,3.622730622760166,0.016193051141605564,0.10477672225727294,0.30075396027947493,natural
36,3.2072556111384616,0.0494558708467926,0.31418178637733835,0.12091698092234206,natural
37,3.304435027017051,0.26702344638092734,0.06470169708010175,0.24638490770245497,natural
38,3.1978184216703713,0.03237984926607932,0.025605842551870563,0.19065921043165682,natural
39,3.251952322574951,0.17561337977027466,0.18370089378837692,0.3976295309204547,natural
40,2.3446917250106067,0.0,0.0,0.11745343415812454,natural
41,3.846221703664637,0.06528378974909581,0.0,0.3433699547619619,natural
42,2.57940617043998,0.04415602242361982,0.3861442414966184,0.06411580118622068,natural
43,2.868925238325772,0.055553039425523774,0.373969745439659,0.19209608828273866,natural
44,3.7794510102806598,0.002239797507649857,0.22243370209969995,0.4811180095993916,natural
45,3.608847735937118,0.038424957963898845,0.4423434917996022,0.22571513874840268,natural
46,2.177003967559638,0.0128626697735368,0.03445680108151367,0.18049645526609007,natural
47,3.272615125345005,0.07320676931048832,0.02683755998301817,0.06093197160994128,natural
48,2.7898018182821196,0.04576681129827512,0.155800675345042,0.15576541415818787,natural
49,2.363550920768494,0.6066506483539083,0.2429498523877495,0.14893332501139162,natural
50,3.263837955660004,0.3175794260786489,0.4452429877216379,0.4419483873573251,natural
51,2.5085918720516283,0.009215558417468956,0.39165023038445324,0.3286939638125995,natural
52,2.0660062741939993,0.015455578650727967,0.17718531878713253,0.06359733198142846,natural
53,3.8255934790254114,0.019392753287296824,0.20922735555138655,0.19541795241878687,natural
54,2.495500479679891,0.025237310569299946,0.16956012130933915,0.20850649493956705,natural
55,2.5571448409286432,0.0033339137672093134,0.13108992599413213,0.23005489037185023,natural
56,2.567749717201127,0.05856312669738466,0.24981204342817365,0.06678712553806303,natural
57,3.3481961038087875,0.02540859409706143,0.07862766162133922,0.0,natural
58,3.172323251500823,0.05374527569103877,0.15851951495249147,0.08014079717057178,natural
59,3.3295552776095882,0.031946109684883664,0.15549894493018823,0.2556558954600624,natural
60,2.322480393601258,0.053985246630187465,0.5777898240833359,0.06702234174207224,natural
61,2.4757695358751235,0.03871347163657138,0.2736967989451922,0.12913770054925655,natural
62,3.9041741012194837,0.04213767353704022,0.16226800063352262,0.2875766792620131,natural
63,3.4504877184122824,0.03885316577076167,0.0,0.08928215514860299,natural
64,5.464385553723623,0.12958154267684832,0.0,0.9209249637257377,natural
65,5.331506870142443,0.06371770522310895,0.37201025016309525,0.0839147931724758,natural
66,2.747490823568565,0.3647585445607329,0.3519618348733582,0.0,natural
67,2.3643823323613384,0.008043222554045259,0.14257044854216974,0.15256116739139694,natural
68,2.8651808453545606,0.012158638071878535,0.0035069229054064126,0.03124704653928285,natural
69,2.4653317658351974,0.0011615296624915934,0.0,0.08483413997086489,natural
70,4.929943355275595,0.23569972329687003,0.1298223781206954,0.694661591110762,natural
71,2.6904343593433144,0.010397270575907452,0.0,0.13047946405139274,natural
72,2.468360105543287,0.01907475385042973,0.11391705013446765,0.19306347588736789,natural
73,2.8954965586059367,0.010314749270178359,0.025587869012029054,0.0,natural
74,2.1836786460370825,0.03026334039275368,0.35336086574739745,0.2667756084873353,natural
75,3.3631575977122434,0.0739005355621578,0.38641862805251304,0.0,natural
76,2.5194201020582696,0.014906046485944255,0.06151733907409387,0.06879448091443108,natural
77,4.507076239313565,0.013170306041840961,0.3342985702805796,0.05882053000939923,natural
78,2.642078492287761,0.048068904087152704,0.0,0.13400539706518433,natural
79,3.5061338157798363,0.01490828974634736,0.2590424501240672,0.22017838371219997,natural
80,2.4163512317545943,0.0,0.12194962051443115,0.21860523556458064,natural
81,3.7652513167979182,0.04016640135570696,0.14566444241034046,0.30587837623264125,natural
82,3.9693990411987783,0.2766644250496961,0.14709374120872526,0.45319471840399594,natural
83,3.794634655225671,0.007098864196143198,0.0,0.0,natural
84,2.8272096922776107,0.03728455330623975,0.0,0.11921769062184885,natural
85,3.0898103540614312,0.06159178100875443,0.017582284837084197,0.18499141006776135,natural
86,4.86524443567217,0.3405421765573704,0.09235136380529807,0.6009521352596748,natural
87,2.8309992612544357,0.09786460981355934,0.047296427178470504,0.1297513375320434,natural
88,3.2654103341709035,0.23237368412800308,0.24607022977835108,0.2234294892363663,natural
89,3.5402168228149895,0.10980368276743549,0.15380274102185088,0.07117831823233452,natural
90,3.479868719571483,0.011217427946583886,0.06130891364300144,0.495956809864238,natural
91,3.0840452339020987,0.05122301247536823,0.16442819315322504,0.25805737635259474,natural
92,3.7073537412150888,0.003138966541459195,0.15956678065419436,0.11647296717113444,natural
93,2.6031605142011816,0.04751910435429679,0.0,0.2673645547005395,natural
94,2.8902308546628466,0.04874025069112032,0.26570255714397173,0.2894749944179676,natural
95,2.4473113774298776,0.012583723706924961,0.0,0.2067917376396371,natural
96,4.977573065261251,0.011127389789643748,0.1106822109779832,0.3399431767945993,natural
97,3.5498056433681207,0.30440639214624265,0.0,0.17784475696528956,natural
98,3.549803155929674,0.018596624906374766,0.0,0.16608387107376366,natural
99,4.718245884356218,0.22563390267611524,0.36808624765310877,0.19653441533407676,natural
100,2.4236665948517464,0.008610884505429317,0.11259623810467573,0.27134924593420995,natural
101,2.595291708593698,0.10837355922209531,0.11578964811420733,0.13529159613083402,natural
102,3.205010476801728,0.02979046476054624,0.03150100711782421,0.37765978686353985,natural
103,2.988678083957729,0.8732426847815618,0.06531125419193655,0.3186158085088279,natural
104,2.817313107145511,0.008191187402777023,0.04217702161811812,0.16989033766377162,natural
105,3.4761054645507494,0.09903180179431503,0.5121257917069965,0.013455339505637166,natural
106,2.490289769453136,0.061193159069853974,0.40441429553074576,0.06591954032117348,natural
107,2.7655045168088974,0.06224414604818466,0.17191635464738433,0.1980827010355137,natural
108,5.8237702759941,0.7620894126666402,0.2115852185156623,0.694493621223843,natural
109,4.601207831862062,0.027912289736475714,0.0,0.47947692151115484,natural
110,3.914890034028363,0.2972454201281653,0.2607497650783674,0.0,natural
111,3.745108444020527,0.2206429732826789,0.1526206367948392,0.0,natural
112,2.0988628222479977,0.0074236848694712474,0.08493990798749644,0.03108362657477691,natural
113,3.4171338366535386,0.02533774786326032,0.19018333304007606,0.15563275070887783,natural
114,5.631588498119006,0.09542925923042381,0.13200913028755845,0.5650903506799378,natural
115,2.4793331351125163,0.0012672585162191103,0.13948683919022045,0.0,natural
116,2.4017046950794456,0.11606855662050232,0.28905502724989257,0.2043505945626722,natural
117,3.6175602943687326,0.09480945152276095,0.0,0.5411454417951951,natural
118,3.5995169309897683,0.30164276979227406,0.0,0.21201448602240647,natural
119,2.5562560787383184,0.040669625621407975,0.18752655026871054,0.0,natural
120,3.969084528362378,0.04635984421148349,0.0,0.46616436576542447,natural
121,3.399114328287821,0.04343032699827733,0.02979458818545829,0.11320326650635508,natural
122,4.351075078329431,0.21405114115551907,0.0,0.0,natural
123,3.403167657684647,0.002597580029199888,0.2845989733702319,0.19114281354078178,natural
124,2.1418393288543496,0.011932790375689636,0.0,0.392848825988035,natural
125,3.0803299577990884,0.06415204201634245,0.0,0.06731006618143474,natural
126,2.9825361919187032,0.0952741990540564,0.0,0.05997170082153105,natural
127,3.7983088175972,0.030044375539028233,0.12541831894063385,0.31878924219280536,natural
128,4.439997893685355,0.054788731692956005,0.0,0.1451372055722252,natural
129,2.738985533996328,0.05750354677682113,0.020547880156159007,0.516231815876007,natural
130,1.7042781715967499,0.008440186359138074,0.15461883035090881,0.08502277748825218,natural
131,3.447641557721933,0.01671030981800935,0.0,0.21082340820504866,natural
132,2.6446129199320425,0.02892509551499661,0.0,0.08461913679638759,natural
133,2.536577435653491,0.0561871351855957,0.23569194909390934,0.24547730819163743,natural
134,3.060657736100104,0.010050569343018912,0.16862551431200237,0.22259036259455506,natural
135,2.1843097134845206,0.010232073881691924,0.19573902033437335,0.05762576050237958,natural
136,2.974805170540503,0.08318499374544144,0.18872845964770527,0.22512427528869633,natural
137,4.343979048248804,0.09487793921923324,0.0024954454106896114,0.1966241588256999,natural
138,2.699591649894474,0.024592098858359186,0.0,0.06657063068366093,natural
139,2.881731575981971,0.17069657959125747,0.06386039891794393,0.11336278835568715,natural
140,2.3797699232663327,0.025919128798364718,0.12797620071344318,0.13642097835815084,natural
141,2.6671406848182517,0.006355939404865003,0.06286788833502283,0.14421347205558677,natural
142,4.297837551875029,0.4370523032018509,0.0,0.5457046538261214,natural
143,2.5394725136537004,0.00657328923542803,0.10685715309288683,0.12618251571126413,natural
144,4.728121462182438,0.07362417747272477,0.4426189290132336,0.21076927585726035,natural
145,1.8096691048405797,0.0741185478274433,0.27739159427265886,0.12774388408490944,natural
146,3.566603581012644,0.08493143780828524,0.38298823191215664,0.5810500350532533,natural
147,2.029002883932956,0.027698888350035582,0.17418224856839315,0.2954684688226034,natural
148,5.114645283103142,0.2501279570658111,0.36841544918330976,0.17619669255056916,natural
149,3.285818160886682,0.03298590998372939,0.05247751049150991,0.07679934369888829,natural
150,3.0381482208417205,0.05864560001898827,0.43977079493212806,0.15748796617466898,natural
151,5.8986978262722785,0.18925235545998217,0.0,0.6238123134978294,natural
152,2.9029869895372746,0.03812882415841631,0.13320037102497992,0.17876305736498532,natural
153,3.1412964356371043,0.0035009185165617847,0.11399060390107617,0.1236992123589669,natural
154,3.0699713481289197,0.03291783160034443,0.1901104772417368,0.3436947782127269,natural
155,3.388892237625335,0.10796482219528679,0.23324344978753064,0.37359669138081886,natural
156,2.1150232637461777,0.031129571304127312,0.23255546885050712,0.06756069548360168,natural
157,4.942347729738038,0.018665599518217328,0.06408301234749943,0.3323032231398925,natural
158,2.522218492222956,0.1101898503817605,0.0,0.26610625008415506,natural
159,5.806372163729234,0.2300690668491461,0.059826257487291826,0.4116598024515183,natural
160,2.089850259128035,0.002132382366193241,0.10387057016069115,0.15776319116068505,natural
161,4.105195492977583,0.017008359919655634,0.10071835799417206,0.3453992425076021,natural
162,2.599964472839387,0.008496035881587342,0.17750276222253322,0.0,natural
163,3.61849070455329,0.02012406810967624,0.13172357664026,0.20437244875593266,natural
164,3.2020844022689277,0.0777420410774791,0.18446571021543964,0.48292825826221636,natural
165,4.102782842858992,0.02920639451413921,0.2253455483915227,0.2198046933616786,natural
166,2.665479647027172,0.049086320343467264,0.35336803407271444,0.07415826348850542,natural
167,3.2219254761972844,0.0127181249939623,0.0,0.01776435572442113,natural
168,3.4292346864375944,0.016334588482405665,0.27698835430712626,0.07028454363951896,natural
169,4.395374054819361,0.0850018090600014,0.5226257282496449,0.440179782236027,natural
170,4.172544454248979,0.018977820637599976,0.09583202669872538,0.16430152688432645,natural
171,2.4014611756724666,0.010884433069952465,0.35635309333143755,0.18021625558443202,natural
172,2.7210304575991704,0.00794329123407055,0.23013595653876884,0.0,natural
173,3.9957810299675276,0.14661399890383656,0.40120227947828585,0.0,natural
174,2.567884470407564,0.01965669064503562,0.2867762170688643,0.22207035518562332,natural
175,4.69818750821178,0.11817142357774511,0.08703590293479949,0.464051651003811,natural
176,2.4108380031003738,0.264686961586168,0.129135249888871,0.18295457860851677,natural
177,4.046415815844564,0.269279897738952,0.04699696969544896,0.24156303479158617,natural
178,3.0638621159514083,0.028768911597209377,0.21777804781514126,0.41775796057194026,natural
179,2.7249934377476692,0.07371747165728677,0.16199389894283256,0.2596654194811163,natural
180,2.908037632118477,0.02313831050528337,0.18532202943433151,0.2742913926045946,natural
181,2.824721484201481,0.014358928846312333,0.04429574978505629,0.0,natural
182,3.173620914728288,0.18522193262914324,0.3590752778109515,0.3879064032121226,natural
183,3.889210416986142,0.03351271397504974,0.0,0.4340827634266768,natural
184,2.6277599400547187,0.004422642670256351,0.06061806745565295,0.05756436422800909,natural
185,2.659243423453899,0.014119019993379795,0.25210842931695215,0.3218019095176711,natural
186,3.445371943115777,0.0825865548992107,0.12189810797029897,0.4683224611090427,natural
187,4.8970170640203845,0.20355719015497292,0.14838039227306388,0.4594050147888773,natural
188,4.121489250425871,0.022016864584776186,0.10472597038389606,0.11074772820391664,natural
189,3.65159903087268,0.021328804443405583,0.12220352093775841,0.03355142051362735,natural
190,5.131279935738356,0.16414789985388764,0.264051764151455,0.3652019618460208,natural
191,2.316781813851557,0.005284529942735627,0.1711104229855613,0.23048596427035054,natural
192,2.149049448669379,0.02053934398200504,0.12004822431929082,0.02772514923986692,natural
193,2.988935629014805,0.016223034099097772,0.3479448547160434,0.015673166385872867,natural
194,2.1894590786240715,0.024977439566081398,0.0,0.1410664597441992,natural
195,3.3848910320454597,0.05294209066320685,0.04369723501657151,0.10157576665252371,natural
196,1.9611743662309684,0.008479177471070225,0.015435134653478068,0.13468179912537329,natural
197,3.872805980297,0.4711143107201592,0.3368934914890762,0.1402480490908681,natural
198,3.4645710942181465,0.1344491209810853,0.0,0.0,natural
199,3.2244203734868067,0.1451161057059646,0.0,0.3387997412340719,natural
200,3.7028899511746833,0.45578664833449745,0.13723104047865922,0.337334861398124,natural
201,2.8386450427984893,0.0369871653135737,0.1830154875310772,0.41849314787167846,natural
202,3.219124814981092,0.09788551126557912,0.15629823036399187,0.22558669903081663,natural
203,4.005336228292205,0.2213347393730169,0.21385186257338834,0.9162904533650231,natural
204,3.2818750258240574,0.09025934259776829,0.09080963106003008,0.31128533295927996,natural
205,3.2652188833262605,0.05701191044553328,0.08754592047311029,0.26468111349440604,natural
206,3.6334387512496504,0.04221866102691519,0.1133698602759168,0.2355272656183315,natural
207,2.4100068062416495,0.028682949294512716,0.4438331469155933,0.04657193995552539,natural
208,3.105912017149234,0.06114002053782128,0.3254217998779681,0.013873697011650333,natural
209,4.37364898480544,0.11241450725756233,0.21167871055513748,0.34392447196455933,natural
210,4.244897324355535,0.018365979807385666,0.1291363660187539,0.09473315399685835,natural
211,3.3488531777432646,0.0010917160368736495,0.18476806736103252,0.0,natural
212,4.154650342166167,0.007899799606179038,0.26010120548840143,0.08891884943422501,natural
213,3.225965526712833,0.2729413071929372,0.07181200849161963,0.2276730463432094,natural
214,2.3229149010975982,0.028562893355499094,0.22123944722204422,0.02510342196511213,natural
215,4.066728992864311,0.24186246190021005,0.1767582194743292,0.3834755439156052,natural
216,3.4814743715758065,0.05831150879198742,0.23306096467736018,0.15427534780973287,natural
217,4.712216884120698,0.36847974171337655,0.12233123099794736,0.0,natural
218,2.3685557835459017,0.07643971842722042,0.1987982189968525,0.08068253723424154,natural
219,3.228581893140868,0.029770910759793805,0.2449266476403165,0.061609100132177845,natural
220,3.1703130639818506,0.0423071639946561,0.19767637926348983,0.04508914923418242,natural
221,2.38834736562848,0.023952068934302073,0.4658515346066976,0.2146351363835661,natural
222,2.873246873558317,0.07335758317954157,0.33436723800207147,0.4250478219223594,natural
223,3.3165859906696973,0.14063421833626444,0.0,0.07318809381357455,natural
224,2.744274035115152,0.08218520618568234,0.0,0.17126048441648403,natural
225,3.4988623694150487,0.0,0.0851423543755295,0.12678702003208592,natural
226,4.638391403021783,0.23359913669401475,0.03337020294392114,0.3610352512749737,natural
227,3.4138296641064274,0.028551651019355605,0.20472450218793517,0.18048436901961343,natural
228,4.816658218376574,0.2024474637024926,0.0,0.5206333198826063,natural
229,3.369197915157656,0.032437834193464146,0.0851506750716883,0.09994489522159508,natural
230,4.0600279870198355,0.03885164477904067,0.2523385277327275,0.2313075393597102,natural
231,3.085031417858421,0.011479073383788407,0.11882739184491722,0.05894842355440569,natural
232,4.551864541566445,0.008628992735324666,0.32235581976736716,0.33304374947643034,natural
233,2.2746775991885815,0.06841266106107936,0.13344667046067676,0.07673245918075874,natural
234,3.421072015306271,0.22417410195702345,0.12821612463047652,0.08998657475751215,natural
235,2.50854922836323,0.10335042660221055,0.0,0.2351719017152539,natural
236,4.065612193251763,0.04104814823930495,0.017804643526230342,0.37620697066618286,natural
237,3.188182859139152,0.27003167029649583,0.5849363239976657,0.41981308309012244,natural
238,3.158111790171591,0.013927657650842761,0.2099390405447223,0.031117485107615785,natural
239,3.0002840191887956,0.044306026902374944,0.0,0.008013735188236462,natural
240,2.851250510763957,0.10604024485432009,0.0,0.047138388307284985,natural
241,4.319064897228769,0.00317965594666183,0.04126949473789771,0.24054281981793438,natural
242,4.683136283322364,0.038594060821009954,0.3719404611554239,0.3684674234219229,natural
243,2.868075593670613,0.040501625749214815,0.0,0.0382559130796643,natural
244,4.196661664431866,0.0032691388091542054,0.08968213603275862,0.2680440902993328,natural
245,2.580785509681304,0.007978396868146366,0.244188076104106,0.06721933706150326,natural
246,2.984732060472499,0.05089773689828582,0.11222809665606341,0.05308792835293957,natural
247,4.068994705957199,0.026701574454042164,0.28642058889093464,0.21437550881438325,natural
248,4.657608182770824,0.07903682920493373,0.056865696396034546,0.43444828495933263,natural
249,4.324237569807895,0.07693833472890371,0.05657762254274748,0.2479245003948862,natural
250,2.786612054018629,0.009432674895037357,0.2085073468959244,0.09523403271128066,natural
251,2.94498770165085,0.2410349700826565,0.0,0.11524744992108611,natural
252,4.69763586807671,0.010050890158036714,0.05789359629113733,0.26668870560748376,natural
253,3.02379611070941,0.0002577356533098538,0.05021917426028151,0.07467227020223068,natural
254,2.9914339247315866,0.11400689401133904,0.20860375290978792,0.12472587311312494,natural
255,3.6669727406075956,0.025095738551975208,0.2008819814520903,0.0,natural
256,2.650212540655337,0.049637873838538765,0.32988413617747264,0.05014993841956738,natural
257,5.447728591331494,0.2505529659203551,0.150650060473855,0.43623316713086907,natural
258,3.592462337964444,0.028751557515373095,0.3289556917337099,0.12420739587167473,natural
259,5.249791258728555,0.4226479455687931,0.37041151561448654,0.0,natural
260,3.8421433390785324,0.04884642795572491,0.04627001895952531,0.07658467584329064,natural
261,2.664644637009223,0.10059523876380398,0.1933516052663803,0.31044835482047617,natural
262,2.820316551998049,0.034112264533630275,0.0809783074511303,0.15801499906578548,natural
263,2.4939819028461834,0.044959550863540816,0.01428674369275787,0.213642741771704,natural
264,3.1800172966618274,0.021298521976337654,0.11480577380420084,0.2003765055931511,natural
265,2.201824191650833,0.039009898577399435,0.41703155735908204,0.11116490153967551,natural
266,3.537570642238263,0.030114708592693603,0.03453673780576923,0.4961073286914246,natural
267,3.0707181163098305,0.04829600000219486,0.2659913268014207,0.038223909616039345,natural
268,4.744776359172031,0.6551634924944933,0.23856817892660087,0.5626644559770185,natural
269,3.2460421870110183,0.11546075594120091,0.011025176797312068,0.0728769549307076,natural
270,3.0916050556278023,0.04738064979724699,0.07644966309547353,0.23560756780330816,natural
271,3.5636895617667417,0.2711377351692882,0.22282266967032935,0.08880286107259971,natural
272,5.255679104714505,0.046689004027264704,0.0,0.2655700370112948,natural
273,3.6467474413260104,0.09305835695555284,0.01223242436012257,0.5638107653700949,natural
274,2.124083259840217,0.009801911790003405,0.061607956713399234,0.0,natural
275,2.5752936071480974,0.009533710860208752,0.27648623928289884,0.17834897853163156,natural
276,2.497385954441454,0.041588747019782005,0.5960620459625947,0.2367100306943149,natural
277,3.0503001928800186,0.03025388454154612,0.15960986321920423,0.20067704314516646,natural
278,3.3340705608389425,0.026027367391203125,0.0,0.18080927744054656,natural
279,3.276865680105093,0.08961170133420386,0.0,0.19541746309599062,natural
280,3.4504293334741702,0.023732528237312155,0.150789561301442,0.12750969740088902,natural
281,2.668413521592816,0.0,0.027600727765985107,0.12985106565953758,natural
282,3.584699659877761,0.027026420387327076,0.09580959720995616,0.2432456174789902,natural
283,4.400823721281572,0.0,0.2988808668903774,0.0,natural
284,3.951272540246319,0.013841419413042897,0.0,0.25321298141566295,natural
285,2.4217414356515676,0.04881229584783032,0.24303474565416824,0.17407871994391874,natural
286,3.7376093562564767,0.05727631016828217,0.3261530011453118,0.0,natural
287,3.757592962857901,0.027011556114725742,0.0,0.12007273027803042,natural
288,1.7351345038728698,0.04032039194659011,0.11063947880855249,0.20850802019575967,natural
289,3.603735582678895,0.1553225176455227,0.12102109700933399,0.29921206675321765,natural
290,4.954589150886791,0.5225336775256391,0.053117024927845466,0.5552880650223552,natural
291,3.4971515906141746,0.0076012679569325585,0.0,0.060827692489173475,natural
292,3.1850779936471234,0.018932552965577172,0.022418942787545772,0.2444262570987834,natural
293,3.5725746344460028,0.07317168460886973,0.3429656950939274,0.2610200009847825,natural
294,2.2910112352728715,0.016426518111516332,0.22152755521073117,0.12217935397028218,natural
295,4.653543224183386,0.017442986445341466,0.2937109218770877,0.3181115967013022,natural
296,3.0577464944777724,0.15673220000063817,0.17505656058718852,0.09360543713610314,natural
297,2.262924278271909,0.004590827540040773,0.15999944429934274,0.03028635444802937,natural
298,1.934876990355165,0.01825449298279101,0.05176670640203526,0.0,natural
299,3.4683385968612743,0.09192401243600473,0.0,0.215009303984996,natural
300,3.4870022244387773,0.04262771268784585,0.03887446248628508,0.29531887656704814,natural
301,3.054431992468761,0.040605613746996276,0.05043860370254004,0.24307065972411007,natural
302,2.09180389695959,0.03315034450593056,0.11204406517423628,0.12050223066086105,natural
303,3.795919077822498,0.2132731898972145,0.3257731739729419,0.0,natural
304,3.391458631908945,0.384375879116221,0.3531772861325816,0.4039689028285844,natural
305,2.377293939080357,0.11260485071985259,0.0,0.28361573565468073,natural
306,3.7072939602579593,0.03744579500827908,0.43049064379714835,0.15820383539761865,natural
307,3.0232547952658906,0.03975825640546345,0.0,0.05190621520527148,natural
308,1.9763655746422695,0.0,0.06155889323706155,0.3336200530835772,natural
309,3.8970304618092824,0.07304685868311979,0.09950567116625668,0.18328858997205943,natural
310,3.013512800063417,0.027953761800966995,0.06711532845563245,0.10433774762779638,natural
311,3.7091365452636595,0.012594474028507762,0.007808682375910433,0.04329682948604217,natural
312,2.9963555415770355,0.030582966056987584,0.16591295067154438,0.048301873674397144,natural
313,3.6910755266798203,0.17762339223784337,0.10663896339369865,0.17865992593445848,natural
314,3.448405155101225,0.03879588302342177,0.388744090480188,0.3201172922419998,natural
315,4.588271106209454,0.30518585074899945,0.2532980208321658,0.5251461028819905,natural
316,4.036834740035362,0.019809966634453946,0.39454461155020315,0.23912406349699541,natural
317,3.0528696781746025,0.03151783587245898,0.3791451221736573,0.3221046393827683,natural
318,4.0309364701435415,0.056240752446296796,0.3592219039176077,0.09193585627511547,natural
319,3.9638255844405323,0.01633203288884579,0.3537847840805737,0.08246557990727023,natural
320,3.1737866156510517,0.4445312017450284,0.3378864767197491,0.16393304687086055,natural
321,2.9892670403427295,0.0546146278989044,0.049771786100282774,0.4577733438739081,natural
322,3.8296509843973587,0.4609335574361471,0.3395044403459793,0.6810276835399497,natural
323,3.392329443287141,0.021333281533533532,0.1016044093153308,0.25145730074847145,natural
324,2.6175178591499724,0.063301199421982,0.13554799168886084,0.1978475001687221,natural
325,3.2641645156704504,0.0386701597486143,0.22874276864708273,0.21922036766847813,natural
326,4.772189338489071,0.006449381816761808,0.23045931052129054,0.3942030108066883,natural
327,4.588654579159703,0.11068966319105653,0.0501540066122467,0.24402780157126694,natural
328,3.3284853266541594,0.5606601420850134,0.029048671259950296,0.13089168747947455,natural
329,3.5067004468073018,0.32643289650402013,0.0,0.2904444373815578,natural
330,2.332583280510626,0.004124781784545199,0.05805285770426321,0.2174142563274163,natural
331,3.5866157629828064,0.023646520503921714,0.2537892808382577,0.34957834421899964,natural
332,3.2290467219879937,0.08176722694414253,0.1965982915558672,0.22885964047443982,natural
333,5.559156837498313,0.21293261684479925,0.41901593604524057,0.0,natural
334,2.6159394861459293,0.013083208565540056,0.06082311465952326,0.2679458581831255,natural
335,3.1175535750619368,0.043019909491339645,0.10283378802521624,0.10841876572046551,natural
336,4.146928224376797,0.04357287170348468,0.28003791148501933,0.27559208418954634,natural
337,3.249012800660403,0.025913424424340095,0.0817009970084489,0.10565788584796262,natural
338,2.286367120601148,0.025846422156828395,0.07463293781628866,0.03136974977344884,natural
339,4.14684364588444,0.010913318274020005,0.18739841046491396,0.04621372988616084,natural
340,3.1332825820018964,0.018801019154651398,0.35200193300757365,0.06816533084029683,natural
341,3.0396071601315624,0.0009572807885499609,0.10130712932238109,0.2489706234186463,natural
342,2.0957713320862865,0.007031448006265298,0.23101459063952925,0.006523654738485149,natural
343,3.8336075441837383,0.504228762118839,0.24918434017888685,0.3428232612826528,natural
344,3.4624584036108175,0.25382346254690646,0.0,0.13547206716208318,natural
345,4.481477937986488,0.049439057994276774,0.07258257867782808,0.2747983426417625,natural
346,2.4716784857339653,0.010875149657165415,0.12832864731953825,0.24435085206275814,natural
347,3.792096781885742,0.10077684418035401,0.3214035314685353,0.4344155570459202,natural
348,3.9868608552223557,0.01657411497936657,0.04706676181072136,0.026658607744898706,natural
349,4.330854503397962,0.05369021509967435,0.09535054632769532,0.3023509949487112,natural
350,2.9040518982177814,0.007555165669791141,0.18498562285649586,0.2704061495430749,natural
351,4.760548283823229,0.16937982784920846,0.3900353389681304,0.2585856783226763,natural
352,2.4372623431158282,0.008151316014682284,0.0,0.13568668899680283,natural
353,3.626078727932061,0.0544995498823679,0.0,0.0,natural
354,4.313521395580438,0.12268764387779395,0.16607132828428264,0.0,natural
355,4.997522342499661,0.001643420337048732,0.2848984682194443,0.5322600067332782,natural
356,4.4048256579114735,0.044187476802825955,0.08600663970331693,0.35847826467983346,natural
357,4.229684739503029,0.07264966921304791,0.0,0.12211370066327042,natural
358,3.361847016259561,0.018801943784792215,0.057049978753028405,0.16543239210613692,natural
359,2.7903373856679,0.05040090310329236,0.0,0.2797810531613323,natural
360,3.1392028569034838,0.12165604919765544,0.5326290003159897,0.16940086411066213,natural
361,3.00842963547326,0.01755625427999133,0.0,0.1053290013344824,natural
362,3.3175085939563487,0.002707153044383511,0.26088345147175385,0.25435379963729804,natural
363,3.656309021121272,0.006528212282518832,0.04294540363356155,0.2948749976578281,natural
364,6.79150455755053,0.15660859678133024,0.0,0.0199672688058748,natural
365,2.1672565871922824,0.04845750352762687,0.28849336331861425,0.06467231962644437,natural
366,3.8116820216912766,0.012207488070387419,0.09944102132905162,0.2949046449645182,natural
367,2.493925343918079,0.019345312207941417,0.0,0.24159083725679614,natural
368,2.95552463478932,0.09321379394182001,0.08558759662441989,0.11449939974538177,natural
369,3.721727272069971,0.046945901440523234,0.0,0.26399996722509794,natural
370,2.266593344580108,0.11883086703050696,0.3457789503935279,0.33987347541924623,natural
371,3.2482724932502496,0.021505841093660164,0.15652948187053084,0.15636190098606478,natural
372,3.0301475454693128,0.07083722487605233,0.401983985220374,0.6631509580717551,natural
373,3.6106548888058647,0.02401527076254462,0.1598636548213378,0.290815212986718,natural
374,3.089335735129256,0.6982608281375027,0.0,0.5362825203165027,natural
375,3.415546629073149,0.05794290535656553,0.2168175979991118,0.22781006338962426,natural
376,2.9891589998622923,0.030357438062614227,0.0,0.31024987018155376,natural
377,2.6732547057526403,0.1082784385294905,0.0,0.1466800955346,natural
378,2.8800673971324633,0.09247341577702099,0.0,0.2428489186234132,natural
379,4.779873755595036,0.0664331069356905,0.25365064533407716,0.40740131793422796,natural
380,4.271230536548084,0.3307672178177321,0.0,0.17375919076689839,natural
381,2.7530169890894656,0.01625403404472574,0.0,0.16241065825030948,natural
382,2.9593646332520156,0.0068690492938368215,0.007752747394438547,0.16789466578209192,natural
383,4.0932135987804665,0.008294275894223647,0.22916321182157676,0.22090904767967656,natural
384,4.555835839829893,0.05483463106447407,0.04953901809202248,0.408262694471349,natural
385,3.4549945894917338,0.024024880493222402,0.12353338878241646,0.18703105736165848,natural
386,4.500004175045847,0.0671596320641768,0.14963198958272084,0.3460699121927615,natural
387,2.947783425191104,0.12789352366573403,0.18492709141309177,0.27294013633550146,natural
388,4.818136188390499,0.02778941329632699,0.046759992614196756,0.12868477733280678,natural
389,4.347865966569077,0.0783103887245954,0.05467269608026255,0.5269454521804873,natural
390,2.512005156594251,0.11334701503800663,0.11258878851196077,0.284487238813041,natural
391,4.005970845277449,0.17322485914533797,0.15082755276977025,0.42671948670413773,natural
392,3.39762508761938,0.02838863592954795,0.0,0.25031552551694286,natural
393,3.0236363430500273,0.014362858522003938,0.08946035642028352,0.00689162221948967,natural
394,2.471684895478209,0.042877274699346414,0.2516855765734875,0.2430138521377698,natural
395,1.903521813619845,0.038753387528237045,0.2830991806260224,0.17431792284107173,natural
396,4.314065693195754,0.014817451174707993,0.10471537609993005,0.46990755627695296,natural
397,1.7504756509674955,0.006709616997600038,0.07180220068010279,0.051963960376772755,natural
398,5.188776398201201,0.04100686305642,0.25256832178003163,0.12828234179532028,natural
399,4.139667601959031,0.16130203637400603,0.26870980257513205,0.18166926218465004,natural
400,2.3001384436682035,0.31710985733556313,0.1732958681341465,0.30238603694701927,natural
401,3.2783613039882327,0.48885267485718287,0.06175998036083147,0.1596018276652223,natural
402,2.124882097839503,0.012131497971754147,0.3399406058159012,0.22920706472835192,natural
403,4.779279594059496,0.12168615383889439,0.10210979850195621,0.2797386630705709,natural
404,3.513031882910489,0.00633427600926267,0.025995921629526027,0.03723297652279598,natural
405,3.377128143458841,0.0572199088973902,0.1900991658713714,0.08702039950830787,natural
406,2.6190214343393494,0.10477270007737846,0.1540787855985832,0.0937004067675097,natural
407,4.047967259882469,0.022408785876027286,0.2899811911065746,0.20949648876053334,natural
408,3.1595124536020553,0.03183971496932394,0.0,0.18660749715746477,natural
409,4.820965163421741,0.5008122585600587,0.14008289931986342,0.0,natural
410,3.6667888883631234,0.7865250945532376,0.0,0.24114941535630086,natural
411,2.84891529115058,0.7867925151785872,0.4157170229475448,0.5550022693914455,natural
412,4.362938904986881,0.09757599850729842,0.0071048952370029225,0.14954369719233043,natural
413,3.391180566521302,0.5503669941238661,0.168248542657645,0.5654570487081063,natural
414,2.1169995267039305,0.020044075610104038,0.23387798143659783,0.08471356077671971,natural
415,4.2808386096456275,0.010102152954483041,0.12947765939150938,0.0,natural
416,4.235036005465865,0.011534654931745865,0.05683577514364487,0.016719970245849668,natural
417,3.3113075538143226,0.3721555595771674,0.0,0.32667600508298006,natural
418,2.9366390319985727,0.026570961879023434,0.2046277727485538,0.13566861203561834,natural
419,4.784362945810127,0.08421205469456967,0.26607419422690926,0.3131544814744191,natural
420,3.4847869351924188,0.024014777019228616,0.4815369415155816,0.0,natural
421,4.12427063224592,0.024886884364659113,0.04205299390589466,0.24402492672188314,natural
422,3.449528215445713,0.02742876588586867,0.19794919823052606,0.13914794676622239,natural
423,4.599101050813218,0.028739046488933603,0.26507549247586326,0.4921817121960105,natural
424,2.7885380056563847,0.017494123943101857,0.07939153088996861,0.35312308491271266,natural
425,4.160946027465141,0.14726001939476663,0.1240154836895944,0.2748690713669678,natural
426,3.632574207489741,0.04227909802062465,0.44837690782503975,0.2669674668073274,natural
427,3.8588471922329153,0.0,0.35900143008474256,0.0626808877922547,natural
428,3.3086180315226077,0.036008208050902206,0.035859022223833484,0.2491448611255589,natural
429,3.355617042347635,0.11369461565943001,0.1626623414775037,0.8395488577101466,natural
430,3.7316169216318804,0.3048501794364859,0.20339655904186782,0.0,natural
431,4.370046861041414,0.05538928596311024,0.0,0.892127406551909,natural
432,2.460369108494516,0.17779025015951383,0.24055398959456462,0.16010848128980912,natural
433,2.9454332218854127,0.014464023023016965,0.0,0.156681347905919,natural
434,2.3426661293794098,0.04321708565068639,0.06465198695248499,0.07938762642136844,natural
435,1.9107825882013125,0.00518197778418484,0.08714991905954754,0.12159246365605082,natural
436,2.110134932257196,0.05870068537414174,0.19061231042437815,0.24124222627340156,natural
437,4.452516471921079,0.00858740604649978,0.23457294901344744,0.272238066550111,natural
438,4.207805579698737,0.028610589663266045,0.1449224976303378,0.29308371476328615,natural
439,2.711280252062989,0.04176278386541437,0.0,0.42265925054505415,natural
440,4.2610834170044125,0.008239808299588374,0.3187244445662336,0.416102079446618,natural
441,2.617786507825904,0.03120034179959323,0.11848900242065655,0.1811574800983048,natural
442,4.372292045318039,0.07244310416064524,0.14578546118682037,0.35965524784506914,natural
443,2.328673622658942,0.017630612352735574,0.23986492730927564,0.28925558465647955,natural
444,5.699944383961777,0.127468806939906,0.0,0.5910349689703429,natural
445,4.168700221080576,0.02395168497232431,0.0019863075024824867,0.35849671346555023,natural
446,2.7895696300744577,0.0370033330136942,0.10003132709183755,0.06964906591824524,natural
447,2.525891049648118,0.07570248580282202,0.4554704913240278,0.050361470868985625,natural
448,2.8632789278576167,0.05170292801687624,0.004266503423803429,0.31125851865441534,natural
449,2.086020774782719,0.0648513109331084,0.03874734461176325,0.0,natural
450,2.9436908906048025,0.05453221795220501,0.17903089714747913,0.20431362901652764,natural
451,4.16716771474431,0.026857741014539006,0.14945809219584524,0.007229443235224561,natural
452,4.688191986776003,0.20053153017156897,0.0960632404525324,0.0858496770934195,natural
453,3.5230447389669846,0.31917233622399516,0.06154274878694177,0.5605965736813744,natural
454,3.5446615149169185,0.041425105439538555,0.13886176315370152,0.41955635424277593,natural
455,3.5324951169615657,0.020528415145567577,0.28067489162907533,0.0,natural
456,3.998570024693928,0.3249402077497199,0.034210694591359773,0.3347813858971926,natural
457,2.6921593551174983,0.018400575861289622,0.29221918217870557,0.06890657532965674,natural
458,2.790744528006499,0.5397233860412958,0.11800584467007443,0.48340914307108224,natural
459,4.864565279537039,0.14658161453969248,0.0,0.617481415777262,natural
460,2.738901705258556,0.11750132176176484,0.34604346784968076,0.3045145493990994,natural
461,3.5692769753397218,0.03298898128513319,0.22679243473707422,0.030857303460272066,natural
462,3.263582805725689,0.1610375791667796,0.4540617521097747,0.4396656645283783,natural
463,4.182440748441841,0.0,0.0,0.5090127287892063,natural
464,3.425349733301744,0.4564610578416905,0.16545615891322574,0.24963461175191626,natural
465,2.035859747773988,0.013210000018691053,0.05499664734866313,0.07242038191348342,natural
466,4.151873166549344,0.31754795895738497,0.28606976521497945,0.21711898092820184,natural
467,2.978437467781966,0.0636371247369047,0.30390939525607635,0.2420383397614591,natural
468,3.6967371355019933,0.07632383255025198,0.43627238228275655,0.41137237569088,natural
469,4.042319616890533,0.07330775667424644,0.17818444901630193,0.03010108113061879,natural
470,3.4801537789974337,0.09117887004132515,0.0811337827642359,0.14974043318955232,natural
471,4.202667961278742,0.009993123321786845,0.15623978699850788,0.19813247948202772,natural
472,3.144443130658442,0.035806223293815984,0.29742483218248145,0.1553414891573434,natural
473,3.3994746059832956,0.08461000337392703,0.14703708406176252,0.23994396894686693,natural
474,3.0253801469794266,0.008118161354540876,0.10261793016872571,0.1730142545854376,natural
475,4.743493821857921,0.07518074748138844,0.07398597980699015,0.39201657506657767,natural
476,2.9357483936948467,0.013481242261044591,0.2553041525971676,0.0,natural
477,3.044176110510119,0.0576898904135646,0.0,0.16895285496031587,natural
478,3.4638331573664622,0.043995885185914387,0.09864898097418932,0.3397393323963089,natural
479,4.65670608272293,0.804352343259694,0.0,0.4061946250520985,natural
480,4.899105076892544,0.060968717583621164,0.10686615201706916,0.1372743796233486,natural
481,5.656249884830212,0.215970502473005,0.02688477435179385,0.2925073972793803,natural
482,2.946723520909404,0.11627435211868246,0.24360702572334011,0.0,natural
483,4.369140017095217,0.04986499278328226,0.0,0.054955903046643724,natural
484,3.1438737552204974,0.11736317189838359,0.4253434753564754,0.3087872393321908,natural
485,3.1769205390668738,0.006176405849652061,0.0551105993688403,0.06954579889610263,natural
486,2.8986297774230674,0.3210833297918263,0.9300615972564082,0.15177313236999848,natural
487,3.234713851934708,0.0,0.1947722841968849,0.0,natural
488,3.9370527166887537,0.03570826268719931,0.11952214507458382,0.10407718580747531,natural
489,3.3944042194596955,0.19799469021159552,0.33466768100974104,0.0,natural
490,3.073657946963872,0.02560369143903091,0.0,0.2566981595646729,natural
491,4.669819497174475,0.03588519995257915,0.24773945698950317,0.190274227577394,natural
492,3.785280765727985,0.019995874522670612,0.2007037221630558,0.30173994309999025,natural
493,3.247992107876488,0.008011444825788788,0.0,0.3081268974303072,natural
494,3.0899543528180415,0.03805267613781662,0.4093194180971458,0.2589631352619063,natural
495,3.469992749804036,0.02006074509298162,0.4149787740662817,0.19333458891317803,natural
496,3.469416801026692,0.14997943650970222,0.016455063718712432,0.25273148025487346,natural
497,3.269184392831279,0.043886563691518714,0.16093767864858202,0.314414752056263,natural
498,5.065159289723255,0.050547509328090844,0.10232886017131225,0.2520442275115253,natural
499,5.193193517566095,0.2593546646994058,0.19571936362999082,1.0,natural
500,1.8116298504946025,0.013149677019439504,0.0,0.14950079025312996,natural
501,2.8769514753537213,0.06950561880678824,0.3814178843192768,0.4314335712001598,natural
502,2.7690482599910404,0.08252210968318181,0.0,0.08503882292293236,natural
503,3.0627116597028428,0.025862115944648684,0.35937956985992736,0.1903836587002341,natural
504,3.2978804958655656,0.02816986905516721,0.015013406620306482,0.2363316064393855,natural
505,2.9033045389089756,0.028869171184070064,0.35325414387874116,0.32553787059646394,natural
506,3.158785661545381,0.0,0.09922470432806371,0.0,natural
507,5.449110300737816,0.006611008847804858,0.18602086523267813,0.44329302124959624,natural
508,2.600241461915236,0.00764861233981556,0.0930325710497714,0.28884774760320514,natural
509,3.705652023799641,0.04249866520453346,0.25004747829053803,0.0,natural
510,2.7620202626053727,0.014638911072920978,0.23229223557935483,0.30312943017898386,natural
511,4.417695359185643,0.0617744669240774,0.2408244346415658,0.1497254216001322,natural
512,5.220980589166941,0.1868524839843647,0.0,0.6376902390175149,natural
513,5.101494192635531,0.14526324717090805,0.07864907612050917,0.47596250876540686,natural
514,3.2484476910261377,0.739207013553875,0.15739086968038676,0.6218936970135965,natural
515,4.100994371002725,0.06718319642075198,0.11910661145035155,0.439327246443271,natural
516,2.298004802514178,0.007169113590211487,0.11735942180100378,0.21883177762946368,natural
517,2.1154151795944083,0.021415214455476464,0.1430675013607474,0.06768726749852638,natural
518,3.692740459880777,0.2495222757854862,0.14037874632281258,0.4042896496083993,natural
519,2.4229630139899543,0.008971225038373668,0.15878968242418035,0.16040715087750163,natural
520,2.3698885951475024,0.00924232463096112,0.0,0.2693404947704476,natural
521,2.406331093645599,0.009507573703340483,0.21331509999810733,0.20697368903218666,natural
522,3.251455559664004,0.07062702882211078,0.15468726095054486,0.23306554250930572,natural
523,3.0727838343436846,0.1162126185266515,0.0,0.32646099414064883,natural
524,3.19027036103548,0.06327656858427341,0.03987020340141397,0.0,natural
525,3.1137810714678174,0.00044733895226851825,0.0,0.0,natural
526,4.48442324186091,0.1457177370504631,0.34530122105480515,0.44656945590194574,natural
527,3.0857812600280004,0.05749655581927348,0.0,0.0,natural
528,5.73971661325016,0.5673580174090358,0.16309860924674358,0.43645603547509737,natural
529,3.2540088205670674,0.05024983936530819,0.0,0.1337767083749567,natural
530,3.4416394558923877,0.6781999179305287,0.09518023017151077,0.4931226356903297,natural
531,2.464336068640722,0.05748586646863214,0.1993598503821445,0.011380284214090158,natural
532,1.9372701760886284,0.02940768458172901,0.3168673308674382,0.12156567815949097,natural
533,2.3152214957052353,0.06614004370760662,0.2371308968353906,0.41166321712250725,natural
534,3.901970656862172,0.450161228391278,0.3124964810202483,0.4315021151178766,natural
535,2.923095396569062,0.03913784408108502,0.12429182443897945,0.2657339006880791,natural
536,2.8425765510739347,0.005243965502368496,0.04046378471713024,0.1961601467874464,natural
537,3.1087823475856844,0.010121704628117338,0.33522981069675917,0.17158916551244846,natural
538,2.27370779662359,0.024590579443205775,0.1438453373148373,0.09640573125090655,natural
539,3.015764715694519,0.06918561384163321,0.28690146055296967,0.3601326214277638,natural
540,3.617554517939616,0.3840319545195906,0.3888422435880788,0.04120547958463149,natural
541,2.992893653730994,0.0154065753122224,0.0,0.1813643081570873,natural
542,3.4435084467098322,0.30570417889880197,0.36635012850006055,0.506516970492047,natural
543,6.531501225359814,0.22561751984933567,0.06221244384247469,0.0,natural
544,2.7091021101625734,0.4356167204423471,0.20450985228357946,0.1388733065538138,natural
545,3.0080375869152647,0.08751572390324992,0.35549770617414167,0.0,natural
546,2.463427816669937,0.015414255750495886,0.04556889253516836,0.24932972819297378,natural
547,4.708847005305322,0.5436377126836329,0.3076237596684551,0.24360095512041918,natural
548,3.0355854526023807,0.10623208370869347,0.0,0.07498442130792365,natural
549,3.1271254558090322,0.0050899567594509705,0.0005765092018156107,0.12927338097794408,natural
550,3.622528175910056,0.019271822282319825,0.08098523379230396,0.2662713634624122,natural
551,2.691471808389287,0.03966054843161874,0.13683058809579848,0.2238366112439978,natural
552,2.292154045708575,0.014498181408951349,0.3886423132741025,0.18470272260826492,natural
553,3.217279734010883,0.03895731717285913,0.1633719938310176,0.2382614065122993,natural
554,4.899378830417663,0.2536133471502114,0.41177632264362324,0.3601674160769558,natural
555,3.371716516816346,0.1535756290933936,0.3122246012768916,0.3334534324551641,natural
556,2.913331438265131,0.038634820260369455,0.2768550871239509,0.03831941086160242,natural
557,2.3921621311714674,0.052191724223266886,0.15524571884739913,0.1821954707493053,natural
558,3.600059818575533,0.02437369892674063,0.39356332087291956,0.20034592093317036,natural
559,4.296000750277084,0.28972985399951456,0.09551861585869025,0.47824967221645825,natural
560,4.758207042688862,0.02060493941261491,0.2720451003932988,0.0,natural
561,3.604107279889318,0.003911131519214623,0.0,0.0,natural
562,4.218537349691169,0.48867337350667683,0.0023570770872111744,0.11290179994606121,natural
563,2.3168015327443037,0.004113995963533321,0.12697029971032878,0.0,natural
564,2.8058444347621285,0.0064363563635349685,0.12870604779573191,0.030716897248133864,natural
565,2.0400233283549545,0.0611364743361302,0.1579950121508006,0.209979398372791,natural
566,1.8526582244601388,0.042041423192041606,0.0,0.0,natural
567,4.943917385990036,0.11813132378923834,0.15439720728979947,0.558260381671801,natural
568,3.7198238734199336,0.3148670453142373,0.2238925708533492,0.0,natural
569,3.4502487362944443,0.11793847491250667,0.07217418049038732,0.488408623488814,natural
570,3.458847196524254,0.009266149942686012,0.025778546516643963,0.027889606353344584,natural
571,3.9946864996441254,0.0,0.17478743949822087,0.3518752858679019,natural
572,4.125324904840271,0.09074075107450778,0.2881382896651223,0.24058981460324563,natural
573,3.938373908942131,0.006917803696778076,0.1700103346067876,0.34280452769570086,natural
574,4.5605535447875925,0.37556877051675047,0.024741467322990474,0.05899651919430686,natural
575,2.836169685665831,0.08160595382015028,0.21113278498256705,0.17387339030567436,natural
576,1.58107587404517,0.016912718527353723,0.08384453980350443,0.05732389496288694,natural
577,4.433825613480572,0.13741854996403577,0.07544292148821652,0.06732503547019303,natural
578,3.350300706339579,0.025425188761524335,0.3617037357069443,0.2758711352586339,natural
579,4.306178437021214,0.25829660152523104,0.279291288416135,0.4259547909920158,natural
580,4.008262926477146,0.12165689241630252,0.19040052806940147,0.4339771519606622,natural
581,2.7116910143056008,0.02214266453165397,0.17595802124572102,0.23977819501338468,natural
582,3.2871108716138266,0.01168306693645724,0.09528487354085224,0.09858991173060805,natural
583,2.4220730672115462,0.025994052463722436,0.14084320021536212,0.3003296845927856,natural
584,3.122679404099452,0.24585666433828596,0.16548008981821669,0.2812030696793411,natural
585,2.6951424422805106,0.023769559258826924,0.0023976930129862924,0.0,natural
586,5.544235337130606,0.26969240162910807,0.13777157272202836,0.21308916367666128,natural
587,2.9442766379483722,0.035981025485138915,0.17560224526219334,0.19666800171349746,natural
588,3.989231098908908,0.035398104959304726,0.12440332296310046,0.4758782050603823,natural
589,4.8791393668025975,0.133247429791704,0.3139397250949417,0.18824977842603796,natural
590,3.6326589798348214,0.006549627942329959,0.06666061023022375,0.45532979940735374,natural
591,4.317737616485409,0.22202432756539853,0.2171106434580538,0.6493513089297874,natural
592,3.8236150868019854,0.11658496128820879,0.3149624234730177,0.2303440713243265,natural
593,3.9190839762477867,0.009058425664345388,0.16263502245886022,0.40777955451914644,natural
594,3.232163920041092,0.0,0.12119372173263211,0.0,natural
595,3.141717793329024,0.1394555243810692,0.2570530651606881,0.15477283346252352,natural
596,3.2414064481192404,0.05904708505833086,0.16433280334839317,0.0014419343805623453,natural
597,3.5547569370518644,0.029535020148110554,0.15487669380294766,0.23762582408045133,natural
598,3.1514275384788117,0.04605175839172997,0.22391398008654548,0.3070670747428077,natural
599,3.2472955366278837,0.41978716796881876,0.0770636170308263,0.275572838439729,natural
600,2.153982961213305,0.0361890176850425,0.13886521236346155,0.0853151827037132,natural
601,2.8005405946609025,0.020280897607791656,0.2193528890725372,0.2404660791412587,natural
602,3.524590830272612,0.014912632868237616,0.0,0.026565917448960388,natural
603,3.40553556047694,0.017114652471350012,0.0,0.40193105561916825,natural
604,2.7661321438279107,0.15219916619932974,0.13287703147337754,0.18730815646189972,natural
605,2.5301603439605116,0.02250324413958649,0.3596480628481616,0.08826334144329119,natural
606,5.023908319596558,0.05224697495612544,0.07373798965001022,0.26734316801158836,natural
607,4.362327983776383,0.0,0.23813787705434727,0.1922441193189349,natural
608,3.164207354599393,0.022265737259773096,0.10235148829865702,0.2562041327407191,natural
609,3.182931609942488,0.06523230003928396,0.03164309660782646,0.05188170172759665,natural
610,2.1993671816298606,0.24882690544636318,0.13384812042224772,0.0,natural
611,3.4598046522863966,0.413828139019748,0.2625686864093118,0.18163897378749783,natural
612,2.679139014736393,0.08644722979652061,0.009891862221216989,0.23826271627096324,natural
613,2.676373582529893,0.06607958134807591,0.24472655477875774,0.14008485959636405,natural
614,1.8007772550036085,0.019536812623663982,0.027223176937594355,0.0864902563099835,natural
615,2.8075015415411335,0.07041610265176006,0.13407730307634633,0.09961180828693553,natural
616,4.6794704893543475,0.043231573439402565,0.0,0.02638410861286185,natural
617,3.8202866878960116,0.03249217514045726,0.2313405171942486,0.018299227072823946,natural
618,4.706743658885739,0.1776253083292377,0.0,0.2033969828542976,natural
619,4.109529542262403,0.03986170973245502,0.1433397792351065,0.14594527127281434,natural
620,3.2979432890397633,0.19123793517470533,0.4764200638234065,0.03372966060294898,natural
621,2.145137190527267,0.024768789603860395,0.027718179159022856,0.09296793203473645,natural
622,2.699874256784426,0.013870744033284485,0.07710046357821083,0.03856983889401118,natural
623,3.2494757723399386,0.18647496098883565,0.3101624142028511,0.14006944662589996,natural
624,2.3737755680654993,0.10620186499384004,0.22467617487094968,0.38470664627974605,natural
625,3.132020727060367,0.12062354339968034,0.29020566261534964,0.0,natural
626,2.6157164332498373,0.0668995350703662,0.23346119414239216,0.4779155467831351,natural
627,3.027092622763017,0.023992703637227008,0.0,0.14171205165549625,natural
628,3.7487221403422097,0.0402599205504049,0.07297018611355859,0.007388109770723888,natural
629,2.4512759356728417,0.03192660761819047,0.22336573639235954,0.18617117630342303,natural
630,3.835958338119916,0.012151710518320497,0.07537008059299141,0.303359245377503,natural
631,3.1969534062854876,0.20134899336171946,0.05969304596303556,0.15701776448798618,natural
632,3.4107285696613587,0.49554074070859544,0.0,0.30234379618647605,natural
633,4.264959362415304,0.02900266442587349,0.18348227295741273,0.28214266907949265,natural
634,2.8918115572403837,0.10735431818944871,0.0,0.29036690172606283,natural
635,3.7103192874877107,0.020471896251806898,0.07959469044840889,0.18847903948413672,natural
636,3.983388483065994,0.05574099710446082,0.17557369811576115,0.19537988516347576,natural
637,4.408622212087571,0.43826037412455765,0.19004162720413903,0.048481953220773075,natural
638,2.9601519680617954,0.07226495751045595,0.09486235404746093,0.5566778463779972,natural
639,3.919321043894055,0.04420910287158084,0.19307250666479622,0.10208786502539113,natural
640,2.772068760596424,0.015979094545091898,0.11774345566183475,0.49583351864399905,natural
641,5.241645172217055,0.016148716626734453,0.0,0.32737767249125904,natural
642,3.4108147845613077,0.037555482219400464,0.20858512172545296,0.32515283041840026,natural
643,2.7158580138368023,0.09196424305505642,0.1759451081397351,0.3046123280684715,natural
644,3.4380652420765614,0.012438879711389371,0.10824747101592383,0.053160669986081086,natural
645,2.9416457302816155,0.008103130493286178,0.3253700782792854,0.13920439843655574,natural
646,3.097261005432266,0.05379859522683013,0.19698316352345357,0.07849334093355886,natural
647,2.177660689716864,0.011734211877102399,0.13634070406827886,0.22680623664162858,natural
648,2.619678819073263,0.029890621882824767,0.4134699275074383,0.04425879802206187,natural
649,3.4762616063216196,0.2589890710612668,0.08334928985586687,0.12280098703011592,natural
650,4.0008150460966485,0.2943342848888098,0.0,0.6047062087688422,natural
651,3.871277441019023,0.012441258343049301,0.04528014011009364,0.0025539149720381626,natural
652,2.6538504804630803,0.09407166203953937,0.26118062593122576,0.0,natural
653,2.8890496764352225,0.08568541019023788,0.16307967847720614,0.19038007950323532,natural
654,6.036812527329239,0.2637390160473213,0.20878549304972643,0.5640216016646517,natural
655,4.305957711656427,0.15347001390492487,0.23860878639015032,0.13244236181069355,natural
656,3.2833982446306598,0.021045921165909882,0.32235662449215635,0.2670097629561893,natural
657,1.6857551198906866,0.025554941217885038,0.07772060177821823,0.04820130838904268,natural
658,2.9742665655108285,0.011910378285425767,0.135972134050495,0.16936690358791937,natural
659,3.3824584765465042,0.3558897389407754,0.0,0.1901113015032914,natural
660,2.8629737072964128,0.0013248666004648372,0.1472312552635,0.4171107119532848,natural
661,2.3854202230086186,0.0,0.2008178346435404,0.20646151719497166,natural
662,2.170425632074273,0.03959090647573185,0.1165563788749878,0.08179320168658767,natural
663,3.691513431835989,0.2258210166992453,0.3452046323455334,0.11783929919607532,natural
664,4.567328550227188,0.04271342653568927,0.3853862456812736,0.2803174485718492,natural
665,1.7069005127749484,0.0439943833296386,0.07725375645143763,0.10875315896204303,natural
666,3.8008379114220228,0.01309550191346251,0.11116245450989298,0.43978081502661415,natural
667,3.8647987703761566,0.27529766521528215,0.10407338372175261,0.0,natural
668,3.332265610204059,0.13431398927088553,0.29869100145313043,0.13483856631723337,natural
669,4.315560010985397,0.0939515753911559,0.12381949931056618,0.9997768835588112,natural
670,4.2977924664480325,0.4299798158150163,0.4435905957681949,0.648200031114884,natural
671,2.7905128992719757,0.0,0.01634030901999038,0.5202033701787631,natural
672,2.8067852843501697,0.3714857467501255,0.12751536437065142,0.29793321043488813,natural
673,2.6830049259222677,0.060624444132548,0.23042532190092146,0.2947174643185987,natural
674,3.5366082875865352,0.02274046008136343,0.20720203451580843,0.368159983619326,natural
675,2.5493280568403955,0.0,0.042369095188832195,0.23130198553395037,natural
676,3.3556928553279346,0.3838476673959319,0.3098956041419279,0.06317087128966399,natural
677,3.650777776631896,0.02656674610292185,0.25294290560079985,0.15747505439352086,natural
678,3.3870926233049463,0.023200343180400776,0.2581865863174611,0.28302124574370235,natural
679,3.7031308568407404,0.2387933281431122,0.0,1.0,natural
680,4.59807116487268,0.12016556718773352,0.11843185909982136,0.1201176666894704,natural
681,2.0685234581220113,0.01621482923095987,0.02552044178922793,0.2246532271369912,natural
682,2.4182458073238187,0.03851173723340892,0.0,0.02133141002029535,natural
683,2.397102409843935,0.15372493272914495,0.04240205865613591,0.16115879998621507,natural
684,3.0175143628885506,0.025395723200860674,0.1626294940363642,0.2351365103986627,natural
685,4.646418906763972,0.05766746374005777,0.14821051546156072,0.0,natural
686,2.75830419952474,0.042881696209685786,0.31264006411981915,0.08187388338697195,natural
687,3.164226466948445,0.4581777713690674,0.3975430055830633,0.03175131801326479,natural
688,3.2730514052024957,0.05135034381351393,0.4236417333799866,0.21902947671681092,natural
689,3.423321045602437,0.029345495463394024,0.0,0.0,natural
690,2.63317211176432,0.08651691544935626,0.23646745256508434,0.4990900310086158,natural
691,2.7048822466879248,0.020249080867461876,0.003704231004759613,0.25537530576833956,natural
692,5.708884119963837,0.21914437317159677,0.2054634801009355,0.01580714248833116,natural
693,2.6067291751462043,0.1797051631154682,0.5208181181164826,0.1195776962595229,natural
694,4.978926145214704,0.23599824062671781,0.14128118823572822,0.25712448422926776,natural
695,3.867240481555449,0.08624833342338994,0.0,0.2968986748653553,natural
696,3.929858347063405,0.016161689813238064,0.3091491996267885,0.09127193412275357,natural
697,3.5169563550590333,0.006508529356243336,0.1513755461636094,0.0,natural
698,3.600321313352517,0.005943044198781033,0.06133275256181636,0.12118088026885174,natural
699,4.820127027477387,0.3612316472427727,0.4275875709096735,0.19205955469295458,natural
700,3.0415584476554045,0.017083896010657372,0.0,0.22746241889895677,natural
701,2.5775722945492836,0.03346427927150723,0.24121960416423702,0.053206773933566466,natural
702,4.020447072529357,0.04141981773102871,0.0,0.2595680498486248,natural
703,2.5626435526885705,0.7266388621205454,0.7866320872719565,0.024521628881546843,natural
704,3.0796597834373993,0.012631383718600824,0.2409519213535176,0.08034049413289233,natural
705,2.60822953207648,0.03439465677009633,0.13747902231757725,0.09961592625022866,natural
706,4.826077695904381,0.17125000129094425,0.05905978712885504,0.2995977818734285,natural
707,2.8693920264148938,0.008474566929625183,0.09568907709000635,0.07567865645377467,natural
708,4.584593829607192,0.08950984141658455,0.2318957709462551,0.22136997321899463,natural
709,3.087114512000247,0.10740370839023347,0.1262148456725472,0.22869314997577223,natural
710,4.215882853438088,0.2366793474050474,0.17888536959098741,0.5586013538687312,natural
711,3.4661665000264286,0.004354901083563146,0.1615121499489559,0.07772307744553503,natural
712,3.214573533706309,0.001350951275019431,0.09595815191275925,0.30939962268628163,natural
713,4.69466584072229,0.04691590210347345,0.005992718342219589,0.18483477752111444,natural
714,3.6955566195136442,0.051509695050692514,0.025547280971973434,0.42280993521025734,natural
715,3.381894955495243,0.01929951699031118,0.541593796094419,0.08863123405449808,natural
716,2.4809438901671514,0.05565778109162604,0.14264678166517436,0.19272979828634462,natural
717,2.5072000467502673,0.037091144635856936,0.44577136359873154,0.10498830033791334,natural
718,2.5657617267537742,0.23823429208079375,0.09072500160106088,0.09073510431750496,natural
719,5.005810578718861,0.46132880864073805,0.17407439590258655,0.32785834733578,natural
720,4.330351446340754,0.008953018325223496,0.02222257501291571,0.0008972930031149002,natural
721,3.705271444425458,0.06831748978765803,0.22132025091863447,0.17869660799358353,natural
722,4.1337287998939205,0.010015950586713859,0.23349545024811735,0.07174194629941144,natural
723,4.696902932754188,0.017671865994866805,0.2927069741275314,0.5053358359806345,natural
724,2.523903859969912,0.18111844650942135,0.0,0.31162720612025147,natural
725,4.260706376961324,0.044255910291786035,0.13739793679775633,0.24004271124995413,natural
726,5.277442977070198,0.015332047688530357,0.0,0.03991744516508757,natural
727,1.8316895247814045,0.05469328092238906,0.13528885947266067,0.122100535873194,natural
728,3.1372615357727396,0.060172685533066796,0.0,0.18544522322659923,natural
729,4.90805302933959,0.1667958089385839,0.051241196360572415,0.3465787453329414,natural
730,3.6084448931072397,0.07469407736259208,0.0018935362978690939,0.264557418553927,natural
731,4.260834742202551,0.03321095730128003,0.0,0.3966810971776966,natural
732,4.824846956593028,0.4350284707613001,0.13360813080940537,0.530141804239923,natural
733,2.3289177344014416,0.01485552064709462,0.13034649369698026,0.2423515289737121,natural
734,2.764261505625786,0.01928438741928898,0.18166988529513572,0.19785316584607843,natural
735,5.098055670806208,0.46905053829157484,0.30841661099187306,0.5458547921342941,natural
736,4.033863285135121,0.0039598169345734175,0.17719389128724,0.4891206239783768,natural
737,4.616162035853049,0.17245061240034312,0.14968336139967717,0.7216553652524965,natural
738,4.213005102139441,0.06913191344596754,0.09367468096950228,0.30416170204839965,natural
739,3.6510078339818297,0.04737814235899058,0.35963379056700223,0.3045409271955507,natural
740,2.389164527379405,0.03896948926764485,0.23825191389852457,0.3383955657011654,natural
741,4.478125438719225,0.010274856731377489,0.05820297739737134,0.1805243529065957,natural
742,4.278571481369552,0.1514168936418969,0.22048175397573794,0.39955834596666334,natural
743,4.097879978586082,0.058221802001165154,0.0,0.09955498927075744,natural
744,4.7944700648466805,0.11988213258512796,0.31805608325597384,0.2801199770181325,natural
745,3.2931234537370746,0.03242347889296769,0.3900172276958372,0.3733827312655946,natural
746,3.034338406361886,0.0804754301357124,0.365563938069503,0.22344650391451182,natural
747,3.184381557591502,0.008427180119589518,0.22723167362485025,0.03225756300147765,natural
748,4.155892705364007,0.34680413298815016,0.0,0.3717110705528837,natural
749,2.3743164978898994,0.02191766333819649,0.11019063215397508,0.24076528821048412,natural
750,3.8403623339212545,0.025555913020802273,0.09240005906823547,0.3833377421747256,natural
751,3.9718676632540695,0.05094008813067338,0.004718187373609664,0.20646556145499728,natural
752,4.895848356737435,0.14174955726158986,0.1341930069197486,0.20043580087567936,natural
753,3.333560989999045,0.03922490665659251,0.13520207658749786,0.10674914490212606,natural
754,2.614309704999438,0.00855580231928771,0.09943142319498159,0.0724802230686581,natural
755,3.0710329745021783,0.013752094604543246,0.0,0.0,natural
756,4.78131822310241,0.03717968729039829,0.1319337523217092,0.029421190005911278,natural
757,2.843476185541522,0.0,0.30167358812083733,0.0,natural
758,3.3389237128315292,0.04474479681570441,0.23953015529558017,0.284890271050744,natural
759,3.098097394634309,0.004185181237389946,0.05715806497971235,0.15631229758575713,natural
760,2.952773024702223,0.03301833698484896,0.0,0.2063494275595411,natural
761,4.854146869248963,0.038989705245586544,0.0,0.6030286326706014,natural
762,2.323458005940056,0.010996349121851797,0.038511528713552144,0.0072225479821971215,natural
763,3.332341499671839,0.022604021670755342,0.0,0.09350908779454578,natural
764,2.67182086875392,0.02194818075569728,0.08126882044788979,0.1841479503963145,natural
765,3.06373901950359,0.2453722995061343,0.6226472006665661,0.803181111541624,natural
766,2.012422811762253,0.022294065921134414,0.3764569250004812,0.11362432490377225,natural
767,2.09358504701625,0.08390346332563897,0.21218317962783748,0.17942011737206012,natural
768,3.1856734781805085,0.03290601366549561,0.0,0.30980154308659064,natural
769,1.7169179282575802,0.07432889513133441,0.32106590557330994,0.2739099257600295,natural
770,5.528194618738558,0.24808722114401888,0.0,0.43032787649030374,natural
771,5.379436511583967,0.1901311914268227,0.0,0.2964561198469375,natural
772,2.872822742965575,0.010812347335500199,0.03541581788885634,0.24288873883375856,natural
773,4.508749046995021,0.036574557029223784,0.3544758884215696,0.3740131107021851,natural
774,3.2856246323571128,0.052172827620456254,0.0,0.3647138942018109,natural
775,3.5060376297328153,0.005250989253996662,0.004703324050920687,0.2722090008964759,natural
776,3.8355632845113052,0.003148660083274994,0.08311425979729326,0.1384939047555461,natural
777,2.66077504072122,0.03319790027771416,0.06328754165852132,0.17943160903097588,natural
778,3.2906670066988277,0.6872365642687919,0.3010627164509635,0.5600066807358121,natural
779,3.143325863240585,0.24816184161347019,0.0,0.23233997297708273,natural
780,2.8713959929757737,0.023196534112556847,0.1841576068266203,0.006897470980432795,natural
781,3.8087379575783293,0.12994660694754548,0.043719968931230535,0.5090403183154929,natural
782,3.0297264094011505,0.06813083549037731,0.5256884508669845,0.17501849378778492,natural
783,3.0406937048395117,0.05173267999282153,0.28669491761439037,0.03256854640943812,natural
784,4.649798530033114,0.005646895213955038,0.0,0.1723911842630018,natural
785,3.2735393874333805,0.025174152835533297,0.18633690767058345,0.1845628625804647,natural
786,4.05515878064584,0.039711580285004364,0.444994968803743,0.053666174476066815,natural
787,2.699229195380663,0.01644959792028727,0.36392774793687993,0.05015075761133921,natural
788,3.049402230645627,0.01919451638220913,0.0,0.004083796801026623,natural
789,3.165666959974871,0.021811817769872212,0.3021751987330434,0.5232206977006899,natural
790,2.8974736716562655,0.023222953055589888,0.04562954013191857,0.21883695582769055,natural
791,2.3807179393239823,0.03786514836240589,0.417384199906244,0.1996820417246059,natural
792,3.444728827109876,0.5789078952595644,0.13227724301662266,0.0,natural
793,3.5255831457839917,0.07577254982312161,0.0,0.1538594743422473,natural
794,4.063771531873921,0.018909437333296426,0.11196231381339411,0.44561236682043576,natural
795,2.9812864721532137,0.05994104999200815,0.43941476414659253,0.16786818970331435,natural
796,2.5567175299782408,0.10815804674123256,0.30886106342023384,0.31333644304087743,natural
797,2.297231129219224,0.002784268765030309,0.0,0.184361606374576,natural
798,2.886343313332396,0.20074696177862583,0.19381488841487385,0.2992225792685483,natural
799,5.329176961711989,0.05929862339143173,0.12582041682040426,0.5639739339782645,natural
800,3.3771450945317034,0.368600793344102,0.29396569674756146,0.24756433652700022,natural
801,2.0637749769705023,0.027399449006839143,0.16056798018565716,0.03199685878789102,natural
802,3.273089711421822,0.010007574146157692,0.08118643450006241,0.1747896534785367,natural
803,2.2228372048003773,0.05193825512972575,0.4634775711632612,0.3057255806037506,natural
804,3.172407407811953,0.0830606783914628,0.36394978930768274,0.23934890609580145,natural
805,2.941537190687738,0.5321189728953657,0.1527719103982947,0.15234953421544387,natural
806,3.4065612332239508,0.10349343846188533,0.2970357645164619,0.0,natural
807,1.8435989135205115,0.014466377979729082,0.029936281646364006,0.1806818825111942,natural
808,2.6156024615610542,0.22193916226701627,0.16954803877314456,0.0,natural
809,4.432701732434909,0.005379794270235102,0.031074352524318796,0.04038890264357954,natural
810,2.2000037700241193,0.030515651210169855,0.3053000358961049,0.2540147452477821,natural
811,2.225039572996424,0.023575686166429383,0.2599379774993464,0.03795441033739215,natural
812,2.8486283576588693,0.015587036237157043,0.011898759179004471,0.023715249155891245,natural
813,3.8060515505517842,0.08108222406616448,0.12946004897717084,0.33142016086877135,natural
814,3.9193634253196175,0.04543440888271359,0.1803761185230568,0.16194741778272573,natural
815,4.427412914844382,0.018380143798897818,0.07317936130674405,0.22751446296102712,natural
816,2.5969675791008564,0.014302151731661435,0.01974613381856347,0.24731080288900817,natural
817,3.4465364698757854,0.07643717611724203,0.0,0.0,natural
818,2.697777980530377,0.029451204779581776,0.0,0.19033206440465877,natural
819,4.504710484054598,0.5135604217943373,0.0,0.37416516352382906,natural
820,3.3936792212881732,0.03403236208868833,0.34761535019016365,0.2544951104291829,natural
821,2.8498612562540933,0.010822528450007357,0.1499991109384137,0.1378778519223956,natural
822,3.74478711974858,0.01680783309659544,0.1048036399569648,0.22205055594947834,natural
823,5.341986188569026,0.23185189072847143,0.07099919008392472,0.3006014025254929,natural
824,2.334354603733966,0.05839207329848456,0.3546849175478332,0.11729924349975006,natural
825,2.185104194404882,0.02965852452479027,0.23623039217574654,0.19181061920948808,natural
826,2.5300668833383098,0.07531487108628886,0.22683998763907384,0.22374592174433083,natural
827,2.792222918836892,0.04005396184690745,0.3500672629060441,0.27926094767981013,natural
828,2.801748953800793,0.2620528880195864,0.12920904604382044,0.06027858862392329,natural
829,4.008300106476031,0.04125178480737849,0.5622714265832126,0.16787687661602513,natural
830,4.108089312034149,0.07694500727059998,0.0,0.0,natural
831,2.7456175563699,0.0642548114322537,0.08183747938817992,0.08628634270186687,natural
832,4.032422394465907,0.02289110315936848,0.0,0.289155138734094,natural
833,3.892002928979009,0.23747858008662398,0.021729632782079684,0.2789507547267884,natural
834,2.196003319859022,0.02207882497450441,0.04320849495289159,0.12249042416497978,natural
835,5.331513002499687,0.3895421768806821,0.23627604102931418,0.21854322529276624,natural
836,3.2609789538430713,0.024452566356304342,0.1701908981762382,0.5731087618239086,natural
837,3.3177012811339006,0.003927541052941923,0.3040327599111314,0.014266015883112031,natural
838,2.980547252865708,0.03376301525601671,0.20143491495750301,0.20835545456934773,natural
839,2.248511187141822,0.08855565720703365,0.11919899799369889,0.20042950717244062,natural
840,3.343036342056075,0.28569390565111097,0.25744538908282827,0.09308994039177614,natural
841,2.2957764128905245,0.018717052773006046,0.2702145811105417,0.1459563043778914,natural
842,2.6269511716710006,0.15949560086348127,0.0,0.43413001948576385,natural
843,5.1652849797820695,0.055908639269397535,0.27792832412364477,0.0,natural
844,4.04950365630057,0.1595543058017196,0.06064896187952435,0.5332144851745215,natural
845,4.244251007038339,0.10090558844165406,0.4028983320453937,0.11124264761622114,natural
846,4.698233933088441,0.07742819429246962,0.02528078099843353,0.6349416642097698,natural
847,3.5787675159042016,0.008751231085345599,0.0,0.21157734387523783,natural
848,2.091816567960979,0.006085644080353748,0.12280241768256901,0.2747221672872105,natural
849,2.2584100387994495,0.01639004410302287,0.5086431026495435,0.026666603491094457,natural
850,3.615932097803927,0.182622668264157,0.22718736765959635,0.2387610535208914,natural
851,1.9765971229372175,0.06492096523531238,0.0,0.2898049265293527,natural
852,2.718888213157857,0.10779004184874019,0.0,0.2745400890351076,natural
853,2.8714356141210113,0.015953878735760242,0.11112672975532475,0.14138448530944794,natural
854,2.5715315912818553,0.010097389079622264,0.3940713707232534,0.06026292449725168,natural
855,4.507207551018185,0.24822211774922345,0.11296395059295584,0.25503043888696036,natural
856,3.375862227996127,0.011013253371492913,0.08837807853863643,0.0,natural
857,2.9911687268392244,0.0,0.10547625998582368,0.06653986242510007,natural
858,4.234502021864067,0.05012963967409389,0.19054245003208442,0.13704563374075462,natural
859,3.097241196386307,0.025874933378498156,0.07394673195176464,0.3429316133257284,natural
860,1.623691842109225,0.08291415686749426,0.44214674250265995,0.28548048638437873,natural
861,3.261276480591501,0.04229891638042167,0.019777270747045564,0.04439070663247418,natural
862,2.6540191586189827,0.0907502388229453,0.4385287685259587,0.280280215160135,natural
863,2.637974286153542,0.023922810875273107,0.14861439939292911,0.2773978586812517,natural
864,1.9300163188148398,0.0793508639942714,0.306349749747182,0.0,natural
865,2.8821711635803395,0.472029349394019,0.25038129749671295,0.3887847366197654,natural
866,3.254574679849375,0.46036993220376504,0.21417014937659462,0.2597628045181433,natural
867,4.156957767732717,0.007312823467343985,0.07005370976030471,0.3004291046344622,natural
868,2.9422804411226577,0.01586155827877408,0.17541961281950613,0.017466784746668806,natural
869,3.8593486875560084,0.7019241224234226,0.21132476685219662,0.11910099129950316,natural
870,4.686418322151934,0.20132261432273052,0.235534905260786,0.0,natural
871,4.633688690674787,0.00037673680348720084,0.05219989906781255,0.4448809514180681,natural
872,3.530242192262346,0.4473259002003162,0.0800646834467077,0.2137193365951524,natural
873,4.575439015183541,0.05769668735108839,0.34706669572300736,0.5988293351116032,natural
874,4.430226202291644,0.3023033154318435,0.0,0.3545258241273512,natural
875,3.828082805633861,0.2589473045595864,0.4164832215211539,0.37309013304862604,natural
876,3.0870527378167507,0.32273072227896527,0.23893919716378026,0.07355151702720686,natural
877,3.092806300174348,0.15723290811596458,0.11721644337400121,0.0,natural
878,2.768043093483427,0.03588313278278064,0.09716540772182168,0.41600501656645095,natural
879,5.207762593790596,0.08167062707953131,0.0037929532545024364,0.4503781362161385,natural
880,2.0594034368318277,0.0445627280497663,0.15435215136839753,0.39163860988476346,natural
881,4.5574379453430325,0.041231854397486285,0.3285152769772325,0.23555471100282802,natural
882,3.9873655968586723,0.132773850489456,0.0,0.01460611387847396,natural
883,2.0159872104481473,0.028712840604665727,0.0,0.11054369878147076,natural
884,1.8872194197834045,0.09847179716043719,0.4706703009752089,0.43309490937694395,natural
885,3.5161371586360723,0.2691531649206881,0.3274285009778367,0.0,natural
886,3.6052947234141812,0.14239705660602583,0.07320283587057058,0.30241018897557326,natural
887,4.101043064903838,0.06693362647319148,0.029490815242402775,0.22294844437751832,natural
888,2.3606354741976086,0.017396326932910766,0.17894303080925222,0.15124672815216653,natural
889,4.830824855597217,0.0269490675353922,0.058697958616060704,0.4040025804076805,natural
890,2.450418975951001,0.059924374509840284,0.1825710989256194,0.27309220936376405,natural
891,4.230351413614517,0.1425313527599512,0.2277507123491722,0.3159009360503373,natural
892,3.4037068802702093,0.7469175552652492,0.0,0.41963182422384104,natural
893,4.376487346452059,0.06618063331607446,0.0,0.6763276068862277,natural
894,1.8252371815130024,0.022710139654978784,0.14432209590914086,0.10546856815108827,natural
895,3.625757416474248,0.030088083864259662,0.05295235250777634,0.2569149293899068,natural
896,2.3773587320096685,0.22827955113146786,0.0,0.34444312653445713,natural
897,3.6069999246511992,0.03700437554024395,0.41742606254059844,0.17728102871376147,natural
898,2.6722850189904963,0.05508625618102466,0.13249128773220564,0.22293882001733736,natural
899,2.9775772762832533,0.027570514703518154,0.19453151992512033,0.40827176483064187,natural
900,4.99796455097402,0.06876660063545148,0.33361356546071064,0.0,natural
901,3.6747981773769407,0.014920896580770846,0.0061827786038906665,0.1336868559204127,natural
902,3.1751094376271727,0.010757064694452262,0.15084538542053227,0.024727780810783976,natural
903,3.0586785841402095,0.18624311170916877,0.1273935711568457,0.3437863066643672,natural
904,2.8188964912360914,0.018179433737389877,0.24429507519455954,0.31276861437955505,natural
905,3.3981154755637255,0.007763414930334135,0.15024843878096594,0.23543124244502797,natural
906,3.026605212489648,0.06291750011713058,0.19309443278592386,0.10868542137766696,natural
907,3.455807584845203,0.6599615736365525,0.2928372515161757,0.1840841041049888,natural
908,2.8556487432061153,0.029138865540411004,0.12155246201388055,0.1597776760269065,natural
909,3.508505947055,0.28628102590756316,0.44385288409001167,0.38188362268513387,natural
910,3.82305138278026,0.18121986597828177,0.3342820818240091,0.4824309166116938,natural
911,2.2362973089154288,0.03548845569411794,0.09389443268406909,0.23928966152325612,natural
912,4.095302018037052,0.22554585827718124,0.0,0.21313882607931883,natural
913,3.9673566860017124,0.014601897972779502,0.3835367096811367,0.07277663337809123,natural
914,2.8696669680180205,0.03332570196338689,0.05170421556930205,0.37162123487124804,natural
915,1.8969981675783874,0.04626017526142154,0.23202743521601946,0.3948263529714904,natural
916,2.5465629805584946,0.00839832164601335,0.14373158984249546,0.18882014807961675,natural
917,3.0337649465691476,0.0937881038110819,0.1761018780134737,0.039241100557667184,natural
918,3.2699802749704032,0.061233769519454945,0.558501296443594,0.11043636249419406,natural
919,3.1697594014063015,0.0789614819105231,0.20064945640710674,0.0,natural
920,4.328725799187797,0.04410428000343969,0.12644430594009048,0.05977563410391984,natural
921,3.8547440932979478,0.09147940568165763,0.0,0.3135546559058657,natural
922,3.2219508162627055,0.3873560986988549,0.1090587621140319,0.32103449299404035,natural
923,3.8354628039500285,0.10127411425798208,0.2551645495878688,0.22719522801500505,natural
924,3.071516189024209,0.03322556975418027,0.0,0.1191199453377453,natural
925,3.6796626548086806,0.32644330296061713,0.27949296310383864,0.34726023347197094,natural
926,4.997072751612813,0.09369187730773376,0.057820776733638,0.036401455644388146,natural
927,3.9311914507036985,0.2738052570303587,0.6762398997402947,0.4021699328331772,natural
928,2.596322016642995,0.04078324412717695,0.09742861439236762,0.022719515030358933,natural
929,5.059489896710332,0.14744633162964274,0.26870201407848493,0.1417881796403082,natural
930,3.5016794175780728,0.011442913109461685,0.27981919301085695,0.09295245464863726,natural
931,3.4571344672431783,0.04935762493000696,0.13282916138804343,0.2558577855448725,natural
932,2.753746833127363,0.026205559343878273,0.06927327751353271,0.0,natural
933,3.765878740821846,0.02630713957341999,0.0,0.04544640195503004,natural
934,3.4756381256975293,0.0,0.2894875682485898,0.25449930174311747,natural
935,2.579394367154026,0.008518331115205363,0.0,0.17049979404819504,natural
936,2.40913195997511,0.08691565090177786,0.19254334286372032,0.0057091135959419495,natural
937,2.3844299007698013,0.029654009326574762,0.049101347038390794,0.259475916233448,natural
938,2.9554039578043487,0.07312329871196027,0.14997362556488075,0.04293676972152021,natural
939,3.335728668872762,0.4351016024672962,0.4877343530546617,0.0,natural
940,3.377596236358364,0.06583667134432354,0.22177515852325877,0.06722543084185845,natural
941,3.3880517708287368,0.02603936427052911,0.1724580895831953,0.5071346634206743,natural
942,2.176446085520851,0.05246833571820174,0.12026866271843341,0.03945571571663411,natural
943,4.241393164596446,0.373862440125515,0.06770340733003599,0.055979893784626866,natural
944,3.5446938592268715,0.11627339095753353,0.06417745687986524,0.23981412762449147,natural
945,2.338649108295968,0.0434269090081008,0.02826292592537709,0.060949337964071815,natural
946,3.491172697747181,0.01619568781089276,0.490945064188964,0.062434256862523435,natural
947,2.596097705968204,0.008359124702556188,0.03914339208860911,0.054002382574241975,natural
948,4.442923017967444,0.023456180997623956,0.0,0.0,natural
949,3.4308273318895295,0.05385891137184007,0.21238987891425884,0.25098304100901253,natural
950,2.682770787827247,0.059620412129074936,0.1928132573171869,0.21287426579338567,natural
951,2.685118880568888,0.0195103039433639,0.16897561153743498,0.0,natural
952,4.678187660218669,0.038621781624831236,0.10019504297160442,0.07193447587705835,natural
953,3.0546730427391737,0.046227900411599916,0.0,0.20678149845644725,natural
954,2.118110551614111,0.00726253613706391,0.3058170970297185,0.08785341227127155,natural
955,4.136167306406664,0.08650889659707663,0.022667930006905843,0.258695903965058,natural
956,3.042777143766024,0.04996509112472184,0.2030634799037322,0.0,natural
957,3.9048396438335518,0.35203179285922376,0.15639534158197863,0.4593154908499159,natural
958,3.1163358857993146,0.2017412297812826,0.19596397409010863,0.05942297664104385,natural
959,2.3958325570256216,0.02376965840620142,0.06374622336951327,0.03647351269859278,natural
960,3.1346312567592847,0.02438104203747565,0.2545662130526108,0.1413796327065961,natural
961,3.9547392339727505,0.12190824911647337,0.4247228316444378,0.21115742658311318,natural
962,4.367830943774395,0.03549010813662405,0.2903402738484499,0.4144992207066738,natural
963,2.4141108172296213,0.024722603131854388,0.18474381212959298,0.12912711089403925,natural
964,3.4319714319918515,0.0,0.11891546357160963,0.24984020049899955,natural
965,3.4377507071034263,0.07223386136668226,0.183150921748772,0.11586323920217023,natural
966,2.702751052619058,0.04419469549213092,0.17627116464608567,0.02249600827797829,natural
967,2.7652948298159132,0.058427585930294484,0.09194670594074288,0.15737572131765373,natural
968,3.0898483447389586,0.02144786718148834,0.2240795653422965,0.29362149806678484,natural
969,2.939401219328664,0.026711838096216356,0.23826639546309342,0.008146058806166014,natural
970,3.9139668876276255,0.01991826985839098,0.0,0.2554217724486179,natural
971,3.14238926924536,0.00026431982232194795,0.10593993934777822,0.2285717936285277,natural
972,2.7504699451713597,0.04875338048026506,0.24358717713759853,0.04535186704826016,natural
973,2.1774501078754254,0.06487179689517132,0.3088514262645699,0.08748092037336132,natural
974,2.9229813093585033,0.014334464904655276,0.07567280009320887,0.24058016189258952,natural
975,3.132956987019564,0.04586743259291179,0.2008990584957941,0.1574045195352924,natural
976,3.5659765271401778,0.04425508976032839,0.10547635178093868,0.21961197644876682,natural
977,3.0620803928458713,0.09958929195114458,0.24325820550212823,0.0,natural
978,2.94978180752346,0.07331989973660577,0.2687896183193913,0.2901069843047028,natural
979,3.785708960082868,0.009328931151353942,0.010804539189745216,0.17162181998549145,natural
980,3.4022203754860385,0.19970961063268408,0.14482739517316043,0.03337771448042164,natural
981,4.27101427460643,0.1992889300676285,0.0,0.1982101278908482,natural
982,5.013200828912805,0.0589406412277604,0.0,0.23520527123966226,natural
983,2.444576497288101,0.005703458298046931,0.25377608617319575,0.08288263476462363,natural
984,2.298790473575248,0.03879880140326299,0.14807374063638348,0.2332512080897855,natural
985,4.189110776137013,0.15849792607072033,0.07899228512237777,0.614238088327735,natural
986,2.9284641404952847,0.006266980171036004,0.2802074188684256,0.22182907820815417,natural
987,3.3452679651787673,0.04379623425270362,0.26989242003237246,0.11100774664563454,natural
988,3.3117835226695234,0.09100979580485065,0.08478831594199733,0.5122661557866396,natural
989,2.247279468371357,0.004028570865617383,0.08893039996116638,0.015083317450371498,natural
990,3.6466368852372724,0.4586759055143275,0.3008089211883964,0.9797515199784289,natural
991,3.5199404169839137,0.13811930076987766,0.15308817424703744,0.722262732771282,natural
992,3.281143434017726,0.022345059287659282,0.07675762674125844,0.1333199977398131,natural
993,2.4506484240414657,0.022097867497541272,0.2616717197220026,0.35211650605848294,natural
994,2.2129513551053877,0.018369620434116725,0.4591645993337251,0.13572855966868563,natural
995,1.832883587529874,0.050673899574012034,0.18169643479655273,0.19340283306452374,natural
996,2.525860912577061,0.05911159709386489,0.5065335768026628,0.04394173441734318,natural
997,3.1221974129601535,0.12309277737304933,0.2054436820031636,0.0878883730666881,natural
998,3.1430564279172675,0.11908632017080917,0.5242547597516799,0.6128665091966254,natural
999,2.995928986724464,0.08067662664373565,0.5100207314158518,0.1620634740514181,natural
1000,3.878294204295325,0.28995402177880697,0.14880846243349896,0.5963351796382148,natural
1001,3.899153112552446,0.18604910390629578,0.0,0.11317075900198117,natural
1002,2.697314472091566,0.3396340719583726,0.434535720019107,0.7383314804709848,natural
1003,3.9627868736916723,0.28498804175208475,0.2441014191534986,0.41606236281948317,natural
1004,2.8834227882083963,0.0018819994366166231,0.20117393287931334,0.08808416106676593,natural
1005,4.840089464394877,0.21128879418272176,0.0510714614579459,0.3872705206394809,natural
1006,2.7676227727646943,0.04031459638463332,0.2139900391912433,0.11512099473580603,natural
1007,3.336542330981378,0.04396632128055921,0.22676381794529676,0.2784731503141401,natural
1008,3.2393575960350547,0.021928580492279852,0.02979099460234216,0.04648928928524793,natural
1009,2.9336697154867237,0.003524386300202486,0.18727679580864948,0.19800737160599738,natural
1010,2.11241754466268,0.011039324555406717,0.059397538061841504,0.10558321405018992,natural
1011,3.633650675940039,0.08187665719223569,0.12759639402178793,0.27718043712887785,natural
1012,2.4217924758332257,0.0,0.0,0.3995069294890213,natural
1013,3.5371091790693847,0.3902971741837669,0.2162962978900009,0.20388593598309673,natural
1014,3.0332753011717752,0.006626190084359025,0.16428688951326978,0.20936856332040357,natural
1015,3.928312674629824,0.4413074723087907,0.10045151449423875,0.19719837171900367,natural
1016,2.269902333188923,0.041539257714830094,0.03394692815671679,0.10891904992782095,natural
1017,3.9627252302160194,0.7734316148194982,0.12325268268582205,0.4132440367568021,natural
1018,3.4684249049821236,0.06091534752558014,0.009174567202524436,0.2610716899519003,natural
1019,6.028800352078686,0.07473791936895315,0.1260658528392931,0.0,natural
1020,3.243600696107923,0.12199818253609225,0.11628826027620569,0.37016481738881124,natural
1021,2.8254723737043412,0.06557824359391208,0.5833424837855686,0.34991714896975107,natural
1022,2.706075277080375,0.0780578493938283,0.13225358468989915,0.0,natural
1023,3.8156380034672215,0.029464309183469293,0.3008058682898668,0.0,natural
1024,3.0989786991649493,0.29075018010913134,0.8142582139034633,0.25424843573500416,natural
1025,1.8806929637438956,0.02360777683477159,0.2597327527241714,0.0,natural
1026,3.4688738316979,0.38956573569401265,0.0,0.6040171767920549,natural
1027,3.3928915437586302,0.03892878681773852,0.10067099204588141,0.021866744012879913,natural
1028,3.5513458832253324,0.0021589332848974533,0.1847055798900994,0.09825320633792843,natural
1029,2.4208573972873286,0.03172186986456476,0.19270245219444718,0.19121528258156634,natural
1030,3.7647055741645197,0.00872911320870295,0.08317484156208717,0.1436462670556756,natural
1031,3.6779393022135496,0.00892371268424498,0.03199272521966328,0.2305399971429224,natural
1032,2.8276845987787653,0.041730107960345916,0.1432321768779341,0.24305421968898977,natural
1033,2.416501455644447,0.00612875131670692,0.0,0.08457799200351104,natural
1034,5.080144609320136,0.016407401558876746,0.1452451275102941,0.10531589034512392,natural
1035,5.034486002873718,0.21147293753069976,0.13707986669570205,0.3157515453511659,natural
1036,2.911636531920299,0.027101389825206417,0.14299440563908347,0.2137636047067685,natural
1037,5.986190344404812,0.18287561571152358,0.13382065467716492,0.03537537767862238,natural
1038,2.6064628296847108,0.025554953101080868,0.26100358547094976,0.0,natural
1039,4.347241043625517,0.030824005018088883,0.0,0.052323552940190435,natural
1040,4.782225243667696,0.17030780544172353,0.29953632451712653,0.0,natural
1041,2.4463047204559683,0.042009007147873506,0.22159668242797406,0.2085096449303138,natural
1042,3.3781975559655026,0.02386910766360663,0.0,0.09357285925321106,natural
1043,3.136728258252655,0.010932869312107176,0.16928677848237994,0.2748531424265789,natural
1044,5.259062701247337,0.13406322078466676,0.22193335488988458,0.7850316855795001,natural
1045,5.240840412695826,0.19954450758501274,0.30815639072541906,0.07795985778414963,natural
1046,2.7898210273034536,0.022938688735814634,0.28531342242230856,0.2543330039620832,natural
1047,4.239302236887649,0.015886273932439972,0.010643994061291684,0.2166534972808237,natural
1048,3.569737260909198,0.14983370824846695,0.41745184085297105,0.2834010999851776,natural
1049,3.9111252989323226,0.08349940091882296,0.1903047123232921,0.11830797761990346,natural
1050,3.6702922284555823,0.21244115619196483,0.11836732114538173,0.03788113457536817,natural
1051,6.142097053989699,0.012501027001097047,0.15791976505558794,0.09591760605323248,natural
1052,2.5050098352745795,0.015130971361324314,0.2219830279308778,0.1878336856015374,natural
1053,2.8792880206289904,0.028679459100062355,0.21905386918909886,0.32384850600947146,natural
1054,3.9328806474084304,0.05939299974171666,0.40370017467450225,0.27557289333681434,natural
1055,2.5882510907713105,0.06863499542747088,0.0,0.17462707200692437,natural
1056,3.213862993470639,0.022364782278644104,0.0,0.3859778819239122,natural
1057,2.5243168050484845,0.03323969780034994,0.26038153981664625,0.06665211831885273,natural
1058,4.348656857200241,0.36335370640840975,0.16435761216305242,0.11362158268822314,natural
1059,3.1251170979582445,0.3507305898764948,0.24674217079994415,0.14063288106573213,natural
1060,3.0437374964484274,0.27381304588536226,0.2351098675061838,0.17743443916524868,natural
1061,2.9458775529999945,0.05290126923321792,0.3147443168724771,0.09091411380300536,natural
1062,2.704249843830277,0.029639420625694253,0.24406672344853367,0.3232383999515141,natural
1063,1.685635270431991,0.009332252050398962,0.19804885081826676,0.14649172749620376,natural
1064,3.1601708079091395,0.016751887636072566,0.0,0.12106110295552547,natural
1065,3.7186835263600555,0.09162600932921718,0.25172117804596866,0.24417252838752881,natural
1066,3.246808029842056,0.1538724510454882,0.3922206842714462,0.6270176778519116,natural
1067,4.371989893903252,0.2309163044609356,0.21764510422344702,0.30612967553521675,natural
1068,3.829915753212693,0.0,0.297465544082071,0.5479965389234168,natural
1069,3.763953932958643,0.5349900247687852,0.0,0.2689045751626723,natural
1070,4.312930978410642,0.010228134141624979,0.2654589132840549,0.28760878773085796,natural
1071,3.1106567289606555,0.02947001024885475,0.2213888623005225,0.18075030466119396,natural
1072,4.218198940372931,0.3206850585199254,0.3355175705173226,0.37553033884753045,natural
1073,4.315339490614773,0.22612336938881208,0.268553881085995,0.0,natural
1074,2.7763288181008408,0.38097271303656627,0.7570784426795584,0.15150379096127187,natural
1075,3.3727398303531744,0.1743891103553045,0.43118628118287056,0.30592473204786674,natural
1076,2.1906763428993155,0.004967919114012831,0.1005274981850571,0.11771779731760737,natural
1077,3.4848819504753945,0.019469588222471843,0.26314859515906003,0.3137307413363669,natural
1078,5.042202300136139,0.05193049652081659,0.0,0.03867740917032731,natural
1079,3.825347151292171,0.011831418801659369,0.20288427939007997,0.29422129336153924,natural
1080,4.622901530686633,0.06486194723332772,0.18403873402586937,0.6407119994765051,natural
1081,1.7630388624059885,0.021602127767937854,0.10820497843572649,0.10530768285966814,natural
1082,2.868136772998234,0.035433295924051506,0.020884263199100188,0.160078895990228,natural
1083,3.8349196512328465,0.019988868569588064,0.146367992537694,0.47018051467128985,natural
1084,2.244368275750295,0.04781621737097095,0.15326872009752593,0.31197638791441373,natural
1085,2.7340667446339317,0.021999121699984935,0.3498819901949126,0.10608273969536818,natural
1086,2.9425552391440344,0.06107151276420868,0.0,0.37536193276380186,natural
1087,4.676710913700448,0.5507227679911402,0.40702763395354885,0.5006128673673629,natural
1088,3.4993535987383306,0.034151685968589585,0.03185762452910711,0.17604428449079843,natural
1089,2.973297221059444,0.048055804461768804,0.2324305078415141,0.2560373503722384,natural
1090,3.067929160404616,0.06579949746726604,0.48538781980214507,0.23076867928043798,natural
1091,5.412666996224069,0.18416607818133493,0.24804014829810273,0.034538505699085814,natural
1092,2.640004292039231,0.03601571227266866,0.061093826163236296,0.0,natural
1093,3.8025197581498897,0.5167028248741762,0.24537177657922898,0.11423775490883535,natural
1094,3.044350325817977,0.07025521786700448,0.0,0.05702033427315816,natural
1095,4.185379351081986,0.25316571816782907,0.10524241706897984,0.5670558438448263,natural
1096,3.3672598742120337,0.0013112522453891352,0.10687157967072394,0.17480990650927564,natural
1097,4.288527155740416,0.40412813041762896,0.1397467281707314,0.2301553904757512,natural
1098,3.4377735998984313,0.043076561272665764,0.02973398955218392,0.0,natural
1099,2.2429365720656453,0.01937559551986665,0.22439532488806144,0.1486712412781581,natural
1100,3.2226895474198027,0.036546079145471894,0.17591022517826488,0.06037573704727499,natural
1101,2.630217055899632,0.040368706117867525,0.09582084672366432,0.0,natural
1102,2.8548574774674766,0.08136168222708802,0.25542061883168354,0.18861696722934249,natural
1103,2.588791719706622,0.050640192950434634,0.006486992657581723,0.1788937017507037,natural
1104,4.510564404920651,0.2629908288847783,0.10556246254322782,0.1337161525263523,natural
1105,4.027811867786517,0.1783894253403951,0.16229100972558672,0.16923171233625314,natural
1106,3.0648407120229257,0.015850815228428215,0.027234284478036996,0.22769433544123502,natural
1107,1.867619036882044,0.031062916834241727,0.17585294927050224,0.06944332865060686,natural
1108,4.364179475450912,0.19823372737565523,0.19291729656416157,0.6614154596451057,natural
1109,4.68310353463685,0.015772208831374507,0.07131173988835013,0.2401600629550915,natural
1110,6.137142506934413,0.15237312022022242,0.0728701441002734,0.4581027874200688,natural
1111,2.700298762451687,0.04066249533949921,0.38039849058127356,0.08645657525839577,natural
1112,1.8370519298235877,0.013351218676926829,0.20570067076030255,0.07606297626964613,natural
1113,2.2214928783091334,0.014110910813430662,0.34456845540858794,0.14987011970123473,natural
1114,3.095457105710977,0.06555279489318735,0.34467799007969696,0.22518654461147877,natural
1115,5.819665887382944,0.3267243094002763,0.27325859010471004,0.0,natural
1116,3.0986742765928694,0.02364888348428144,0.12674782853655203,0.0974120320373633,natural
1117,3.6831694406268363,0.19303126691106112,0.22496129944859344,0.2370378094024651,natural
1118,3.7753088825413785,0.3417408693154055,0.0,0.6139682711847512,natural
1119,2.6684032939821765,0.0374549891820705,0.12130660703129025,0.4719116033830855,natural
1120,2.2376485382353257,0.02708128595646317,0.09885781564336998,0.20914334826637315,natural
1121,3.150976980878386,0.019331543230084788,0.1777486933888748,0.1879492251816919,natural
1122,4.052254005689098,0.20499087645252242,0.028562634779488526,0.2537976449583398,natural
1123,2.26383085457529,0.04107996563410341,0.1521074038669722,0.10158296629198078,natural
1124,4.690963459188118,0.1673779733225856,0.06542649138743502,0.5805162801266325,natural
1125,3.4651714422970774,0.017333315742132975,0.0,0.21251430066104834,natural
1126,3.0035222740633474,0.2508866624270148,0.2928431749185717,0.3423241510682533,natural
1127,3.1518825798111654,0.018770841640256095,0.1399463532165713,0.24395637078631044,natural
1128,3.0458978538129453,0.15984209334398508,0.10063055889719288,0.05500484154458047,natural
1129,3.8075667877366404,0.341137196631428,0.30286032505508326,0.15911803971594804,natural
1130,3.1622228417575604,0.04430458236353887,0.030649173059591747,0.2722514821895222,natural
1131,3.9279696354747173,0.05055793617301825,0.4452908692015101,0.10246129351578621,natural
1132,2.812229202573543,0.009355338749708597,0.27773179729590025,0.09895135667943451,natural
1133,2.9169632064894704,0.020403835237583746,0.02987734192575795,0.09319346164884716,natural
1134,3.8981371934650553,0.020457415566313128,0.04247388905014935,0.12161548835663383,natural
1135,2.2840960593600292,0.01365897030156399,0.24297364449111236,0.18213570238115823,natural
1136,3.7607339015647394,0.007583304125247863,0.10531216304721847,0.08180483904669762,natural
1137,2.698759501968812,0.05457463702072341,0.339044701277108,0.38478580446445526,natural
1138,2.204022091123687,0.034610346879988096,0.41389039701779334,0.18217695274561582,natural
1139,3.2752405272166625,0.08154320077197608,0.2405487185568521,0.06358220711897088,natural
1140,3.230732756264521,0.05581948729221731,0.26806875520250684,0.23460976468085787,natural
1141,3.6984224628403077,0.021972538927947854,0.43835312413653427,0.2328171351997005,natural
1142,2.7974004442892064,0.04512829726875834,0.47814158720462124,0.2978823584003475,natural
1143,3.5878904879286426,0.10868403686307293,0.2500289227967766,0.40467607719462295,natural
1144,2.786872409989112,0.0,0.09514646491902415,0.3945655250833578,natural
1145,4.29040995626625,0.03663210665741933,0.10816051066876821,0.5645626379582427,natural
1146,4.600377788232937,0.009202099380615471,0.3007182221223227,0.0,natural
1147,2.585253750878914,0.03384784609166783,0.21516692759819414,0.14276228001188415,natural
1148,2.9896189787409613,0.010758886055167024,0.1604814251081225,0.10551789767702786,natural
1149,2.5338214831933454,0.11366419698629268,0.0,0.07589949341813279,natural
1150,1.8509653931918753,0.023633298579850647,0.2581399188133332,0.1504287598906193,natural
1151,4.017265255814573,0.0597908760296357,0.36271918864519115,0.3750570536366874,natural
1152,4.21175201128992,0.005891725396076937,0.0,0.25430250473558225,natural
1153,2.547491561723612,0.007394205814278163,0.04268689067662548,0.3117766383883052,natural
1154,2.611826821962075,0.29347234563469177,0.007697628455046533,0.3865033571149971,natural
1155,2.917102801232095,0.13463881314708664,0.31875511878342483,0.16408533329649652,natural
1156,3.197254923604218,0.03584566228746791,0.3229533448479908,0.19094494758735894,natural
1157,2.9581751237116065,0.01869884971076981,0.15782752041019016,0.2578192433750677,natural
1158,3.564620949595205,0.24764876777405148,0.05518289191621895,0.3512073318889691,natural
1159,4.8504783346720854,0.21207869882825786,0.06988733000917097,0.0,natural
1160,3.2837290557607988,0.1979748288801423,0.0,0.1505577990765774,natural
1161,3.687020054238563,0.0709382896469041,0.0,0.19551927636166316,natural
1162,2.039841710941061,0.0319674611397242,0.23180499177650543,0.08059227735292011,natural
1163,4.0109062474768145,0.04756335355568789,0.17631490343477185,0.12082296373599202,natural
1164,2.7749878600509126,0.08107835862498304,0.017055401747178574,0.18581609765898574,natural
1165,3.574518015043593,0.1138531693690198,0.388289252804047,0.04405315245476546,natural
1166,2.491001436842673,0.011851592629750678,0.13453675003095564,0.2539386600227002,natural
1167,3.1436582675282163,0.06779384038349605,0.3234724620860048,0.05064610473766259,natural
1168,2.266396303407454,0.06065418787005946,0.06394783465516184,0.19634813528115055,natural
1169,2.5222329033395785,0.012600066754523288,0.11060167782701132,0.05724015684399269,natural
1170,3.026757926290844,0.06037759879320058,0.1473713525790571,0.2568425914323109,natural
1171,2.5545325968424892,0.011933228244301547,0.26007591950856934,0.014134618730161983,natural
1172,3.1111471877495984,0.019152429887578447,0.2652798527664412,0.204258734336221,natural
1173,3.068129157368531,0.016841938274686247,0.3674409386210054,0.20704712790202104,natural
1174,3.1234372422310552,0.009764430668948072,0.43608222077611014,0.2070145359064349,natural
1175,2.466118588506654,0.4001557858286261,0.3431251896649332,0.0,natural
1176,3.321671389607464,0.016090476465825967,0.0,0.17007647682585308,natural
1177,3.766060936670943,0.14543757021355164,0.1008905359260039,0.05348372621255113,natural
1178,1.7801954345920015,0.3251106894931671,0.27660755447543806,0.44860417851372647,natural
1179,3.851457879869503,0.01862400811784074,0.17679456154207368,0.0,natural
1180,1.988650972938528,0.11509324017684042,0.0,0.12963380573689454,natural
1181,5.106317821580378,0.02683933870708027,0.13454829739030194,0.7158450874873393,natural
1182,3.898351253933624,0.17512925723219766,0.3443476233546904,0.3539804087039951,natural
1183,3.797565405673797,0.05151638429901815,0.04279465018197129,0.455301714709723,natural
1184,3.863493243539077,0.024122979356308746,0.2984156476527359,0.2666550997123907,natural
1185,3.049092886088067,0.00922347329996106,0.09622450708773564,0.35083694480903294,natural
1186,5.091712890027772,0.3766101019324216,0.3097692456766799,0.3395601499711577,natural
1187,3.56754295227354,0.013653456477323401,0.327695274446684,0.5809459371977139,natural
1188,3.533335406024774,0.11884736267866935,0.2666373410406814,0.0,natural
1189,2.979327125245556,0.07921784696296302,0.019935679134522145,0.28291446771622264,natural
1190,2.546807849010066,0.06650725640121954,0.19159920048261644,0.17165376366590754,natural
1191,3.323937255882214,0.09285493095319909,0.500761745724671,0.0,natural
1192,2.6104635543435957,0.014303269332228365,0.16244889949393934,0.13557524474288157,natural
1193,3.9227719480158236,0.007151246467879199,0.12186985422219904,0.20390687115408757,natural
1194,4.286529326158841,0.33576117118362087,0.2858326499904808,0.019809947923843503,natural
1195,6.327663490719257,0.12577944637763477,0.17652967173428236,0.7274609173622485,natural
1196,3.4129608474973954,0.2525080288503572,0.041388331207162024,0.0075966468950236215,natural
1197,3.2380390576944595,0.06156451312934432,0.09033446416198267,0.006281545760810671,natural
1198,2.1685705842364653,0.10885651340831104,0.0,0.11623550155749152,natural
1199,3.0629597268027453,0.029500978040707216,0.0,0.15139061280858637,natural
1200,3.7918823764802054,0.2683084735248341,0.0,0.5055289185965676,natural
1201,4.153083743561183,0.01107574047542107,0.2642897417977607,0.30331857624250663,natural
1202,2.6119574905459966,0.12658022012016318,0.14985757165634814,0.053059442820405076,natural
1203,2.260792861229662,0.003960037932738155,0.0,0.3932906317457546,natural
1204,3.50855591758443,0.20560799606109667,0.06276372775040392,0.527418571797046,natural
1205,2.7316487624777337,0.04525708455061376,0.0947601500801313,0.11662678301210497,natural
1206,2.661592139589781,0.024374286595926678,0.056576954740160515,0.06065390180857235,natural
1207,3.939634726894607,0.11969754064709179,0.12620418639592226,0.0,natural
1208,3.7726988474856666,0.057316070017900685,0.04057525925046478,0.0421964237778466,natural
1209,3.877284751875495,0.009405676238641629,0.07395566448079714,0.14113684874617283,natural
1210,2.8869190252012973,0.016066105047378054,0.1397462764728739,0.20024707586402385,natural
1211,2.6510757047286804,0.0200895690328591,0.12474882937925695,0.03484911792768708,natural
1212,3.1769080580541087,0.06811713080178193,0.4110870715411677,0.3840599037497089,natural
1213,4.49485130654703,0.04011962432386418,0.07753099168950364,0.025850034848214135,natural
1214,3.830037043719678,0.010604564969756387,0.07090061721631614,0.09859870982891099,natural
1215,4.140950358738977,0.03152844939362615,0.0942013887331981,0.0,natural
1216,3.9355210831474117,0.007435827577907485,0.20646798733578436,0.0,natural
1217,3.4458425190906494,0.026499201161148338,0.0,0.1443617881149471,natural
1218,3.7299909152930812,0.13867074048703543,0.056990576941418396,0.28450849633502706,natural
1219,2.5860156000846297,0.020583057447549694,0.23617130352164997,0.27717258742106504,natural
1220,4.039087486135386,0.5707866814556869,0.0,0.06459289503152287,natural
1221,2.0945902128342073,0.3549903728085142,0.027386389497626364,0.0,natural
1222,3.4564781283391293,0.02308216423198702,0.06456797032238071,0.11903243972082787,natural
1223,2.1657138022649827,0.01995052573992194,0.0,0.09546813939525625,natural
1224,3.609461187135941,0.2989179910770927,0.021085109888342862,0.08239731237887553,natural
1225,3.00435961628433,0.059331097354215476,0.0,0.15183053727536797,natural
1226,2.8814678683160304,0.020246597925143876,0.1582465335467698,0.26760717930770095,natural
1227,1.5055197040811477,0.01658916147219447,0.0,0.12837492695128616,natural
1228,3.611717529484628,0.04703146916791722,0.23690807678564343,0.26739544228581535,natural
1229,3.903814645029407,0.5922470159897135,0.11671548456954968,0.3730303951795266,natural
1230,3.147759956379784,0.01434276387878873,0.22375306976921322,0.23617181968335274,natural
1231,2.2540893027017397,0.04222175019506935,0.4088002813795039,0.10703968346547522,natural
1232,2.4736024297854495,0.021537312049112366,0.08261655511018391,0.14408590687966133,natural
1233,1.9580423608931448,0.015568957658762504,0.19603151960101423,0.0,natural
1234,2.557643247982423,0.015104377645915929,0.1472273091211022,0.18444014987170182,natural
1235,2.95883508249626,0.18865648142350255,0.7022961458820989,0.10879812327020717,natural
1236,3.023678580398492,0.02244284032802011,0.3616852055384047,0.318467790003104,natural
1237,5.710080219802286,0.25687684308710096,0.0,0.09163800127213306,natural
1238,3.3121389370059333,0.7701574824548932,0.4491987320388409,0.22857928872509314,natural
1239,3.729633829525373,0.032949806610902244,0.13113152309355464,0.24581989361391068,natural
1240,3.2248541180448305,0.23505950359622663,0.38224577375454916,0.1179179898771002,natural
1241,4.084841980075526,0.7476581318533615,0.4020371428225298,0.5306343009273493,natural
1242,5.2661652028114245,0.02385855357750755,0.0,0.41768613768117163,natural
1243,3.1346265500386132,0.12781429712626738,0.0,0.1843953373263544,natural
1244,2.1239769443515844,0.027476494095827794,0.08987927981843723,0.09223803220705126,natural
1245,4.380705560969639,0.011132997665848347,0.2205794606246101,0.299175267768738,natural
1246,2.3478402048863534,0.009675876065294794,0.07389952228791603,0.0028629257821056985,natural
1247,2.9687958728190726,0.5953717508937136,0.0,0.9636248493198629,natural
1248,4.389653832352437,0.007513354338720328,0.0,0.24941785374000516,natural
1249,2.844771722970118,0.2789537370758963,0.5103971811799191,0.10985259928726937,natural
1250,2.8983596479430105,0.027523307622941147,0.3671567421869245,0.38575586565487646,natural
1251,3.32426333593211,0.18474503243202206,0.11351517942302765,0.37831973078223397,natural
1252,3.6153980779024115,0.041348501235521105,0.18788512073475272,0.12094035855859639,natural
1253,4.258208594078761,0.01446829581623144,0.04047936848167691,0.2619189583905659,natural
1254,4.247755613008246,0.35197617640601964,0.15557668526305335,0.5253146539116329,natural
1255,3.2168664419149247,0.011245218394315937,0.14322880202753538,0.13410780986728338,natural
1256,2.4783714323976564,0.36033596931097284,0.02670696038943439,0.2766325063149946,natural
1257,2.6527670840699553,0.07132213418433325,0.17909804797725812,0.0335477072918425,natural
1258,2.9620746811621763,0.22018418726412006,0.4635451100566996,0.18757104923926565,natural
1259,6.47098003528488,0.16016713671953936,0.3117184764628121,0.17350928285814682,natural
1260,2.7865048835767245,0.022481268280844496,0.3550533786931561,0.29957209760778725,natural
1261,4.617068248702271,0.12852194032083739,0.2510637383798043,0.07424033571500491,natural
1262,2.825682897431212,0.4640997618010017,0.0,0.6344052564359437,natural
1263,4.205752080284557,0.0180926627245723,0.042123839097368894,0.0,natural
1264,2.739103813332481,0.3272464949481205,0.18147299820976479,0.10715609615025203,natural
1265,2.265993474046038,0.0681026712585715,0.028394520820207717,0.11480009849396318,natural
1266,3.9768660479682554,0.026689151475320173,0.1984984955711466,0.2209836758301171,natural
1267,3.542485856110043,0.022568813171248727,0.1333701051491017,0.21500200285695162,natural
1268,5.050823003771028,0.14718349090715982,0.0,0.20409629529347367,natural
1269,2.332593176115993,0.0,0.28469955638807753,0.21156377683582528,natural
1270,3.5190733016322597,0.1036177166780034,0.010450040594914608,0.39133689213466377,natural
1271,2.3931800117028725,0.056006368328094226,0.04874365148149872,0.3504614393620728,natural
1272,2.567711800505414,0.021693502213834467,0.0,0.07414577703094472,natural
1273,3.291998921249349,0.020655011022380595,0.3262682484308835,0.5896803579809409,natural
1274,3.3074682537271025,0.042605858737994495,0.09574016701268573,0.14179172953868027,natural
1275,3.5003036201451985,0.01089763856967286,0.026907042277202493,0.21869304411212465,natural
1276,2.283921642297247,0.04862025713197417,0.0,0.14208292238836445,natural
1277,2.9702708574303767,0.02584458604734792,0.27059195061901997,0.15880712784302065,natural
1278,4.597046746453023,0.18934704422760104,0.0,0.3051684708729749,natural
1279,4.566566106888075,0.06765519712453591,0.2694667194936675,0.3777015377410193,natural
1280,2.9695235311976904,0.20926072440821536,0.5853561900310608,0.06493736475679655,natural
1281,2.7211098368771576,0.21151939677518922,0.006596398623363914,0.0,natural
1282,4.065525293253333,0.035694912524797666,0.020736017603471844,0.3215592544773814,natural
1283,2.478452251139412,0.11235205771175479,0.37028169933231264,0.33222521245700537,natural
1284,3.143736317738832,0.2242735283000158,0.05365216074202072,0.0,natural
1285,4.825235476210994,0.022335242103678446,0.149042468272926,0.330868287267167,natural
1286,4.253498072494921,0.21876507649602941,0.29251584663304986,0.0,natural
1287,3.388818806291394,0.02946014535874186,0.05839132941140859,0.46004363187867797,natural
1288,2.4686613040556438,0.29126502435055074,0.39241096039473394,0.0,natural
1289,3.039004680330197,0.006703146501264943,0.0034315800602895473,0.07367961094846386,natural
1290,4.248698779445301,0.06990379173191298,0.033047521678320375,0.4340054815872933,natural
1291,2.5888375366033034,0.004434492662494422,0.05922842731106981,0.1692422630876451,natural
1292,2.1684747088707947,0.0154056759329904,0.0,0.17018058732634883,natural
1293,2.738489633136657,0.03158028340650785,0.0,0.2032386384583909,natural
1294,3.1514074458182706,0.09610136004187261,0.05093427745240951,0.26788370965217106,natural
1295,4.423969823464428,0.10358850043736144,0.2583325900246943,0.08210885989953293,natural
1296,3.161421291757181,0.0016258463895411938,0.17942975969064273,0.22635124321979755,natural
1297,2.5049868068278562,0.04727520455086519,0.03953314750696105,0.3124638424742921,natural
1298,5.540597025902865,0.02394801705748392,0.2691772509990588,0.5350180437759111,natural
1299,2.864742741287813,0.022712370519896687,0.09126326053925639,0.058187150782668846,natural
1300,4.030936183606203,0.32225357183401715,0.5211591285060491,0.25090932525068566,natural
1301,3.7892907980600645,0.10487713074782337,0.2720943257865126,0.1971496066869334,natural
1302,3.4680450225695703,0.05192912354801483,0.07365004744251494,0.35775103448148604,natural
1303,3.027506731562458,0.026506534605390483,0.08604901276291342,0.08371766950885322,natural
1304,3.749353850525647,0.05073622911137072,0.17618220714234117,0.6118207822976587,natural
1305,2.9029844962081026,0.07242729713707471,0.03352235663179397,0.29193956308375485,natural
1306,3.804148518355264,0.24555206756752493,0.0,0.634789596470158,natural
1307,3.1889134579365614,0.011053881734636914,0.0,0.07437008949163117,natural
1308,3.6710934318213164,0.024315476938415133,0.0,0.35845105090505264,natural
1309,2.3228449451421516,0.030517884189569217,0.0,0.04725016459631703,natural
1310,2.6085693129724032,0.030654467970102524,0.22374003244927165,0.1757445211299881,natural
1311,2.9660352615866326,0.27273769742023957,0.05622046474001978,0.07498885781901998,natural
1312,2.4281552423025223,0.11417937811443814,0.16808743653447997,0.1916658136909327,natural
1313,3.835572629551455,0.010291704686361392,0.0909023787469313,0.24690066783369014,natural
1314,3.695288356866935,0.015481589605145504,0.02017358302373265,0.04617778461238615,natural
1315,2.358345702351065,0.07408691712971259,0.11252490993808893,0.325750464209833,natural
1316,4.252092220176889,0.2376904642770771,0.18999459294061727,0.5288748801006135,natural
1317,3.4315280659151286,0.04750035476318479,0.1588086474637874,0.10682056706013109,natural
1318,3.994940985459761,0.03455498147797535,0.19608581509238057,0.40502393480294074,natural
1319,2.935600871888564,0.03875231244311218,0.056353520315514924,0.28100896513774826,natural
1320,2.4071724019115095,0.05745486209757187,0.2365382137239315,0.060983869393546795,natural
1321,2.310126853672494,0.016664823281544557,0.08979012265660595,0.0,natural
1322,6.228010269760273,0.07499431235022432,0.08666970003625772,0.03862940106453367,natural
1323,4.718413938264667,0.06967024197630796,0.28230531957441063,0.45894981784439715,natural
1324,5.487476303105441,0.0998052862998112,0.05941928921652925,0.3940526360953183,natural
1325,2.6671426263465614,0.0026376728283508425,0.13464656663811012,0.3121136538964383,natural
1326,4.448566991816215,0.02512441838097152,0.3667174125240078,0.5554845804083637,natural
1327,1.9905114610957721,0.006138700698294492,0.25502488529014755,0.15835637010833806,natural
1328,4.5528750587862294,0.06649840287743923,0.17396767883948674,0.39260931858133985,natural
1329,3.4431666095034785,0.04238363683533959,0.18947690331158623,0.3712969459800172,natural
1330,2.382721131012509,0.05099656156012442,0.12951453022795217,0.0,natural
1331,3.6228314999862956,0.03841849276315158,0.15175068916482598,0.02627797474700013,natural
1332,4.5313967268351405,0.011925257620873451,0.24060054793397573,0.05870228224380135,natural
1333,3.325663055165215,0.45047493874822925,0.1828745321007837,0.4390815255430668,natural
1334,4.170273933227362,0.23784215593330735,0.08997901116362551,0.23958541896792546,natural
1335,2.567699623909444,0.0692652600944595,0.16214650294324343,0.26758770922268865,natural
1336,2.597343530627866,0.03024220819787148,0.24160370485082464,0.051926428355007645,natural
1337,3.453868877326803,0.06644339084625038,0.0805710268886252,0.0,natural
1338,3.9916348447873777,0.00955574262449528,0.1664643820936039,0.2514887761647029,natural
1339,1.6312728395249585,0.13763476424831864,0.142401409728891,0.05228561590837681,natural
1340,4.306740499943161,0.0055912755218919235,0.13355443331463557,0.19354235133090708,natural
1341,4.563688396812815,0.0012994402716506002,0.0,0.0030972407778964875,natural
1342,3.2821503720690153,0.03291906253918398,0.06673821856681636,0.09484545916718969,natural
1343,1.48391545913515,0.009782474906255502,0.031052854449028094,0.2152134114465721,natural
1344,4.260464145256495,0.14453092273494322,0.1188688587239553,0.22425715011011682,natural
1345,2.5846871478508215,0.026801371849620868,0.0,0.47265260156377104,natural
1346,2.073265822324619,0.21877893880551436,0.3706394715264077,0.129207652941293,natural
1347,4.868262351025377,0.07559574949453529,0.27601237092187036,0.5419596461313924,natural
1348,3.5187188105676723,0.023255916621090982,0.3833982411114305,0.14029312501560579,natural
1349,2.989409401470532,0.022592439399183893,0.0,0.3473048627041905,natural
1350,5.462299659431983,0.09540370357575927,0.26820315454460364,0.5363869912711487,natural
1351,2.4680194750434636,0.03292416748369154,0.2635507076899117,0.33038444113333254,natural
1352,1.6521596630473794,0.019175047337057875,0.05335321376615879,0.0536114494695026,natural
1353,2.511105212006964,0.09050323455387588,0.1795831639502185,0.19308699108625127,natural
1354,2.1997953627980853,0.045676318515461244,0.19136929119643542,0.09494532272795941,natural
1355,2.8173755478532247,0.027712123001482875,0.06854628269516717,0.3021077016276713,natural
1356,3.446251022225824,0.0691674358825247,0.2770898780704669,0.1831362340378339,natural
1357,4.785935331678355,0.18671959409620673,0.25818909199343315,0.4052146956653922,natural
1358,3.152605209394765,0.38251198789598706,0.1372326481203637,0.0,natural
1359,3.118670125128622,0.058771970425456614,0.035556581048243704,0.30456953049844526,natural
1360,2.3748542800765806,0.0799477969551186,0.22672032242131032,0.11833238668320306,natural
1361,3.285469483829966,0.04507923521826781,0.236599841436336,0.4280245687561347,natural
1362,2.8862291627339056,0.007930771511529171,0.03027471881081543,0.0,natural
1363,3.6319789039366825,0.023068651043058063,0.44147123354695833,0.13871951395314602,natural
1364,2.767275761455923,0.1720159526554523,0.0,0.4323931416060256,natural
1365,4.197074214355407,0.03247811694677385,0.32623817995260196,0.2794590226608617,natural
1366,2.663672459346099,0.21258173471071784,0.28019206373825006,0.2814942802450351,natural
1367,3.2706568982198574,0.035317361704229396,0.0,0.2940223068605679,natural
1368,2.9931750231327903,0.024045399906115435,0.3719166998949852,0.1162421024500422,natural
1369,2.9993560039338796,0.05652573632044859,0.39349685448230814,0.04858274763153638,natural
1370,2.452896217944396,0.12058667177210243,0.0,0.2675037032785557,natural
1371,3.92390670526604,0.2866855722590453,0.23339153616481947,0.07115331828173227,natural
1372,4.047023478998586,0.10145100587234628,0.2339551295531648,0.22387744364530032,natural
1373,4.306060934074433,0.25526748914818176,0.12166817780282901,0.12794053033862166,natural
1374,2.3700710705336188,0.11346739000431912,0.12707420827350094,0.18731533700993616,natural
1375,2.845424983991358,0.5661363536657719,0.09196730498605957,0.42740340361858975,natural
1376,3.6465581632562754,0.024554668963123878,0.0018331807578504309,0.08910419049446286,natural
1377,4.576868544621991,0.019144136329085615,0.26458557591475124,0.07408206645530534,natural
1378,3.891118445132873,0.020134877998685276,0.26764845005295484,0.19100696422928426,natural
1379,2.527788056906301,0.32046361770209103,0.3332071068923883,0.35231080583460067,natural
1380,3.0201124385820957,0.03200595929583845,0.10169392398166527,0.0,natural
1381,4.127129136320377,0.027050089345157315,0.12964046665401538,0.032245744303627,natural
1382,3.395475745329297,0.12059777020375416,0.3699149721045293,0.016691771004529257,natural
1383,1.9532080653720967,0.007649137956264358,0.23057563806897519,0.12986180955409451,natural
1384,3.6733885572427085,0.06982093186357931,0.15095803232450827,0.35863229537043734,natural
1385,3.5620954008386114,0.38402238734166727,0.20845849198409713,0.5036409465753409,natural
1386,4.142543761002497,0.013511517841233858,0.05041667680694081,0.10012036667579348,natural
1387,2.3629988157738406,0.013036594027319876,0.2553395162430433,0.11191902892621995,natural
1388,3.8537469420223758,0.037555704479664984,0.015346079403405962,0.018525611111045382,natural
1389,2.264625442233069,0.016210219322686275,0.029283630189614683,0.15403930083720022,natural
1390,3.1353157797395412,0.0,0.08417495474818036,0.5620064124208576,natural
1391,3.8060481200649376,0.017085319563355104,0.03421159045947051,0.18326775163531073,natural
1392,2.528557277731801,0.019086476385868967,0.0,0.07495600617883734,natural
1393,2.452092585067871,0.013083223556169176,0.20563134458193008,0.008489626003442363,natural
1394,2.4614394977205842,0.20629605575712032,0.5746325824693136,0.23149216824049798,natural
1395,2.083347550170793,0.042820876459778216,0.30796572059826466,0.06208191407190328,natural
1396,4.048252384646116,0.15804522080069563,0.013243328851108929,0.16651464952153608,natural
1397,2.8859478928651368,0.022091882345150058,0.017671496021277204,0.29961399736304,natural
1398,4.363316635859885,0.2920024584098403,0.0,0.24308223364841136,natural
1399,5.115888448614991,0.1782721484142129,0.07809047008237964,0.5553889791678077,natural
1400,3.0294723102825474,0.0,0.3015385228021441,0.33455280616704663,natural
1401,3.3033543977696387,0.010536575714621499,0.06801926540425186,0.28576984708440156,natural
1402,2.0313914051341837,0.05747220747447845,0.009850926097013647,0.026949791518278688,natural
1403,3.2070076189471624,0.04250660389574766,0.05428356743720167,0.18350407854267003,natural
1404,3.326593219322026,0.04060367496754511,0.16599996618880403,0.099873828025533,natural
1405,2.8495881548723268,0.025343163115456483,0.11396844463542487,0.09356399388926173,natural
1406,4.447077429057868,0.5073616116013148,0.1542870403768153,0.0,natural
1407,3.339858344139982,0.016138501947547585,0.0,0.47579251802077893,natural
1408,5.528444452491597,0.3061738004536714,0.0,0.6513495157709434,natural
1409,3.9155307507480637,0.20763291239801912,0.29190119440232093,0.6992399945584434,natural
1410,4.9794014931985995,0.011378734389545467,0.24379546452590153,0.3926606155396761,natural
1411,2.435188753884223,0.015605039098293116,0.03140000959222556,0.16036166374223285,natural
1412,2.020818109602993,0.016639586800493007,0.0,0.1267415361585634,natural
1413,3.4058578262905264,0.0,0.28561285999905756,0.2916660362731536,natural
1414,1.8393874260813545,0.015788041155007163,0.10374512076849347,0.2580467711291007,natural
1415,4.289819958535964,0.091133483131136,0.15050328935186738,0.4368075075952687,natural
1416,4.478337496838265,0.1589595233151192,0.17796207608052145,0.23985355540669911,natural
1417,7.049204375562702,0.12565168303579,0.10496297586728777,0.14721950580343876,natural
1418,4.1929601275446675,0.009614607733552306,0.20000227971963397,0.4605577358021031,natural
1419,2.6054867861725617,0.02696484666223143,0.19198678444930495,0.04588198166235786,natural
1420,1.8410498219380793,0.12075782943022728,0.10898220153570318,0.3539817267625326,natural
1421,2.6929737960427684,0.023610156687840476,0.0,0.09770039515633583,natural
1422,5.353144707292631,0.2719483033101243,0.14216248203445667,0.35054534468041604,natural
1423,3.1028466469389726,0.014873865090093726,0.2697214699210636,0.2095217518960304,natural
1424,5.1089983073755265,0.011305771767067856,0.029397659254743913,0.29883484747092726,natural
1425,4.510677442633672,0.0,0.15279597779616536,0.03136127563128332,natural
1426,2.003009066824334,0.061366856996739445,0.36085996797463077,0.1522895005837809,natural
1427,2.527844623818181,0.008442183126765306,0.11607686822799061,0.03728468058759554,natural
1428,2.905643982290492,0.06085049024481193,0.3019855991646414,0.037914075604222414,natural
1429,4.908165217388058,0.1353841374037612,0.25525179624872,0.3878695459907452,natural
1430,4.5724168858536895,0.08633932853639668,0.07688565835510319,0.2136982122431434,natural
1431,2.9279236894889467,0.06384472927573218,0.4307232761799342,0.15736069811931835,natural
1432,3.6280435086803764,0.022081747071717877,0.0,0.2587763793727825,natural
1433,3.7302342592028848,0.17034499113613036,0.0,0.4189590161929268,natural
1434,2.9068770689663843,0.06207411548270351,0.22883614451233497,0.23708879939672406,natural
1435,2.4524881450180147,0.04024838749923813,0.13578067426918264,0.34994746948581873,natural
1436,3.0519224507341787,0.5244164921211258,0.34497042853000115,0.22385814431064738,natural
1437,4.073160062835699,0.09260233506051536,0.3040152453713507,0.0,natural
1438,3.187859400917368,0.014193172964274803,0.0,0.3153670760711196,natural
1439,3.293847812504198,0.37098895777152147,0.36353022258394035,0.5536170468991798,natural
1440,2.349581107845127,0.01269672605962157,0.07071105806407194,0.027518394184764382,natural
1441,4.772106569884972,0.19395996505136345,0.061017339440401,0.2522221128752762,natural
1442,4.62980502602775,0.014633800709998705,0.10671054204883194,0.2020905994656956,natural
1443,2.2413748116247953,0.0598192060886509,0.2641567826418546,0.17033614806893382,natural
1444,3.8902547584976617,0.010366137230454542,0.3053799810465475,0.50573689200788,natural
1445,2.7170575244561155,0.03224230952250467,0.04738686860691081,0.07250540962191807,natural
1446,2.4532832463524006,0.00034597361381384986,0.07392939135128246,0.10278068941738518,natural
1447,2.483398524485129,0.0034232949499938266,0.08290631962498295,0.2004790257532119,natural
1448,2.6266189860621663,0.05708269656920586,0.0,0.20066556651202094,natural
1449,4.899053163947892,0.42711051575134473,0.0872400216598521,0.5035719358468401,natural
1450,4.865075728486162,0.06169150146828403,0.13706352254572643,0.135461860054431,natural
1451,2.8400620483833325,0.007100013423725752,0.0553219632797199,0.15128767090407344,natural
1452,3.4852256163493287,0.052354909495303956,0.3667434479317788,0.14243769884078689,natural
1453,4.25396872823681,0.03237522251224752,0.4587218340236963,0.2951517189544536,natural
1454,5.112841547710974,0.5828378561835643,0.18632352698805185,0.19497751958669998,natural
1455,2.351423209469339,0.04038541591923476,0.0,0.0,natural
1456,3.2748574791056515,0.45636121519393824,0.0,0.4660470564056506,natural
1457,2.136039480170963,0.02087706605394944,0.10072142856378034,0.14104738002353825,natural
1458,2.901856620274975,0.09929348912512707,0.048277340331109815,0.11622132927299189,natural
1459,3.8871049628111516,0.23427239784394505,0.17913053076736787,0.12446097717054745,natural
1460,2.256373081492497,0.10347193704797811,0.4530360833695417,0.24158486187485256,natural
1461,2.4571133366725424,0.0,0.0,0.32157157707911405,natural
1462,3.6292954833129176,0.3313868855907649,0.0,0.5695879836946232,natural
1463,3.1109228694207816,0.29719674167011123,0.1090759442923497,0.5264131553042182,natural
1464,2.703541612809886,0.012891278694874955,0.16608165103168374,0.18935559433923074,natural
1465,3.109667603590615,0.86145062589986,0.019976430423056704,0.39737546563623005,natural
1466,2.7817992864897416,0.2746329320767984,0.2790214638542972,0.38053684201395915,natural
1467,2.780867843706213,0.03213945746558272,0.11428134788417577,0.13411527073696203,natural
1468,2.224115839206193,0.028669172199581986,0.0,0.10354861716434105,natural
1469,3.875618036147575,0.07042460793384273,0.6592585654364831,0.0321423941960106,natural
1470,2.3444993042372917,0.011871804721017475,0.1379339208327688,0.15646925972347256,natural
1471,2.636820105514507,0.03023156485650097,0.18191983716691335,0.06601575482358235,natural
1472,2.078570321856939,0.01613052427881,0.36950503120068906,0.03532453350684611,natural
1473,3.496093510071075,0.08151160000078195,0.09227022482314849,0.08168331278918071,natural
1474,4.57099795376309,0.01949556819155513,0.1769703016424785,0.3335154241898093,natural
1475,2.7110969991415423,0.009080162124206299,0.0037648506558167947,0.06642213268925107,natural
1476,1.9792980431280387,0.028790239305766498,0.175435577764449,0.1274850147085983,natural
1477,3.297292369570564,0.010566027623451995,0.21972916736544829,0.3976473342072693,natural
1478,2.771325471525368,0.013120246602983098,0.30687721533861423,0.2122209083595096,natural
1479,3.172116776274122,0.011526415400657443,0.16484452127192908,0.10973842046462838,natural
1480,2.258404691653937,0.0613003292289858,0.04151056234299138,0.0,natural
1481,2.304567093438342,0.010540593758527145,0.08651114539495028,0.17578930593085293,natural
1482,4.278816432156956,0.04038069086996058,0.07594079500588749,0.16865812233633304,natural
1483,5.437611447910198,0.19864470782325166,0.15055232059864007,0.26270104453518933,natural
1484,2.8301756739263375,0.017393151505934568,0.030744339611957213,0.2104967819279915,natural
1485,2.1011555395735066,0.02368347807564609,0.058261577452173016,0.03297298120173604,natural
1486,2.589822945780652,0.02975144146312898,0.0,0.09250347213326683,natural
1487,2.784655322700106,0.02357985243446297,0.0057471928007553396,0.17426732596549338,natural
1488,3.7050276622485607,0.014684173556509666,0.09180517315740819,0.059137440870295745,natural
1489,2.932265777732992,0.009787437058746561,0.0,0.05200088735937359,natural
1490,5.518777248190063,0.2573301056146977,0.04563477338681967,0.49402585364860097,natural
1491,3.5299164079835545,0.07962620466856425,0.08111789900263168,0.31086226756074575,natural
1492,4.4543351817921115,0.42791544230611755,0.269608954635981,1.0,natural
1493,2.4984163170412432,0.09416800509016102,0.5896906923275583,0.20950836400585565,natural
1494,2.8787009787464224,0.008479897729857815,0.0821007467672522,0.0,natural
1495,3.316456178927836,0.0156963920214438,0.0441308402087924,0.21354863211674555,natural
1496,2.180506090561276,0.015451196274881307,0.14406142988088178,0.0603870192763163,natural
1497,3.706350428801168,0.0,0.021619055819297614,0.5031051703612622,natural
1498,6.158684098128233,0.019892448606586968,0.3022186737361879,0.13047317246318754,natural
1499,4.88528182807549,0.008007914510935892,0.10172597089911756,0.367496356696542,natural
1500,3.1277508178420423,0.057680256348591,0.6484857172307257,0.0,natural
1501,2.708948499180055,0.03498136151526883,0.08793696573474866,0.1569400924604231,natural
1502,2.453016084077637,0.018508697453160295,0.15997978046656572,0.3242975268592903,natural
1503,3.231023599309008,0.024313005636938244,0.2115631884287444,0.0,natural
1504,4.403996329078784,0.02442293745290892,0.1341312901152877,0.0,natural
1505,2.7852163445866416,0.0461343133611029,0.1438706729500968,0.0,natural
1506,2.607180407547253,0.010589413874370374,0.23352784070327107,0.15781298799986823,natural
1507,3.941191462830581,0.03262259438423782,0.10634379423303225,0.18080391785700653,natural
1508,2.507614598948595,0.0907972271592002,0.07472721461841587,0.06571969092207078,natural
1509,2.4374728908571845,0.04014730012674811,0.0,0.0,natural
1510,2.4035917623217573,0.05456394024628147,0.03919739306634775,0.24759979791986567,natural
1511,2.6807000807706016,0.017819050533293797,0.07611439659674409,0.0,natural
1512,4.532185680573142,0.4596905451189709,0.20344194714294153,0.09176532357199232,natural
1513,4.253387181240527,0.10259317357176385,0.1816816737330508,0.0,natural
1514,2.3736292836177437,0.01960252670482763,0.3489253014598437,0.1045242140032796,natural
1515,2.0274578049896523,0.048032208160298163,0.18892490286981722,0.12058711061092181,natural
1516,3.452987827740158,0.6200966095919026,0.20993942704893417,0.7379464723505884,natural
1517,3.149712976377616,0.24765261419219167,0.09504444535306086,0.06457484857250927,natural
1518,4.5450418465117055,0.01367921772735623,0.0,0.46596858343505665,natural
1519,3.447227812496884,0.3478970984199426,0.0,0.24850203401143683,natural
1520,2.5702513104307716,0.050561618411471096,0.021620412992685356,0.0,natural
1521,3.031163195824412,0.0659066793681441,0.18757748373026437,0.10180076168430387,natural
1522,3.3051518777348172,0.09204202507680681,0.06989071887287376,0.34931491125923203,natural
1523,4.5959576675921365,0.17814623097127388,0.027588556016791218,0.3510289140080044,natural
1524,2.5241290954062157,0.07565064892410069,0.09509707509005311,0.059016555036475356,natural
1525,3.067818254481051,0.09159641047926344,0.049557237996144254,0.49199021673475124,natural
1526,3.8629227968534594,0.020067029898318493,0.0,0.11346820850250995,natural
1527,6.062293989451513,0.374265538542847,0.2779530554280093,0.2756737322522826,natural
1528,2.6095213528706234,0.046724274619562065,0.09349203190443925,0.08329953571584212,natural
1529,3.0581499745762843,0.27759250981283407,0.17771096497880512,0.14983244307909455,natural
1530,3.1922843872622035,0.5324470983264167,0.135774320934844,0.4926360354582276,natural
1531,2.5412075348553427,0.17897601202647562,0.1181275127644287,0.12705184258771515,natural
1532,2.4991938471202744,0.1272479977132934,0.15368014628909912,0.14093589967941353,natural
1533,3.60990199089612,0.016765351213641446,0.3366221495687276,0.0,natural
1534,3.111538602587174,0.03752215641632419,0.0,0.18909673260908497,natural
1535,4.295701898524922,0.15410215992921064,0.14901072268589008,0.018888991826231057,natural
1536,2.25111917479499,0.007916205168596318,0.0,0.1272327451344622,natural
1537,5.199594652062126,0.2032000736787437,0.002572988278388571,0.5559867446729349,natural
1538,4.658455522895176,0.46173300225190544,0.2285452264352521,0.47809716937448526,natural
1539,2.7723041931012067,0.11052438246757063,0.06349816168866396,0.3069773551718609,natural
1540,4.567723450212658,0.04255341369960427,0.06946002560474507,0.20777718062026096,natural
1541,3.7852267575909315,0.01678050187239784,0.34818925505052506,0.20743052128608083,natural
1542,1.8287350450368565,0.043934436469019476,0.4242036684788205,0.26911959331783325,natural
1543,3.5866199401711025,0.02995314575372384,0.06604086582525927,0.25346503342101095,natural
1544,4.0480629367066205,0.01216072360723343,0.09693085920261163,0.13879854920557513,natural
1545,2.9438741081582287,0.41254238933656606,0.10954935754798957,0.19239724290363644,natural
1546,2.7652213240023347,0.0312330765789262,0.3120442994303594,0.38532307651796177,natural
1547,3.5231721510127127,0.11587124826282898,0.18000854424474697,0.2726347693126135,natural
1548,3.3649671619043278,0.00852558901545267,0.15920710734108354,0.17492514005623033,natural
1549,3.0798856389373004,0.08578224715365511,0.19256599567041588,0.3945997363876155,natural
1550,2.6161281075444025,0.016137563702258797,0.21419960590546483,0.22297636759496392,natural
1551,3.830614715592355,0.023080723183854887,0.2625152225399438,0.2014598323927881,natural
1552,3.612486306902209,0.10155057488823038,0.1629713714704466,0.4495255278126565,natural
1553,4.093999775166413,0.032113542359291404,0.0,0.3728746534748047,natural
1554,3.071614966162451,0.02184218144841667,0.1358029589993951,0.30756398802544527,natural
1555,3.9745793531683704,0.03990528892869837,0.20331407665031156,0.34489293535898136,natural
1556,2.2691661987464102,0.07041872092246197,0.13437057536490066,0.1200543991766863,natural
1557,3.51197495923894,0.04201604481999611,0.0,0.1532528145891917,natural
1558,1.8549406473793164,0.04308158773216101,0.0,0.12286208804543866,natural
1559,2.870610869162975,0.01118929955348024,0.0,0.16916864720810634,natural
1560,2.3404245270700117,0.025513596123386995,0.431184031562686,0.14454681172053652,natural
1561,4.403246069662104,0.12161548712469428,0.19447396709568376,0.0,natural
1562,2.312315210093217,0.02984949984331727,0.0948618479108912,0.11712861043200262,natural
1563,3.6780281177372953,0.03311386199271592,0.06079875661864061,0.19765556725455952,natural
1564,2.6821895053819915,0.02341017873252572,0.037379184925588435,0.2813127271411484,natural
1565,2.436390968997096,0.041032378069317504,0.115046242801914,0.09906363254111059,natural
1566,4.173184148779111,0.0575220277587827,0.42921573013128916,0.45483688269090483,natural
1567,2.9096043166324774,0.03491171923803059,0.011437352782115757,0.37176832502330265,natural
1568,3.20121279666479,0.10051517476238714,0.26794136519474954,0.29555260984902154,natural
1569,3.332248587694415,0.08249812044084587,0.38137031430252133,0.08481837938065916,natural
1570,3.528535514459585,0.005458232312072906,0.08024475568998629,0.0,natural
1571,3.381351047647125,0.20720893567468812,0.19238626479633775,0.13841262977963117,natural
1572,2.6869597804468324,0.028499114721118754,0.0,0.3086716110618981,natural
1573,3.087753013314192,0.024702180307840837,0.34435576210859103,0.055340208508142044,natural
1574,2.535689568791897,0.024060302745100407,0.3552497154113857,0.15148955989741347,natural
1575,2.9043941850201587,0.032031809456431824,0.1482064089884414,0.13110315840002773,natural
1576,2.2934089763597982,0.06115896975161213,0.06106263576274876,0.10868924923507618,natural
1577,3.3311040109428407,0.07490410276821013,0.14564426128212282,0.1891744147257084,natural
1578,3.3516901244233672,0.5941775366269697,0.4499573387583078,0.07961203178620654,natural
1579,2.9229803225060227,0.01588853196332946,0.2688406049642769,0.17371496554622654,natural
1580,2.7943748030003506,0.010686907166697962,0.0,0.20826869148101906,natural
1581,3.2319526203275375,0.0025860363451016615,0.09185426776944898,0.4459155850741245,natural
1582,5.491884280038563,0.0789334686367761,0.058851705700522235,0.26476702199730556,natural
1583,4.354330345151871,0.15005816772488054,0.2202440774042323,0.7945719308023524,natural
1584,2.050623495682369,0.019169015656351367,0.1781446713268415,0.21866844437437424,natural
1585,3.2286995946774018,0.17715736224117978,0.2948179478771852,0.17243182217191144,natural
1586,2.4556649102752726,0.0010668522780046578,0.09457344371016141,0.08351129334084455,natural
1587,3.0537682716644543,0.014313681664387153,0.10704820931570307,0.1587407550645458,natural
1588,3.141117546510391,0.07607170118989037,0.18048959332666553,0.06745595478225834,natural
1589,3.888406741014383,0.006774707351815331,0.08237618218220101,0.1624473871209785,natural
1590,3.6832655527026237,0.21933394708777829,0.12945460899299152,0.7192469185926345,natural
1591,2.8883207167035367,0.011966425742293885,0.12017672135873121,0.03177285938670787,natural
1592,3.08006666539209,0.031010039529229302,0.39333398963933097,0.13120477490749172,natural
1593,4.463831875430289,0.046724032525234584,0.0,0.08436977307594043,natural
1594,4.257484630930994,0.13887577947892174,0.42941971947522434,0.46277325075733033,natural
1595,4.498007339968225,0.0,0.21098373203969906,0.19583181011911396,natural
1596,3.434360817249795,0.023307806729211445,0.06696174256274524,0.11089715710762894,natural
1597,4.353375099674125,0.029992420224252136,0.23602966917993715,0.5610173251193387,natural
1598,2.4643258899779394,0.005323108195336146,0.17930156409669054,0.240837068002069,natural
1599,3.2721486744860644,0.7552686723475619,0.2298017413817477,0.5623336198947642,natural
1600,4.029147956415495,0.05532928061538339,0.3812804187641476,0.41452467556188627,natural
1601,4.28762846670253,0.049410314981802594,0.26316849695356787,0.044628879189982144,natural
1602,3.8192744676399606,0.36566692633603787,0.05896456332621542,0.3333718126220072,natural
1603,3.1909129107751792,0.0037434043253007747,0.1360426773602208,0.24873660988187588,natural
1604,4.210665386909979,0.010101253824044294,0.2854587105555669,0.30215272897093753,natural
1605,2.9665916668565218,0.019297874987075987,0.04164465854415369,0.12855398380859998,natural
1606,5.147607306416991,0.23634625499058193,0.07521155913767191,0.0,natural
1607,2.8366728637686753,0.02067796444397709,0.022841076343316495,0.1641032233328784,natural
1608,5.115911373528956,0.5898344060153826,0.2513694845371131,0.039189023234977256,natural
1609,3.4608732338862427,0.1841824396630572,0.0,0.1766508234639729,natural
1610,2.0977757731129563,0.014218778572248144,0.07520355964522724,0.24853405954075938,natural
1611,3.626404638631924,0.025511843066563174,0.19210828000450234,0.03994099026160782,natural
1612,2.26070124782697,0.020003188430792924,0.10907003924196777,0.0,natural
1613,4.491260208390557,0.00908532619954105,0.17882109105777688,0.45083519804593697,natural
1614,3.1571012994193595,0.5101498277204366,0.13999502309058431,0.3230443248342867,natural
1615,4.3356361156952365,0.13176521057612406,0.0,0.2720296959948273,natural
1616,3.4099852595536477,0.4591868106857271,0.2033690132064453,0.27725284637035513,natural
1617,2.7529136044603475,0.002433741630280369,0.2851835895550908,0.14063365595104105,natural
1618,3.765817386466329,0.12308460277050087,0.0,0.09992410614576004,natural
1619,3.4444327019497947,0.1799232914196886,0.14729253657488822,0.2943178096024189,natural
1620,3.3228749839052165,0.17629052927991443,0.28746927593428095,0.3489231369477132,natural
1621,3.5344478715673793,0.33051814650906425,0.12629902331226653,0.0,natural
1622,3.9707687845327366,0.03338580632127592,0.0,0.14028673244197323,natural
1623,3.828728293794524,0.295775566271258,0.3021389283669133,0.5395836713382336,natural
1624,2.969853049741477,0.013973578163810245,0.0,0.3072824203665596,natural
1625,2.7124630166766486,0.024674710036379402,0.1447504265400388,0.33269499506997274,natural
1626,2.622821181439267,0.0,0.13323997312109265,0.0,natural
1627,5.4024130079808295,0.01553416377157102,0.007388050658906726,0.35982090297036745,natural
1628,4.46937111480602,0.029112551839384472,0.010785098621886337,0.29252391674166317,natural
1629,2.90090720248821,0.08289854522646248,0.0,0.22439635878632677,natural
1630,3.840919621924112,0.02390019728399071,0.32308413596929314,0.29522517836287104,natural
1631,4.232736929382579,0.019183487751013042,0.08668433054658807,0.2675202665462196,natural
1632,3.028079155628292,0.03479819266022414,0.22507153133702879,0.0699519581651297,natural
1633,2.733560441464693,0.025077008777427624,0.06066790933476181,0.17660097384759715,natural
1634,2.2851121414993463,0.030036389648370274,0.3314260661724588,0.19199835640865268,natural
1635,4.730246842681764,0.10569912690522978,0.14777154350436605,0.3769311577752494,natural
1636,4.079386302845204,0.036728860180802694,0.0,0.0,natural
1637,2.959429657446074,0.09100548652944455,0.08250803610200622,0.0,natural
1638,2.681311680775716,0.03624428299970955,0.04973922480196189,0.1636952124950144,natural
1639,2.402497055575275,0.010329708110152571,0.1303344799084677,0.1417596555956412,natural
1640,1.9916405039168534,0.044582045917354776,0.056142663639364154,0.09544139199846664,natural
1641,4.2885809392662235,0.046275602511036844,0.24048067601621204,0.3042713588852555,natural
1642,3.795239711756678,0.5098088131087071,0.09848032836266196,0.042121161677893704,natural
1643,2.6363793951044037,0.018373931691608503,0.08013427344192035,0.04211780855003546,natural
1644,4.482606529115371,0.015337988248660625,0.3065092036172751,0.0,natural
1645,2.936578280236895,0.11654853775257504,0.3710078501045341,0.11131505883662372,natural
1646,5.646844914035679,0.107150120580816,0.15386616448823562,0.33962545596938404,natural
1647,3.9036382078424476,0.004450489529135591,0.1754771918604661,0.5626151623424492,natural
1648,3.1094354186267807,0.005436164855947732,0.024737948423805046,0.14575609107823173,natural
1649,3.162563738358522,0.3458581144101904,0.0,0.18010073563351459,natural
1650,2.103208905177462,0.00323310883514556,0.0,0.048446940539859394,natural
1651,2.7224817145428295,0.0065255150583480295,0.0,0.13666518636961056,natural
1652,4.182833409083224,0.17373051902851755,0.24452342412512545,0.229030608558109,natural
1653,3.0400105839087534,0.07903390992881457,0.2747831220374767,0.23797631892625115,natural
1654,4.203291705941428,0.021501142397977416,0.025752960179787857,0.08042352800647849,natural
1655,3.0507342231064123,0.038136587736093984,0.13019288877545449,0.0129145148259016,natural
1656,5.13501572968239,0.0172858464337313,0.18495954087773575,0.3169097148440518,natural
1657,2.6973623378297034,0.0,0.07266036879377782,0.12767360704790517,natural
1658,2.5729177404512154,0.06133077965793121,0.2649552884190939,0.2891051318475545,natural
1659,2.671247668777556,0.307435894753747,0.21405506734560673,0.2156244774690871,natural
1660,3.4541985310686796,0.30315134287288953,0.15748062565709822,0.16720866327667594,natural
1661,3.9655595671934867,0.08791903628760302,0.34880259215689324,0.1402085975523659,natural
1662,2.507262839296386,0.0,0.20553492535190734,0.0,natural
1663,5.139279431865511,0.040400122162764576,0.15060340825432622,0.21792999515224917,natural
1664,2.9071110968397913,0.03722033717600842,0.21247310172173445,0.12435428039811788,natural
1665,3.6389317331947657,0.057524069452740315,0.0,0.2501303489752147,natural
1666,3.3419907772076414,0.08093416679405374,0.6472765043637217,0.065209503335926,natural
1667,4.135303571489223,0.005959979376218597,0.15760893640897933,0.26130997012568913,natural
1668,3.026702549763315,0.06884798872196893,0.08774760862254043,0.0,natural
1669,4.6338986612437365,0.3267561321128943,0.26513543369602394,0.8332728460934453,natural
1670,2.985508888542171,0.02110536075120998,0.0,0.07920753565115085,natural
1671,2.3880022869259365,0.008114238061718869,0.0,0.3505427532114796,natural
1672,5.268993741050258,0.33973240221946177,0.21965697122743935,0.2958070461737471,natural
1673,3.5041330363838488,0.003281046437940626,0.17811492804138707,0.35499785179352594,natural
1674,4.331090286750312,0.05028998341166657,0.07038628792087943,0.3028894719996218,natural
1675,2.9218841047950184,0.36442214082376595,0.06330150570601631,0.0,natural
1676,5.3738176034122755,0.2635282664577764,0.24024146053884482,0.29623728223952156,natural
1677,3.1165512816050636,0.09955542917969237,0.0,0.38603263629391205,natural
1678,2.5294681912499453,0.049556725274109314,0.15597868858454011,0.17772201608842916,natural
1679,3.7135571060669186,0.02125658511886972,0.07616032815959083,0.273181672610756,natural
1680,2.212344441799333,0.012146040223637647,0.01536279007754514,0.13224622007247402,natural
1681,2.8581522031819406,0.006646180945462066,0.029401421071422094,0.14734275648414627,natural
1682,3.5576504289771935,0.04916254175110687,0.13854962663783205,0.1946840588707274,natural
1683,2.259565976604903,0.019502014748311296,0.06942944391195748,0.13980129972618605,natural
1684,2.350218146734837,0.039818368515663505,0.3596285207830789,0.2035947967734796,natural
1685,3.220892962003441,0.025912429232195732,0.2363766552811424,0.38934063069429753,natural
1686,4.13170113500112,0.02405353202395017,0.027854645238341573,0.19660553596086114,natural
1687,3.464268393696254,0.4051792073139419,0.30758839923002973,0.2692685388644893,natural
1688,2.0415762726018105,0.03764048028128262,0.13312593756233868,0.30211247209531356,natural
1689,2.3262013594027,0.08868411749110955,0.016442587065983037,0.6744028367133986,natural
1690,4.3724912436865955,0.22642558987219777,0.16714240407590758,0.5862989442527935,natural
1691,2.2322885482288743,0.021434712264267602,0.31057429776121054,0.10104457859539713,natural
1692,3.431065087655958,0.2964897367704131,0.0,0.5381734590553544,natural
1693,3.6423858069783854,0.2878633199844898,0.1236345183163838,0.14480876567048356,natural
1694,4.213435426903048,0.46058445456443453,0.08367247250852763,0.2145455198902624,natural
1695,3.554689440604625,0.007015309120900829,0.07485969248064937,0.19885932570406337,natural
1696,3.5997572025993403,0.02094649217008198,0.19702414146840072,0.31735631923130064,natural
1697,2.871021873469998,0.06381967449108329,0.0,0.24688023735458753,natural
1698,4.61993206684924,0.4540732009225017,0.5396708179808571,0.2942033750431014,natural
1699,3.075254101768389,0.04340798995706569,0.30064557597960734,0.0360367634988094,natural
1700,3.1469643845590967,0.11700651138504262,0.4321870859747938,0.48578979681541934,natural
1701,4.600421691103523,0.1927569269730733,0.08869250902550947,0.26863851963922236,natural
1702,4.521933519865762,0.5373966785353242,0.0,0.28139348727353813,natural
1703,2.633275193067463,0.09672725850870585,0.2660326356760153,0.31685027221903383,natural
1704,1.9872385583046914,0.02253005086778046,0.012101790685570973,0.20290680536351324,natural
1705,4.4639610387843245,0.03277966076375782,0.04459610678481966,0.11620025876307438,natural
1706,5.362040178878109,0.47443846779815424,0.0,0.17052385698502168,natural
1707,3.384434349686214,0.03262246054883536,0.17323043878162958,0.4444948895964807,natural
1708,5.3399640832920605,0.0,0.3100265291732657,0.16153705408652747,natural
1709,2.701497846923917,0.10162999741899403,0.38686076363340877,0.318099963387966,natural
1710,4.198559390973166,0.07105052842619829,0.4103668682306139,0.4642610737244108,natural
1711,2.208963018591627,0.008847511940354104,0.01961526958642804,0.31367128442001707,natural
1712,2.0879284519144283,0.007612650545204786,0.2430033067916834,0.030197562149523023,natural
1713,3.065355867076383,0.1335609925203422,0.2314626106842631,0.18856275475258075,natural
1714,2.551824522417116,0.0312191170422357,0.375662372711522,0.15843039306471232,natural
1715,2.7805383921691154,0.15660165604478776,0.05447068411664125,0.42482281956001655,natural
1716,3.9023032440065655,0.01541319991350822,0.1670527566633827,0.23926914134914343,natural
1717,5.219609420152681,0.0,0.42929229970644645,0.46515293441033245,natural
1718,2.335455458134347,0.047727754416743234,0.16270925095192784,0.02356260880310192,natural
1719,2.150312953642748,0.040262208734521424,0.23551931106742202,0.23802263403584162,natural
1720,3.125246477363968,0.33330359194683984,0.5029908148321841,0.5342893141460741,natural
1721,3.41475132989125,0.025621017951981427,0.1218946920907056,0.139710520245215,natural
1722,3.881699373319545,0.08305549010822287,0.0,0.3516635083620053,natural
1723,5.540346512262167,0.17093280475218228,0.10184507939207262,0.3281122214288781,natural
1724,3.1192956482866316,0.15064291919778539,0.2987832996628352,0.38606837142383454,natural
1725,2.2543854027262062,0.05338465403341729,0.2725090036771723,0.13348146357523796,natural
1726,3.642000765464068,0.0,0.03340209537584379,0.0,natural
1727,5.265692796236754,0.13952045736674698,0.09702646108688566,0.5899708926713083,natural
1728,2.881278474084891,0.0,0.06574775644610467,0.054570792298433826,natural
1729,4.627724788992263,0.009645101605583023,0.2679586982834217,0.1727106200756683,natural
1730,2.983594753530111,0.02837140635410202,0.07807841901486066,0.21475406306571213,natural
1731,4.555776850751957,0.06069898756880656,0.11294846707333352,0.22182337984302763,natural
1732,4.434851646466406,0.15123692310986,0.0,0.09032793254386573,natural
1733,2.665159917855149,0.009475026247497374,0.0,0.07233232506792413,natural
1734,2.7744929442252797,0.23533206422054848,0.0,0.11496176789693818,natural
1735,2.5894169341623283,0.0986322638734575,0.07690849692983966,0.2696195474032071,natural
1736,3.458690759161303,0.03829951602900681,0.0065415121903304035,0.05226411283156772,natural
1737,2.692753198859577,0.13854773491596684,0.3157921175098162,0.10740797718270327,natural
1738,3.7289818426110615,0.32616195170938844,0.0,0.17183393773372957,natural
1739,3.001863704957215,0.07834710136811045,0.07434739651161466,0.11543454754660556,natural
1740,3.8126368664644485,0.06156922228915683,0.18848902168421067,0.3399130148116556,natural
1741,2.913682185430912,0.05590865656848257,0.510013724720304,0.1432506251478208,natural
1742,4.859452315875668,0.016178678576667,0.11797226247238551,0.25758510541472124,natural
1743,5.183783923974862,0.3981836967190877,0.014071078870394181,0.6851506909452203,natural
1744,3.5901229079916868,0.059109060416750965,0.15377704165323805,0.43947410568323636,natural
1745,3.590264424851459,0.016145227215231078,0.04578332558040517,0.18472252532219394,natural
1746,4.811000751725188,0.018100694175613878,0.08494973531317872,0.32470172616671805,natural
1747,2.204631195921318,0.10613609823344948,0.047110701982170676,0.1968263088880307,natural
1748,3.083978097073302,0.15060831837512528,0.2727931629989416,0.35333243635301936,natural
1749,4.387827647214415,0.18382444853248422,0.21165615548201874,0.6720140995851398,natural
1750,3.246684630427839,0.016619609590287247,0.10248035829626809,0.13319953655021954,natural
1751,3.264618789687573,0.004480235317717739,0.18344909564023487,0.0,natural
1752,4.668721858506599,0.01865503201521645,0.3286838490365819,0.3930790242698951,natural
1753,3.7129756886993563,0.18358111222613077,0.3880558269568696,0.40171426243232783,natural
1754,4.157869991453786,0.012670813946351167,0.03655703262999255,0.43435059103317814,natural
1755,2.397658053905172,0.017292794427633446,0.0,0.15200587848895286,natural
1756,6.132731303891982,0.1858917479523441,0.23702966828681615,0.1583584786342422,natural
1757,4.051745575824872,0.008008639434844571,0.42120483694581723,0.07319317152793896,natural
1758,2.4695194213187306,0.13132496279148503,0.37085003974731434,0.07914334125692134,natural
1759,1.5046407248183966,0.024275074773535278,0.16424107512319197,0.005796361092932217,natural
1760,2.473543859263315,0.06479601976286056,0.3061219844345951,0.4234299792152022,natural
1761,4.5980171123985025,0.016585451364458263,0.0,0.17868409401290444,natural
1762,5.020180213762363,0.02770747577918803,0.35789927821451567,0.15964628977040224,natural
1763,1.8533567227748031,0.004040020398543717,0.298409460755172,0.1624502201461962,natural
1764,4.234973781484013,0.13380155219571066,0.2212980146806383,0.7455476226366743,natural
1765,3.4368033709305474,0.16399869831773733,0.40636751398107385,0.20604091480110723,natural
1766,2.5678184857578303,0.006343110237990086,0.2451659762245954,0.18553499680694496,natural
1767,2.9329186416837794,0.1090259779598931,0.24319653734541835,0.14360420560097079,natural
1768,3.237811509240561,0.01254113355920066,0.0855212657964118,0.04210911973802819,natural
1769,3.2084389717619746,0.029468696173007684,0.0,0.07603886493493736,natural
1770,4.5663222272789925,0.03765105560095945,0.10232240908962259,0.404151792237748,natural
1771,3.2994578346484698,0.1599860871098569,0.18009261783297784,0.14554208825685097,natural
1772,3.647577946039494,0.33502326116948833,0.42133238521347594,0.30183340771699085,natural
1773,2.528436181540799,0.021260315390785548,0.2272682942253013,0.32232516574625725,natural
1774,2.2929100987314004,0.003370429146891762,0.2290747377781546,0.1923599246471627,natural
1775,2.829418261223313,0.032575865075407016,0.15928803807165315,0.0,natural
1776,3.8032303286941898,0.03739865089985445,0.04083047583314934,0.20461676255179045,natural
1777,4.1688276873547405,0.6359212669671337,0.08453512641015398,0.7727335945226819,natural
1778,3.174292955651892,0.01386051136602196,0.29442871379607133,0.21441772036649112,natural
1779,4.094662915619515,0.022699728888340317,0.17251762345939375,0.3111020029856279,natural
1780,4.178199001231791,0.2801618614543712,0.12084832365609731,0.25171499620741694,natural
1781,2.588014257106175,0.012717592870672168,0.17641909555632465,0.08572503691473915,natural
1782,2.4518654668868223,0.08171068863393718,0.1435615290247016,0.11365012800649213,natural
1783,2.4628733771917832,0.09806514763031939,0.286709053948715,0.5332943533751611,natural
1784,3.7474107529737015,0.05948283314106811,0.4817938250010171,0.23785112148095133,natural
1785,5.409922271924244,0.013006685482102936,0.055685554688932506,0.26007048904754587,natural
1786,5.838031663365043,0.1325895085020634,0.32001325562136657,0.4585681298751482,natural
1787,2.6067161563179484,0.1121006160957202,0.47861710298266347,0.6081752623222035,natural
1788,2.8472972165632036,0.04571655187319244,0.042450499092403185,0.2716539181932253,natural
1789,3.5535178777274434,0.059590528222121686,0.11114521768292865,0.024333280214183902,natural
1790,3.4672249885563065,0.05229057112300482,0.19073646463708716,0.0960451867553305,natural
1791,5.357467879001845,0.13857083565968584,0.3039250228898156,0.0,natural
1792,4.232524077024835,0.1596322820196378,0.19468843157257645,0.11621907726436902,natural
1793,3.3926079739971344,0.004139082249287882,0.10993048147948803,0.0,natural
1794,3.278534211863828,0.04159816206939054,0.0,0.03542803807015385,natural
1795,3.044694491828327,0.15922597933024923,0.2470696892604566,0.12694332428538335,natural
1796,2.9007901975386163,0.0770452322674225,0.3339460568002649,0.051588192141441995,natural
1797,2.2634035932201497,0.09275176168270106,0.18512845162627528,0.09166659142899568,natural
1798,3.3212149973977323,0.3027996882158784,0.13968115956476518,0.21106769631993613,natural
1799,3.87588524136351,0.0,0.36747750365445353,0.4195895630263799,natural
1800,3.2354000541071533,0.029696389179998745,0.15684754734990852,0.11993826384404462,natural
1801,3.7939666941679553,0.054589826801850476,0.2004766618717577,0.14704058980226936,natural
1802,3.8239216966180094,0.035884895188892575,0.26444754942769483,0.16206284300278956,natural
1803,3.8925827911093434,0.026412795031010752,0.03958164647352793,0.0018756448557458044,natural
1804,4.947366493266715,0.13985191939500105,0.0,0.11653240141562106,natural
1805,2.4871058241507007,0.16108593021844955,0.8234347303352934,0.4719432966149555,natural
1806,3.4620658097939976,0.0177486497363882,0.22001284554388115,0.22403110481991173,natural
1807,2.9055267778514975,0.04870330638529438,0.17936677260215617,0.09842419324178632,natural
1808,4.571699206509574,0.024174463597840947,0.1398171563648494,0.4776280963586863,natural
1809,2.9575824473264567,0.02015083835784616,0.0,0.2044231430775646,natural
1810,4.222182013498401,0.262952189677715,0.30283112829852854,0.17930540186636848,natural
1811,5.395984499289481,0.21871557135580982,0.21128570209947153,0.53013588277059,natural
1812,4.4813094752539895,0.4723691634925435,0.0,0.8115633258598121,natural
1813,3.577278902755635,0.008310166548778534,0.19820602240897528,0.06411550624047016,natural
1814,3.7014281907908653,0.10138867409530403,0.0,0.039162283548186905,natural
1815,4.406973275196222,0.2740056726634808,0.0,0.8529785198728583,natural
1816,3.3654687824710208,0.03602860786339797,0.0,0.280836579049093,natural
1817,3.4299644305011765,0.041806990811905795,0.19405038020943774,0.05527149888538183,natural
1818,4.627208597753068,0.013055872748970089,0.2998464313174266,0.3255730127264906,natural
1819,5.345074220383873,0.02807706642115291,0.06846074854926669,0.381143960133813,natural
1820,2.7828375542312527,0.0007528877655266843,0.0805246687828541,0.11343101735704818,natural
1821,2.4649313418742747,0.0621504608369535,0.20891249003724952,0.2828780327411756,natural
1822,4.157812181841813,0.19638839988991885,0.26724388126893095,0.4566378554126916,natural
1823,1.9631035759188884,0.015047395116844697,0.11395722394494258,0.0,natural
1824,3.047832945302379,0.01759055383311724,0.028909925154204836,0.09752873320777798,natural
1825,2.6275639838070117,0.023190514376976973,0.31742203368936506,0.14036972171817558,natural
1826,5.814626318644607,0.19786078090110312,0.19636824243078482,0.1697331693179805,natural
1827,3.3765344074723966,0.023384021020093987,0.2524743679775054,0.08195895269085522,natural
1828,3.5881072266200436,0.017151343725428567,0.30449216352082453,0.27723717019055305,natural
1829,3.3501723393340685,0.07849954722954763,0.28274746857105937,0.3028091908214035,natural
1830,2.532075777282462,0.045394995579764015,0.1101969392807886,0.17882237479234234,natural
1831,3.945608773819352,0.3363542383826855,0.45183532231326623,0.3891316298889836,natural
1832,2.4819838615444234,0.015203493387388542,0.08608301635063575,0.0,natural
1833,3.3951953395364933,0.017285317717605105,0.12469648321825219,0.15719949066451216,natural
1834,3.544449849619797,0.039914746058610895,0.23596672056825235,0.0,natural
1835,3.2073463473713764,0.050691671457711765,0.0,0.22281825123246501,natural
1836,3.8383520816083614,0.03569120073050694,0.18896453475046238,0.2830786239577993,natural
1837,4.075627684318809,0.07712073358561626,0.09734044080988088,0.2147256486667087,natural
1838,2.8608369656449466,0.022428540002111017,0.0716667299702129,0.2640574212564583,natural
1839,5.300944578149136,0.04955060697298425,0.40137332332124603,0.2639324990544698,natural
1840,4.8573110024975765,0.01594558490138507,0.0,0.4254208590730111,natural
1841,4.658757635882172,0.11712272486129152,0.2303324462603966,0.6381145417054178,natural
1842,2.162237052605056,0.010971930090248376,0.0009270284852003132,0.07633917951770099,natural
1843,3.0885947949012085,0.060909445835829246,0.37885407645140323,0.1224082673733194,natural
1844,4.430866662586204,0.21718577391962113,0.20676477624889156,0.40926198279934284,natural
1845,4.940767247908192,0.017198073552734488,0.062506784268716,0.11946915222796847,natural
1846,4.554702333611959,0.5702632317223448,0.2871698929950166,0.0,natural
1847,3.7651653082569534,0.04344610407065091,0.17756419900545994,0.3064680964670032,natural
1848,3.162414838708254,0.1421057298680401,0.26577722792120007,0.1388760053171517,natural
1849,3.31109263244239,0.10312605060446649,0.48564978452937296,0.2720982230775144,natural
1850,2.3465537591116163,0.015694479428592843,0.1456403213246279,0.1952549413225956,natural
1851,4.263298986856258,0.011086920406551808,0.07509269486278923,0.27778610676791116,natural
1852,3.5877234895778956,0.03271893363481507,0.0,0.07517381105205213,natural
1853,3.8056319117091117,0.01989506580281105,0.0,0.300513165835261,natural
1854,4.176974803965919,0.04752367854560793,0.28852005710550727,0.27323090146262163,natural
1855,4.707545461807875,0.0872264798599435,0.22752295032698547,0.19195853794956322,natural
1856,4.284743680960371,0.0796995526020871,0.0,0.03267842482323053,natural
1857,2.786942561498607,0.09625477307648464,0.0,0.3263384569962316,natural
1858,2.4791017068006043,0.09600359209628742,0.008728021472794976,0.0,natural
1859,3.45288483024723,0.013001356764170517,0.031878515381873,0.13433450283166895,natural
1860,4.815271918439675,0.5113973944580787,0.05060445024626079,0.13773037586661127,natural
1861,3.73770878119388,0.10744809355626744,0.050295036809605384,0.5415419621455014,natural
1862,4.126003106948328,0.08460484588316104,0.21812335201883715,0.3419869815731782,natural
1863,2.745144955419761,0.09931575599229839,0.5063179546637969,0.18309820759346437,natural
1864,3.626334707207118,0.014368078566408121,0.09972060580729586,0.28549231244189094,natural
1865,3.495024861154774,0.36395413709089436,0.41449014766024384,0.3179603045163099,natural
1866,2.678391342744644,0.3457990660881297,0.14948537808570167,0.36297142384002046,natural
1867,3.8175444931754487,0.6024470201869854,0.2786962164835546,0.1832467060352454,natural
1868,4.3983827708405245,0.008421948029370727,0.10097298532229705,0.3266714880968587,natural
1869,4.036698870113355,0.04564414232058336,0.07173032450269747,0.247574802610668,natural
1870,4.9005634241331935,0.038355716883750356,0.0,0.2962557149172959,natural
1871,4.204744766490851,0.05447553835363168,0.39062203217017033,0.1780291082107077,natural
1872,1.741964579249032,0.005443377987852609,0.12619922766908928,0.09481019083938452,natural
1873,3.5036663615091244,0.03000764027973143,0.0,0.028265139967723205,natural
1874,2.6293269146204743,0.049514382121376044,0.0,0.0,natural
1875,4.278347207798194,0.025702676004256814,0.17396962123109952,0.2885092393651886,natural
1876,3.4497919614845016,0.25585282126528014,0.2135634648671042,0.37521615100405703,natural
1877,2.631615647714182,0.05776273702718063,0.2941739715610237,0.028159618089554025,natural
1878,3.90393925585769,0.06422752237493462,0.039088243552898104,0.29512702764493726,natural
1879,4.969983824229847,0.18308532503631705,0.0,0.4807208872787308,natural
1880,2.747044117794312,0.15208545140147356,0.07226396946294687,0.5412062597977422,natural
1881,2.479455761053476,0.2004940586821912,0.0,0.1651304975158857,natural
1882,3.0601164562728216,0.2484511772435233,0.0,0.19575164691508523,natural
1883,2.118313807759441,0.059488462408765264,0.25277070687605074,0.18750894260206305,natural
1884,3.1702584194332295,0.08910126296903648,0.18942987986038592,0.08092085949387517,natural
1885,4.183499181773311,0.02722684321306278,0.08286189081534535,0.0,natural
1886,4.477018066696318,0.38182339786930275,0.0,0.34946198384850746,natural
1887,3.789901411608959,0.03680900305450968,0.07782796273348948,0.11889946094393668,natural
1888,3.788113277762537,0.024704931030179074,0.011450998906953351,0.11117944134810312,natural
1889,4.221920599212693,0.07213159782460941,0.08329266515941788,0.27331062986061067,natural
1890,2.2768798123614404,0.05132707248795584,0.0713097069603333,0.2441428503087034,natural
1891,1.828686975258316,0.02865432369144789,0.08038328601114036,0.09576024101279548,natural
1892,3.2494225853041803,0.016336422790685957,0.10511516668312203,0.13134707216840283,natural
1893,3.660362384455287,0.020155118349962937,0.1275298940530387,0.12200174663482105,natural
1894,3.335620890716283,0.04453380698199291,0.12155347547190175,0.0,natural
1895,1.9736087178122443,0.04759876178029256,0.23432889052755884,0.141753364813324,natural
1896,2.774774351817773,0.09636612209538789,0.34340966996683403,0.15167928286467944,natural
1897,5.241774883271766,0.027607705910237524,0.2538764770254414,0.14946730822413945,natural
1898,3.7166105775468337,0.036496132280410834,0.20380398823856133,0.1964462580414608,natural
1899,3.9782521596844553,0.1516136278531327,0.3193640769534572,0.37069170352520947,natural
1900,4.158090827467383,0.029065919830860692,0.5166720761308757,0.0,natural
1901,3.410026693219799,0.019587445725119588,0.37657159788887967,0.17180403670262667,natural
1902,1.9223034176545288,0.04473041103233261,0.2342513447481348,0.12540506223673495,natural
1903,4.184028859415827,0.06740283249957929,0.0025530940362683534,0.0977732586551428,natural
1904,3.272678966283788,0.0021455647351263938,0.24081817254627538,0.10079479659680964,natural
1905,3.5689992258422896,0.2799540555982281,0.09047101179932276,0.0,natural
1906,2.2285258279949764,0.005072155908103184,0.0,0.07966473998947923,natural
1907,2.6776091047481945,0.039769060550214945,0.5248201852062816,0.2781356070219006,natural
1908,2.466869011583839,0.016952272633911008,0.1725449128962292,0.21418254914928075,natural
1909,3.162083486486898,0.02572917502233951,0.3145216696607986,0.30328003415358235,natural
1910,2.2553043472244148,0.053563762240446434,0.24549837077604963,0.0501441492786213,natural
1911,2.8517083666860787,0.07871151645462299,0.41096527727759735,0.16898848946173603,natural
1912,3.6898431721906553,0.03594230238788228,0.22465754589685213,0.46473030001052795,natural
1913,3.6756663773930844,0.06218825521307253,0.1238977217729768,0.3022681976354888,natural
1914,2.8787220289084785,0.1836823069318351,0.28441299005723447,0.14818811256308967,natural
1915,2.7139874282565652,0.023500897892173706,0.31592366513316406,0.2127609107490174,natural
1916,3.266599197079047,0.09837917447253884,0.27830060523162414,0.0,natural
1917,4.984622595337914,0.3148172531269842,0.053216922141965224,0.29079377813120555,natural
1918,3.351048639432124,0.06251128395537554,0.3847737520865638,0.18035408625445887,natural
1919,3.616884476845225,0.37090860248086294,0.16028725242379682,0.34136865250647314,natural
1920,4.072822152104962,0.064381777666512,0.2776297352754502,0.16016693225356862,natural
1921,2.8036909112568518,0.05607734152224911,0.3518886001881212,0.0,natural
1922,3.0076890035106,0.024182910351946477,0.05408089357951863,0.19755427343349327,natural
1923,3.9703582189819295,0.03932723681458799,0.13251568923402918,0.21435593237983866,natural
1924,2.820306062601662,0.12983232339424555,0.16032514918957325,0.49419626651223647,natural
1925,2.6008212667112325,0.02473645936070482,0.2524225332163013,0.0629205692221315,natural
1926,3.190258675651728,0.058841394631532894,0.059984874027935176,0.12654232877022345,natural
1927,3.5591283595114827,0.43435975185808295,0.18599390309346353,0.4505185586265216,natural
1928,5.310171780287657,0.0906719649263892,0.022545867080559532,0.8142969120070896,natural
1929,3.9661223938643646,0.3550078928522805,0.05251473201815098,0.08760192606431647,natural
1930,3.598143842967789,0.015707853110997594,0.15951032424934702,0.10052807008861282,natural
1931,2.852280688022511,0.0830219859766497,0.3810499168556307,0.26447078612163283,natural
1932,3.545906905905241,0.007190224082764279,0.09762282743041573,0.062112054878526064,natural
1933,2.9651593198815758,0.09144156250594596,0.0,0.06874553835981458,natural
1934,2.822734515302124,0.03220059119328983,0.13956567488630056,0.06788360897295256,natural
1935,3.345366944448065,0.019338258067851315,0.09214738807565083,0.23973375156748383,natural
1936,3.963918532163755,0.014174985527272609,0.09869235983621277,0.24772270345935837,natural
1937,3.42261941083692,0.18794947599343192,0.12565442344115405,0.45370146625001934,natural
1938,2.5209917529036576,0.005153069311048885,0.13196018025468575,0.17181769983513678,natural
1939,2.6151514950601777,0.033327582859648534,0.0,0.3204580419032534,natural
1940,3.3836649948128286,0.4043053100128812,0.14308718099084922,0.43654630896544716,natural
1941,5.02951524250177,0.35034794880114956,0.2249508203466386,0.7013387346708865,natural
1942,2.8901761555276884,0.013779081539215404,0.1541808013628466,0.2652983122165532,natural
1943,3.0568040682259303,0.0652264883633003,0.2424952799107564,0.2793389262721789,natural
1944,3.294611310393665,0.04278758049109977,0.0,0.35955499308032507,natural
1945,2.6761978256450734,0.008376269350339506,0.20469702273941082,0.01827921143789591,natural
1946,4.5140033034847695,0.25724149428171683,0.1862262249387076,0.15546837272178954,natural
1947,2.34944276268804,0.098591321355863,0.0,0.1494986889218556,natural
1948,2.0033731931660133,0.0788732280012979,0.12670820842407615,0.18590583339400188,natural
1949,4.465873213717677,0.10733265576113493,0.0,0.48688049553871576,natural
1950,3.931684900578103,0.07886731603339973,0.0,0.3447203345817149,natural
1951,5.055171593498468,0.06739017701310995,0.20653562344710222,0.4017344832892637,natural
1952,3.170935053635437,0.025665891499484658,0.09867192155059105,0.2518385891023883,natural
1953,2.4850874442645137,0.051664752610917214,0.33776683791527895,0.017123328004572183,natural
1954,3.585606280271225,0.009567655411179874,0.13923708633019505,0.3717108085866093,natural
1955,5.019641858614627,0.4812436836614008,0.29815180711850287,0.0,natural
1956,3.118347327886147,0.008997069419406088,0.03673354449204307,0.2443752735852222,natural
1957,4.160160264380964,0.17858730749508708,0.17349272786609013,0.35077240937077836,natural
1958,2.8110322731176427,0.11348823982692913,0.0,0.17585744733506697,natural
1959,5.011454386859224,0.06523642074606613,0.1858884946198253,0.0,natural
1960,3.2542497775450965,0.08870225707950391,0.19136537468128978,0.11326860173288261,natural
1961,2.6499012709631673,0.30444338703272295,0.2881773727303452,0.24132506620431865,natural
1962,3.7403585078530743,0.023810045424898906,0.16051127414618532,0.23276447463117758,natural
1963,2.461779042179352,0.034224205216537316,0.019627778234841676,0.0,natural
1964,3.380770155619608,0.009569048090473466,0.08571132173054595,0.309659600287956,natural
1965,3.3057995996808307,0.06498577122038147,0.13494376335905814,0.08733360945159062,natural
1966,4.8158730977553805,0.0733477977398841,0.14261990308397354,0.7671959834964464,natural
1967,2.9924358208093644,0.03654508442929687,0.4165568569165817,0.11903177955785578,natural
1968,2.5712346377771813,0.083524940309794,0.10300080845554534,0.14653883672473486,natural
1969,4.30504075961092,0.28032219859342494,0.0,0.21962511007932134,natural
1970,2.73356956546539,0.0794588697508417,0.45357077888945324,0.044568754552416094,natural
1971,3.300203875991324,0.26073517212253094,0.32665199696757236,0.0,natural
1972,3.2066182210239846,0.03287173204236336,0.18010757886132525,0.5152588177027808,natural
1973,2.8175581895345,0.4165896403360514,0.07100565605970344,0.2569899449143417,natural
1974,2.035714303576522,0.007371975369796691,0.09970394931709384,0.031116221732826254,natural
1975,3.137101615176418,0.02131596804886674,0.04251216411030893,0.16668219159645392,natural
1976,4.800016521102034,0.09744445637875736,0.1274735316524394,0.11355029845735017,natural
1977,2.051006672805672,0.07066820073233021,0.14215163132546382,0.02129726604937747,natural
1978,3.508381882652759,0.048485241463912816,0.07340039924945273,0.18269724494640727,natural
1979,2.4055569578050893,0.02522145753197648,0.0,0.20290804786577601,natural
1980,2.0088273797021206,0.016774717218476908,0.04443040582073353,0.08701097348929321,natural
1981,2.69864275254414,0.012197261507354956,0.2624012023135896,0.15539346698129797,natural
1982,2.943000934432388,0.02354023774969257,0.2646831598652111,0.24158235343507106,natural
1983,2.9861601856091613,0.02620614382587971,0.1252765865934522,0.2981352141756826,natural
1984,4.294916729398744,0.06060790738654775,0.0,0.2857506222961368,natural
1985,2.548959161026407,0.006426020164759604,0.1283269835447063,0.24779297322069266,natural
1986,2.3196694821642025,0.1276762778162446,0.0,0.0644947324393547,natural
1987,3.09742288384637,0.6525243108464964,0.012032752309331839,0.47198418000835246,natural
1988,2.0038802557399245,0.038612358547995974,0.39743989625765785,0.0,natural
1989,3.613628077685525,0.04661049346094573,0.1799580697521699,0.1232257317974975,natural
1990,2.6119416702594935,0.3317574898110915,0.20916244937206913,0.3364471665536957,natural
1991,3.4682276185192626,0.199832281158444,0.15835847910410278,0.49115573875610674,natural
1992,3.8778432782495473,0.2632929091309362,0.0,0.12435165475431689,natural
1993,2.1962158707251254,0.020207989624912798,0.15305937757613275,0.05238822050551367,natural
1994,3.4694979120700684,0.006788298601340448,0.03308104225578293,0.27191189708908486,natural
1995,3.966603421042358,0.0,0.022575220754434636,0.10907332831875058,natural
1996,3.088248119733716,0.018516558624205804,0.24004535583675873,0.0,natural
1997,4.061640996732956,0.11331314930893108,0.1939513742958884,0.10827787888441871,natural
1998,3.4540561213259107,0.058522894138243665,0.17797732216988152,0.22824375339129666,natural
1999,2.551700205121644,0.3441603522712452,0.13212790488133175,0.281517595296625,natural
2000,3.547183927537107,0.13484934930268222,0.1456916842723172,0.10997872360625482,natural
2001,3.9013809456190995,0.004543772365238684,0.3934151248983834,0.3112081356199115,natural
2002,3.1741490594403956,0.27099917408283,0.08007555522262229,0.24715577583668477,natural
2003,4.993878466190672,0.09802867774913837,0.21804943228954313,0.790400398401269,natural
2004,1.8804451218338107,0.027715791728217698,0.0,0.19632401184767798,natural
2005,4.10241190379594,0.35158144870075236,0.17825459572066227,0.29568716387014826,natural
2006,3.1867743652261917,0.011537939830290425,0.15804079443777283,0.3713631189768057,natural
2007,3.314621527842742,0.0775636925505055,0.0,0.176542819455987,natural
2008,2.9131831418133776,0.01594695077358099,0.0,0.22501281507729137,natural
2009,2.5757018801093525,0.050691139823954234,0.11007040351178062,0.13638203838718008,natural
2010,4.102727389831181,0.2964704888215657,0.19260134322837755,0.1703138677898508,natural
2011,3.0794201995181263,0.017196292377045348,0.0,0.20429479089694702,natural
2012,3.8017264421501538,0.3515038263092809,0.18353918377513048,0.283147819542985,natural
2013,2.499525448106562,0.12334787901015534,0.04927666647803018,0.12230715984029486,natural
2014,2.9422950365743596,0.33973552032399795,0.0,0.07861971291411338,natural
2015,3.2849155450336185,0.08801944785224353,0.05826920372026145,0.08373988153231436,natural
2016,4.478554295125263,0.006058228900585635,0.2192326520076143,0.2194800418333672,natural
2017,4.61872650542324,0.17081322563852808,0.23371695692304498,0.5281108343116792,natural
2018,3.5665328781434136,0.015257072778599468,0.3600220768662126,0.10616188008303445,natural
2019,2.6223638532405955,0.04696289108747922,0.19783917732096326,0.1185919138885427,natural
2020,2.6752088053637393,0.043666724145848365,0.22294681177096806,0.08726268688158098,natural
2021,2.2010673066845454,0.0505174217814347,0.04212881819294718,0.2830333070052536,natural
2022,2.863547784155826,0.03288310435901899,0.10902869558069522,0.10071123879918673,natural
2023,4.97870692555232,0.012025927653221906,0.10481204385785772,0.0,natural
2024,3.009958579638963,0.0426414525785915,0.0,0.3012882472852654,natural
2025,5.214553113742495,0.2081689923535636,0.38106936203992214,0.13472016508217372,natural
2026,4.044765078412865,0.020379871886079533,0.12946215689257476,0.3535814965263661,natural
2027,3.5509717116250563,0.2762985539281886,0.16211377606489455,0.4850782565648638,natural
2028,2.011445327375859,0.03877521916846677,0.0,0.05044414624760437,natural
2029,3.0439795735172535,0.017418031614011967,0.6112420537616693,0.21782195732370463,natural
2030,5.254581249416546,0.011273845283355188,0.14450419147547477,0.14939951946756397,natural
2031,3.138529775335031,0.09114145068826997,0.3978043443274268,0.21514179679168646,natural
2032,2.9863917059371348,0.02956342806432805,0.2470616973886369,0.022738739996509213,natural
2033,3.0979736852992747,0.11838513093457464,0.2830267599732484,0.08649292294655114,natural
2034,4.4108560284356475,0.09253442228337883,0.18738793236983634,0.12710650068631205,natural
2035,2.1650737984084216,0.011433154952234773,0.1417649931422123,0.1089697632212284,natural
2036,3.666469996477709,0.054666814256910425,0.04378601086828844,0.21091770939074597,natural
2037,3.2433609551592144,0.4013414495819956,0.41320363119585984,0.358842272773944,natural
2038,3.067632803521492,0.07533760283358204,0.14209786190113538,0.09522704899215688,natural
2039,2.898409634025097,0.07765223472855332,0.21772594689755384,0.09729344437704265,natural
2040,2.4909752036210486,0.014362080664404812,0.29377123284531326,0.03432657536257702,natural
2041,3.1837800376220007,0.03038685810788282,0.24156345520703437,0.40604047734222865,natural
2042,2.982319312281573,0.14854400839000648,0.0,0.06426025954972103,natural
2043,4.172566634303846,0.10325102166970479,0.18608758462202532,0.44842711633696114,natural
2044,2.762632273120528,0.06152487931477027,0.0,0.34923172792948776,natural
2045,3.742110006591413,0.3327348113718983,0.25909558775536606,0.0,natural
2046,2.0618597196978823,0.0027615183766879904,0.08781163100090966,0.1409251122042726,natural
2047,3.711074326568132,0.0023767581310894215,0.1542685111534714,0.24782168158310486,natural
2048,3.143715230714973,0.14946342556648137,0.07000509547362144,0.292138199702242,natural
2049,2.1964355577193375,0.017798212725783937,0.20086756261721816,0.0,natural
2050,4.682297069153066,0.24141439703524023,0.3444530584569677,0.2947009683850221,natural
2051,3.764685668998026,0.07997842400151123,0.0,0.501981762168502,natural
2052,2.4227448389680384,0.0034699584484885176,0.1532130177518981,0.3089606859074336,natural
2053,2.8275602276312775,0.0,0.06972050030512011,0.1530495897047296,natural
2054,3.467626891047432,0.027977336212641753,0.0,0.19995788189524055,natural
2055,5.510846856613581,0.23060724439085023,0.0,0.17498861439528693,natural
2056,4.971100520455513,0.20425354702250711,0.3975440680985244,0.2277637700609783,natural
2057,2.585289241952013,0.0130179899681519,0.24552936574382503,0.09725672201317939,natural
2058,3.00829457233368,0.09234027999723281,0.3659788159675074,0.18263036595208101,natural
2059,3.8079129269757725,0.22758394037255844,0.0,0.2280853517783193,natural
2060,2.931824306032779,0.11871739493201176,0.14529371687332363,0.008333374202158707,natural
2061,3.2457668285413344,0.012526952189391063,0.10150260043377463,0.0,natural
2062,2.1705855300380765,0.048249997226133205,0.2483174931002402,0.10667833285162964,natural
2063,2.956864695491551,0.058374764067139776,0.0,0.3261066756798733,natural
2064,3.476230428796063,0.00874843412041777,0.07565859806432476,0.26981401214161393,natural
2065,2.924146304868314,0.09189185862880918,0.0469246412055831,0.08318704078769606,natural
2066,3.1758313301216408,0.06583397460995076,0.15909101539320766,0.2086557529725208,natural
2067,4.056517415414275,0.17370462861697109,0.06202651873860224,0.32745345472683274,natural
2068,4.122914297826011,0.1041127673249466,0.0406038274628731,0.0,natural
2069,3.3544317069110283,0.34102882846758864,0.1882298677254939,0.2459240833053355,natural
2070,4.269047597949231,0.041604251293172544,0.06531763585642442,0.07644661350243809,natural
2071,3.55502097663361,0.14248908957642908,0.22913410581755222,0.3544443628354333,natural
2072,3.3108375958382013,0.006466076847518157,0.0,0.1678919090731918,natural
2073,3.271900375972187,0.03715293607789338,0.21435299427659643,0.3756832705103964,natural
2074,2.036034427169657,0.03777243623514967,0.2977861840383313,0.31163647114540666,natural
2075,4.240919188332842,0.07812069879973117,0.18872487648354985,0.3845007752399123,natural
2076,4.774054581983897,0.5810284677527626,0.35455811578742435,0.15398271244889736,natural
2077,2.6662091595167365,0.030067215014777326,0.06377869345253419,0.0,natural
2078,2.5463027376531455,0.0954682817106611,0.26547577998991134,0.04489100497806973,natural
2079,2.431864000277409,0.0482478106349963,0.3253613639203727,0.23669517999908954,natural
2080,4.474223183732343,0.06314150491361024,0.39929835829010246,0.0,natural
2081,1.8728149728575307,0.11613950909060516,0.41319376792119794,0.0,natural
2082,3.6667072474725066,0.05476493053215248,0.03162304334866815,0.11988362642340848,natural
2083,3.558067197775005,0.004263812056759756,0.13325851241284276,0.0,natural
2084,2.802637611131924,0.009331449419852514,0.2081266470287279,0.2688671751652156,natural
2085,4.158690004842637,0.015297103740271227,0.1645284119754559,0.25882849747586656,natural
2086,2.292278829227377,0.11530264241375299,0.0841387304048433,0.21475891555258772,natural
2087,2.5732281904679737,0.021961489249265675,0.0,0.08182947721763498,natural
2088,2.1182700007747863,0.08052918491363209,0.15566298478817725,0.06651081528650542,natural
2089,4.185262563644399,0.006063980434485233,0.06680122876711891,0.13824387361589136,natural
2090,4.478245899441277,0.002866413543637912,0.2926261802563316,0.009854945656586286,natural
2091,3.310822391979048,0.023963881662152818,0.003180055195362749,0.3239175175923098,natural
2092,1.4834755459948967,0.01909184399436203,0.11285095432865108,0.10724280719995753,natural
2093,2.0985802945893006,0.0354680427034487,0.45452016204643714,0.1795997300221413,natural
2094,2.394261840454633,0.0751297872040168,0.1598610303130801,0.08765866416257115,natural
2095,3.1188853391573845,0.013625018649485267,0.1048259041834632,0.0,natural
2096,2.9775624091207256,0.05608417751002826,0.1050089435287822,0.04662926975345056,natural
2097,2.6190040437617714,0.036244863380114116,0.14523085776608144,0.28525381964150004,natural
2098,2.3762039886271147,0.010358991041483726,0.11190660365262206,0.0,natural
2099,2.880642307201107,0.4257891316758407,0.12285253817447002,0.51179609528592,natural
2100,2.822756093172662,0.0,0.0,0.0,natural
2101,3.528090556647627,0.059183805066590885,0.22088628524189602,0.7730190791273098,natural
2102,2.4196614780218706,0.06457674357241311,0.2968318790552594,0.09952190017230718,natural
2103,1.9020950205944682,0.023360857179268193,0.16277586269711272,0.09555163814142745,natural
2104,2.194115421920593,0.030470475592802287,0.10174272628862219,0.10457132524229282,natural
2105,3.8582989331505515,0.004714800388179908,0.3956018386573442,0.18272257194070185,natural
2106,2.830810507867157,0.022744927863446264,0.058330191118783445,0.25237418492318353,natural
2107,2.4049503132405743,0.015481905498891812,0.11985891928273265,0.05595777752669609,natural
2108,2.932290353870785,0.07124200239904435,0.0,0.044144087090061436,natural
2109,3.2226586468479868,0.011042905590128134,0.21749669361795226,0.15038265504883547,natural
2110,3.2738456171619212,0.12274719908005052,0.40470918347614765,0.0,natural
2111,5.303269050752671,0.05868730325725121,0.038523405921331494,0.43956381725572324,natural
2112,2.6843052710908912,0.04259114702938957,0.12181021278390208,0.1658114938652428,natural
2113,2.8898617744088213,0.006262446522728394,0.0,0.36880444555749353,natural
2114,3.0648863379508584,0.1062271091831638,0.29214366667988595,0.2928501994655918,natural
2115,3.6656130310175676,0.010528792348571717,0.0,0.17685772347438924,natural
2116,3.06945747499598,0.07891953538010414,0.4082125563061124,0.2704429156340881,natural
2117,1.8518459044189939,0.052306258106228895,0.23676437373954537,0.0,natural
2118,2.912681986884625,0.1502864311884471,0.0,0.16763223293582696,natural
2119,4.369433919615,0.015588313469250003,0.2073774981897972,0.030698980673012834,natural
2120,3.3532203029052283,0.24889186918800502,0.35525069886950117,0.21015088340475435,natural
2121,3.0811757664203765,0.031752134448034944,0.1972432450299411,0.25225070011100265,natural
2122,3.088638790317823,0.0308418987049231,0.03287996823606302,0.11985749929846023,natural
2123,2.0224676561896087,0.027578706622525408,0.0,0.3529194698618857,natural
2124,3.3707178648035216,0.32752612729609326,0.40418483944033906,0.0,natural
2125,1.9729080661246565,0.060232546763779184,0.18067474096351607,0.15799372023350627,natural
2126,4.417266847297185,0.010801802536410688,0.10454109563799688,0.16094530570374185,natural
2127,2.3223686141317317,0.01110553498608227,0.11770592973238454,0.1785594837861388,natural
2128,2.749737165350317,0.1457331023786269,0.31398908319885793,0.1739211898129744,natural
2129,3.8037763316251825,0.06405236310569333,0.2171921634309704,0.11669576865482173,natural
2130,2.704392765817374,0.035055091784352926,0.21712631844614647,0.11653341603553034,natural
2131,2.662751018839449,0.05285141270766997,0.4607430185968821,0.16430164547205878,natural
2132,2.948797776711524,0.638348408439969,0.09915056598588327,0.5646782487402959,natural
2133,2.531656178597989,0.00945405828625226,0.2841156730667901,0.1684096037060807,natural
2134,3.7401800967006427,0.25730058229803526,0.08749277520137105,0.26409614390307445,natural
2135,3.8753488638088416,0.0059088842341185575,0.08209432112369541,0.10486901365645374,natural
2136,4.700868178276838,0.30153957760364536,0.0,0.19766831667859075,natural
2137,3.7418203483782926,0.14140227925346122,0.03497299122743843,0.6343384652918737,natural
2138,3.24760031768309,0.025335257552989352,0.14674882040774923,0.19911240677874273,natural
2139,2.1646806162602847,0.005076916946980174,0.2857309909503425,0.1689819512135875,natural
2140,5.3372265074348935,0.03456695803871544,0.06090541062498447,0.27817633702204947,natural
2141,3.928410609295542,0.03811922340327432,0.0942064998467032,0.22351583686993118,natural
2142,6.132818142673873,0.232185589852823,0.28816046681928414,0.1648158067314664,natural
2143,4.972336365222608,0.4149528834887443,0.0418039021075055,0.09725386164470677,natural
2144,2.8152934673957346,0.09923239246413303,0.1304714466273153,0.18764575716607082,natural
2145,2.8712339208144844,0.08658359085548857,0.12059674380612741,0.2540678813158119,natural
2146,2.5262243971685514,0.060891053358142704,0.4188172508782805,0.11686578545569581,natural
2147,6.143352653668953,0.1920044293292653,0.19115665769429763,0.558292160879768,natural
2148,3.2842369110423886,0.27324053414333005,0.03963512247630274,0.04715527242596214,natural
2149,3.2219136223205966,0.05424479340876109,0.12709740261862287,0.12093464514162036,natural
2150,2.484536216718054,0.005262498196706497,0.0,0.21145070524850101,natural
2151,3.50930983560631,0.0049692657921231965,0.15170020865604214,0.23737396266378558,natural
2152,2.3830080190869465,0.051606225168760116,0.10901010718001516,0.2726516797765296,natural
2153,3.6766461875911514,0.0480334853389666,0.07590909385620667,0.21998510782255443,natural
2154,4.013353594994459,0.09170063246394185,0.03730729569670548,0.13948240839787746,natural
2155,2.0844912234543562,0.003582306347305645,0.19320651043480833,0.06853670694063095,natural
2156,4.026900059049966,0.010685867135830978,0.08076826856278788,0.18566931834688682,natural
2157,3.2277597801617457,0.2807301927962759,0.0027599631680129844,0.20980734765474077,natural
2158,3.0160043021935223,0.0387156721239843,0.344480341384773,0.242066209859204,natural
2159,4.4981516550234435,0.032635042488005306,0.14268312402675257,0.0,natural
2160,3.0384694575917703,0.0240318436141596,0.0,0.387525991163709,natural
2161,2.875370234435642,0.029932591139001055,0.06885911239700764,0.16552961937057442,natural
2162,2.9294782133251602,0.02994409640271478,0.17042603999892653,0.09023024499843638,natural
2163,2.5920337456102476,0.2653197598146228,0.3812313568445072,0.06476247398056113,natural
2164,2.7553924223840593,0.0,0.1813826446857953,0.09058797596196275,natural
2165,5.739459808203674,0.16468352920799006,0.49992295398825315,1.0,natural
2166,3.2933945958242377,0.6122545055063162,0.34368474756557743,0.483209037595785,natural
2167,3.1933175615936222,0.5266737624757091,0.04649933463626291,0.39737328768849384,natural
2168,2.4639022375443216,0.15906965486314922,0.0,0.25064958165134027,natural
2169,2.9073978683116386,0.04016452198800867,0.2652290650569024,0.25716727710092474,natural
2170,4.609568311509899,0.04814668668121819,0.2520111597436177,0.6118346370038604,natural
2171,3.0754847976004327,0.0,0.45446912175967946,0.16279561596490233,natural
2172,2.3334009122226873,0.07208425493974692,0.1007848597977622,0.08641862938139071,natural
2173,2.364076969812372,0.383233039021931,0.42048377618183136,0.0,natural
2174,3.381731922415959,0.002010116684228779,0.2318376509860064,0.3346547787347745,natural
2175,3.3036874320238643,0.028407538853660576,0.06644229142905926,0.059622487713525095,natural
2176,3.75858664686273,0.3707620940660877,0.0,0.23942200781373385,natural
2177,2.6212131814015485,0.024641575160453205,0.19779440069402568,0.00020005907919683064,natural
2178,3.6192146395456475,0.06990321910843877,0.1446031733772655,0.3676246705131329,natural
2179,3.262339778231267,0.24945307776015027,0.2686537362613165,0.37876924610664153,natural
2180,3.518002034184203,0.04601720763168688,0.17123641618720084,0.23054608602183962,natural
2181,3.6286796780430204,0.005124867734411997,0.38027696956069884,0.08546677211533417,natural
2182,2.4924035387370616,0.05472534100118454,0.30702728657191863,0.08574402644261453,natural
2183,4.68607536422105,0.12558115292513594,0.16058580121266916,0.2610279628321789,natural
2184,2.748953920450484,0.16496974479113807,0.4144807901377924,0.0,natural
2185,3.7788210723223123,0.31211810365619225,0.2423393023877474,0.5919468354655215,natural
2186,3.572571103188552,0.2492840640407983,0.26511366605817427,0.4454064198367051,natural
2187,4.029837962021884,0.0456057758163974,0.013814995103257472,0.31563249407455163,natural
2188,2.386392390294542,0.013736713295594283,0.00907662618629169,0.14467429827165634,natural
2189,3.478293006940532,0.021387253867003894,0.1979688851094261,0.2256876222830502,natural
2190,3.0680418517852197,0.008740029812062953,0.16019747566655673,0.02078151251586251,natural
2191,2.942904042215901,0.013631598380008126,0.25478161914225933,0.05620834789398141,natural
2192,3.9037533505759887,0.020037150644140897,0.028931599569616284,0.11058967689666459,natural
2193,3.1104504248408857,0.04375946680157041,0.012637308903962457,0.12202225292736771,natural
2194,2.987247259343711,0.06199085193929886,0.32955434398379413,0.3442252331567265,natural
2195,3.3790420502750984,0.1556025776119146,0.0,0.5950607647107667,natural
2196,5.072669056784412,0.025784478893613665,0.0,0.4644090825201401,natural
2197,5.98690509725924,0.005814454868004352,0.0,0.1954678300123375,natural
2198,2.857930435437947,0.0,0.22021150619027718,0.2692961607687932,natural
2199,3.9124171486049315,0.24134162590396588,0.1490955640213235,0.15682682353259603,natural
2200,4.438831654483471,0.16671983269777688,0.036138238149128345,0.002479277974048108,natural
2201,2.606054505097889,0.10885840704197014,0.15203387893181922,0.6058738333760767,natural
2202,2.5250111437670077,0.06630205655070182,0.1649397960681954,0.08620323402380191,natural
2203,2.951002136926171,0.0,0.3649835060212088,0.40898895528266843,natural
2204,3.129209787634161,0.04832398436933364,0.0,0.0,natural
2205,2.776594108501538,1.902913564182899e-05,0.221628656567975,0.041510501091455466,natural
2206,4.394805733644,0.02846932181195911,0.0,0.19312639805652257,natural
2207,2.28827432578826,0.0374171728254309,0.15944107513478872,0.1097108686814454,natural
2208,2.2053894703215122,0.030455043691757267,0.13185045136280266,0.14090634672247712,natural
2209,3.464796963035732,0.015736705338581226,0.0,0.19844977320330381,natural
2210,2.105910160285053,0.021475121767799456,0.0,0.2319173950305994,natural
2211,2.826456950489631,0.06384691619083271,0.1447821752183112,0.18762829296971867,natural
2212,2.604072385335977,0.1339796493153189,0.4566491291802718,0.47763640134225116,natural
2213,3.235274176011644,0.0062849496045316,0.05031229021965794,0.23354471688987757,natural
2214,3.1110551497658028,0.008428847142972318,0.02129125475695595,0.12997954959011007,natural
2215,2.942964085930621,0.04810969172260095,0.12344103628194922,0.22689337666039106,natural
2216,1.5891420714187636,0.017833129002483718,0.18166508892534203,0.2476811741401876,natural
2217,4.243285525267583,0.0,0.19129537396023463,0.4274744146706252,natural
2218,2.9049458160813195,0.06580715736246746,0.48760653202278365,0.3551091001607217,natural
2219,3.639298952575893,0.18804892722879893,0.2184909475051285,0.15609637546950472,natural
2220,1.8258959112461846,0.0031939356678604585,0.2510626437637253,0.1968842512724855,natural
2221,3.17191908779243,0.007863067552180532,0.0,0.359596978397642,natural
2222,2.846665638685348,0.4186916277169241,0.02800698366721642,0.3989692242773567,natural
2223,2.881786688484888,0.02559352667009362,0.008019077802739024,0.15287954708880747,natural
2224,3.0653210189312965,0.10036670507002102,0.4064166661893112,0.49238134036199144,natural
2225,3.3343748350618188,0.0,0.2422839847499696,0.22332390894807588,natural
2226,2.2241676230086838,0.018278575771897447,0.012228136265932426,0.08559924510248902,natural
2227,5.403794408568524,0.28899498444792865,0.19360539605519306,0.8526325520171795,natural
2228,2.99236784704752,0.11962949448917902,0.12372094875523051,0.019353709835083364,natural
2229,2.5215399937559644,0.024122474875300254,0.3698706754019428,0.09158650075117532,natural
2230,3.0472821906426013,0.013029069168308371,0.08043641728447544,0.09541433743747002,natural
2231,2.457813466574466,0.026462435573072225,0.2226749241322693,0.14947200201683433,natural
2232,2.4750344217539624,0.06107089167193792,0.5378625608989759,0.24040343140536444,natural
2233,2.5770466210074225,0.04782892780550025,0.3035439316383254,0.0,natural
2234,2.942690467805824,0.07057007380751136,0.0,0.2191985277089041,natural
2235,2.7865393177671542,0.08786480635592643,0.1700232763869468,0.1351338068779371,natural
2236,3.7209040132575226,0.06680081980574744,0.0,0.10938246353812989,natural
2237,4.122067432256901,0.060917715993159635,0.0,0.4773951533170431,natural
2238,4.0715751745310556,0.013244255763434647,0.3055187147088374,0.09278745092846333,natural
2239,2.8617687267465035,0.0995802953367648,0.2013203191939901,0.4610428006161087,natural
2240,3.5037867505566282,0.3809465933676377,0.04510176321724487,0.07678799201462141,natural
2241,4.309591678013896,0.006323217892841825,0.0,0.49164359678892433,natural
2242,4.874516930746648,0.06101908382317601,0.5228249741534711,0.4564273593769745,natural
2243,2.7621436847123424,0.012979633353281372,0.021954543153041312,0.26964840073010765,natural
2244,3.9383321744854993,0.03325322989073966,0.2559423009370739,0.1844788384826059,natural
2245,3.7631939056485213,0.045156463230393545,0.25638537507241327,0.024872040642801425,natural
2246,4.327747036062877,0.4787694754422041,0.10633062432432347,0.1421249362362489,natural
2247,3.1075322703940764,0.012964881295714376,0.04336308478326423,0.16717722916961766,natural
2248,5.708415153929691,0.05511979833941051,0.43588444794265246,0.5068179608143895,natural
2249,3.3577725133210965,0.08459137918729993,0.27073172093673165,0.0,natural
2250,2.983564694363945,0.0129410147126813,0.029562809816475074,0.4425358216863559,natural
2251,4.90368746844959,0.04384010906617264,0.26635626175746935,0.19145384330400392,natural
2252,4.298067365414142,0.03540391115322499,0.11214950397788076,0.06261371024844023,natural
2253,3.0340111230034936,0.17994047903453605,0.016453529854777122,0.24964332617175528,natural
2254,2.3909767352363125,0.03682232409828485,0.1762228117709267,0.0,natural
2255,2.9253442835018415,0.08411981367102443,0.0796760810946321,0.5353911361929753,natural
2256,2.8660162671268923,0.374189840521756,0.09381574665853475,0.017849866589191337,natural
2257,2.1528973402146803,0.08492669621022304,0.16349252269350772,0.1654083427741325,natural
2258,2.805918794723412,0.0027939057111710515,0.0,0.0757982639071468,natural
2259,4.828987002020548,0.162111000974046,0.11239766454959572,0.4124347598513991,natural
2260,2.0892718202689364,0.024303050095099272,0.0,0.0644793314269005,natural
2261,1.769141929090977,0.06661332159367622,0.05462605207389104,0.09270727048735411,natural
2262,2.2386908438056405,0.016112838605951748,0.07917575522802334,0.15064156592890146,natural
2263,3.766847483990054,0.015431647578001823,0.32820845796174886,0.09201349488841604,natural
2264,2.7483320905024695,0.05876659122685179,0.19427276723382958,0.31915820852586907,natural
2265,5.453834420310889,0.27610971606686463,0.2703048478697285,0.42831567606666265,natural
2266,3.305022201131156,0.04792384166487871,0.21441338165828747,0.29124115503882697,natural
2267,2.2255143161252957,0.09237153724648617,0.33861159790200396,0.14247003718165088,natural
2268,3.333749459602788,0.010325131222406641,0.09192957362845607,0.36755166777029874,natural
2269,3.7249900416066053,0.12268362602779932,0.5704429173356075,0.10746109403617642,natural
2270,3.179991953420191,0.02950927836273007,0.24800381358212023,0.19015365506362095,natural
2271,2.6228979959999514,0.02162671862984058,0.22158950551831083,0.01670809491366329,natural
2272,2.7139227534620134,0.08431643333125782,0.4177236438915322,0.1264885927130026,natural
2273,1.9409260666998538,0.05367729833167606,0.2205969389842831,0.40054525965398374,natural
2274,3.298331179024709,0.008377150555804043,0.16316280213999948,0.28651723800082063,natural
2275,3.273977081929821,0.645925071960742,0.1487777986840568,0.44076441439672565,natural
2276,2.0857539500202593,0.013983230729059803,0.11453999234712382,0.0,natural
2277,4.033196850558036,0.004725148851019038,0.023691605788078118,0.44262660802994214,natural
2278,3.7655712206454632,0.02363139397055497,0.04990009937116523,0.2174152402045228,natural
2279,4.3707856179965425,0.12288850465428618,0.3030634222855809,0.15205452743882258,natural
2280,2.7027386653847882,0.08107986445792681,0.013087339288111243,0.46279916137461796,natural
2281,3.171079376145253,0.0,0.038583660420211274,0.0686747819489037,natural
2282,3.964491944162442,0.0342059657890145,0.0,0.23189288805608826,natural
2283,3.7623889885001494,0.2139403464315818,0.3036145078644614,0.15772772401462262,natural
2284,3.1761931857004964,0.04793514391219639,0.054914529955798215,0.08969384826471,natural
2285,2.502874008743739,0.007368842939436204,0.4338253712321082,0.20213084979536605,natural
2286,3.287437969946188,0.03339294489348156,0.0,0.1189421539402438,natural
2287,4.10402178137707,0.04392369637964072,0.0,0.3178878966139614,natural
2288,3.1365191041327405,0.015752872364799407,0.07142629589137733,0.23320844161074614,natural
2289,2.6980388952622483,0.47263089270231906,0.15685788953083696,0.468894621667876,natural
2290,2.9370690177014174,0.04038543642781552,0.06058404315348151,0.17934154083351864,natural
2291,2.960712858244619,0.09307237483271581,0.31463620824434896,0.10903520401207548,natural
2292,1.997661093752341,0.04812186235594102,0.29685435209042926,0.058235026537752345,natural
2293,2.4169504281589065,0.03394083983768963,0.0,0.34558341954060673,natural
2294,3.9591283492711264,0.01227047067010945,0.0,0.056926670192816144,natural
2295,3.667796028037292,0.008122436836195727,0.04959215529478271,0.16149303288721586,natural
2296,4.151876501446781,0.01686681816582483,0.05863388758589757,0.15128417863896548,natural
2297,2.7413489092019847,0.13687805721207977,0.03560161695261027,0.29693111968137553,natural
2298,2.8662739793305274,0.024508945614074296,0.0,0.030564115821413707,natural
2299,2.6626592007366794,0.0580506299714609,0.1447703488118223,0.18161028731590406,natural
2300,3.0876391183404603,0.0018872958742182592,0.0,0.2901200877140733,natural
2301,3.8607846763682105,0.21010911434970203,0.0,0.29381090075751837,natural
2302,2.599529370475566,0.037947912793794704,0.0,0.20003140500445346,natural
2303,2.1201691489421686,0.004499132158338555,0.25383285053893806,0.0,natural
2304,2.860595335315877,0.015107718408202724,0.3294940463297514,0.05982366825898937,natural
2305,4.594508695047406,0.190946669059327,0.1428942669534584,0.6595460350922979,natural
2306,2.210322754122284,0.04627571319691765,0.15173987862378316,0.1874521135397165,natural
2307,5.085316537050349,0.03330904976193175,0.04138945497295142,0.06617528995060364,natural
2308,3.2552573343165516,0.007429751149024931,0.13609843145517528,0.4711633042712399,natural
2309,2.5338580239867814,0.032421235799808115,0.3166425612369103,0.054168201398103875,natural
2310,2.1807661345192373,0.0603506966742504,0.0,0.0,natural
2311,3.041638994787575,0.08963007137814953,0.23969795239477346,0.14148012542196362,natural
2312,2.527971413573359,0.1520155404685336,0.3974017389453887,0.4564922398902074,natural
2313,4.543750280180336,0.08445735151000576,0.06429997253134925,0.2995075813327559,natural
2314,3.27459489904974,0.02382503431253541,0.27329532430656617,0.0622674581362974,natural
2315,2.388506143159024,0.005504357311341108,0.09713030247920817,0.12952041579744786,natural
2316,1.9892786896685075,0.005464946676588049,0.015584707148771736,0.10345376557775735,natural
2317,3.690120351618226,0.19760415525800787,0.22830605072802068,0.07852549186876566,natural
2318,2.9151326667448605,0.08541133501742339,0.2638071368257324,0.2357113881588037,natural
2319,2.383958082188419,0.05878141792674056,0.05596662761424385,0.13441996513823415,natural
2320,3.3051960602985417,0.04818216916708381,0.09790540002318772,0.0760383293132928,natural
2321,2.415066590269956,0.012146543525953221,0.26109377449967336,0.054139412505767086,natural
2322,2.9542513640931474,0.005645011887664246,0.0028898063720663556,0.22235833494874813,natural
2323,4.875165016346027,0.12906822383949398,0.2977095558000075,0.3895394524598964,natural
2324,3.7386578040531737,0.017869451294772843,0.2579933471475153,0.1215094345052996,natural
2325,1.9720396304881058,0.00576786997084376,0.26170876339155047,0.14636689420723398,natural
2326,3.7156616710438444,0.04205950392262281,0.16600053914629895,0.24044530725400068,natural
2327,2.338213718422148,0.06717024447106491,0.013790828895512643,0.1748567360217009,natural
2328,3.5682669489166905,0.05042306607716763,0.17533211074689692,0.26050169529357176,natural
2329,3.8847680244317244,0.0682747068731193,0.28709448127129145,0.0,natural
2330,4.219908856443753,0.019964640099047873,0.05275518695069734,0.0,natural
2331,4.303585288163372,0.2732307175665423,0.3066343529243851,0.08833144488564038,natural
2332,4.406715251869055,0.0,0.22729839730375062,0.15934799284501303,natural
2333,3.424142014126807,0.03900176155803982,0.27160544822560395,0.3134478322702754,natural
2334,2.5657819620084394,0.02243526074936673,0.0,0.10990083480676473,natural
2335,5.289427688020783,0.20616958952527156,0.13059293806965513,0.10701184114482853,natural
2336,2.2216426468001744,0.0423372891289452,0.0,0.3240183368406804,natural
2337,4.62442805587703,0.18130548758316686,0.3266274012483605,0.3223890092357275,natural
2338,3.3472328224447563,0.16734161458092792,0.0071248444360816,0.13366442918343655,natural
2339,6.459172260152773,0.2688033408596109,0.0,0.10681657619596398,natural
2340,2.9315927471666092,0.09066792416853153,0.244369589521092,0.28173163669762596,natural
2341,2.1983965899318996,0.40383058803420085,0.2535580588265648,0.2291021464764976,natural
2342,2.477467944044423,0.058539932935396305,0.30571508322045304,0.21777229209193363,natural
2343,2.237133902964975,0.047172946788862816,0.12599108570849207,0.0466196382708025,natural
2344,3.5561173914426654,0.887364289571533,0.27532683285807796,0.20930752599405392,natural
2345,3.2234878924824644,0.20025308936768874,0.059375967867608855,0.16701217801520002,natural
2346,4.5046911100943685,0.003762587753096594,0.1432530876411895,0.24820484222705153,natural
2347,2.7576395821182618,0.15599693705309953,0.04259592029932063,0.26504341132721015,natural
2348,2.7114983821454763,0.022326732413047477,0.37343175921515837,0.25145220200295293,natural
2349,3.415590616461578,0.5355145543280755,0.26261858496307294,0.8542981671749347,natural
2350,3.928919342077533,0.026177886185993992,0.0,0.16732115541834106,natural
2351,3.038783547238523,0.07624463321127517,0.4320083260932098,0.0,natural
2352,3.224000360900713,0.028965325580227973,0.1617168996169779,0.0,natural
2353,4.8287318267600075,0.31583841481105807,0.05988764196295738,0.505092936579233,natural
2354,3.9343442750853193,0.018533974688979687,0.3970944465783443,0.014921032654473499,natural
2355,4.352640925219771,0.13242983043932396,0.1946600529151437,0.3600845588254656,natural
2356,2.445141022131023,0.04309875690748442,0.0855933160001376,0.4076178078442731,natural
2357,4.807894095824915,0.2515999068088953,0.28038646957030944,0.0,natural
2358,3.356499963681313,0.008516146321439702,0.1799600995191579,0.22582625121527725,natural
2359,5.701898716567739,0.0862436238176882,0.0,0.21557793870376443,natural
2360,3.550666173801858,0.04333436431119521,0.26379868249957583,0.14714711226039795,natural
2361,4.281582242676041,0.039649264492481434,0.0,0.4331018737130845,natural
2362,2.2285442971408904,0.002596911682141893,0.11892677743283991,0.05844108685024618,natural
2363,3.835569225609525,0.45646116412886517,0.0,0.5123266368101953,natural
2364,1.9930080554385994,0.040171663622521656,0.2748855539831704,0.14186551145261272,natural
2365,3.0433354523825016,0.0050697730282593355,0.3628099671522464,0.49501395279565585,natural
2366,3.093043902692209,0.05529572249024831,0.06433180525086508,0.05327876241181987,natural
2367,3.418299816923619,0.1043614308008315,0.3002078811445904,0.3075151961032953,natural
2368,3.6843673383002424,0.7324309775781963,0.2709692473166124,0.32807119763069226,natural
2369,3.1760894431498983,0.13142454325385372,0.12122392193080346,0.4097503898201551,natural
2370,3.448031049093411,0.34192155898971316,0.10639826805439712,0.0,natural
2371,2.729578991375124,0.011768959654947482,0.14555529860906607,0.2613637251491933,natural
2372,3.4528342742539175,0.07457244022514148,0.0,0.15436044335745328,natural
2373,2.53602887850652,0.017956581667312174,0.25959413313902946,0.3020546786408646,natural
2374,3.8050254452179333,0.03590964360361632,0.23463133196341898,0.5138787056693452,natural
2375,3.7533799299244643,0.09790066870357292,0.2644061293702168,0.0,natural
2376,3.194180583253584,0.039797478888966425,0.40216252545838377,0.12237805044308593,natural
2377,2.491739094006126,0.05393821810557455,0.2037373894541822,0.010443246662489766,natural
2378,3.0652697556291106,0.09857018064732598,0.38576411837192465,0.14737246914966307,natural
2379,4.653093155011872,0.3245001430241284,0.0,0.00495232813110003,natural
2380,4.121546552333042,0.01501029042629287,0.28511402650894174,0.14376309977548662,natural
2381,2.5826845738313247,0.025248535090598795,0.028003778845528765,0.20986425241564904,natural
2382,3.6698733716392926,0.07925925249101298,0.029037251593030423,0.29640939051166426,natural
2383,2.7482575049824827,0.09370882214949293,0.15329869540802965,0.27996447198498897,natural
2384,2.3839378951216146,0.022404002309799907,0.18023832157673272,0.11181877418898578,natural
2385,2.9953614970236297,0.032098809499907385,0.0,0.22154108585262083,natural
2386,4.662188866126861,0.6567986867909537,0.36001803981950176,0.1446585585216214,natural
2387,3.093029794120929,0.004779433225180177,0.020852420930275124,0.15447730905726245,natural
2388,3.077508128314776,0.10165223476376696,0.1505618617548543,0.1116641927299477,natural
2389,2.2696327277332484,0.02942392362984932,0.0,0.1110451314230143,natural
2390,2.474445791827008,0.004105681986843938,0.15117726247659713,0.09959867159001631,natural
2391,2.539737662246886,0.015352368469403736,0.16537429514124363,0.2319832574671938,natural
2392,2.035362803496704,0.021600186276874583,0.16553350876964784,0.11254187503037008,natural
2393,3.845092919639369,0.012414109529909985,0.0958144837959396,0.6479633661289178,natural
2394,4.598139185342308,0.22109323391182903,0.1275172864438091,0.15633413216144784,natural
2395,2.8548739842119413,0.03212049274067744,0.10558388776623184,0.10190433057568242,natural
2396,3.135309667819077,0.05735393085802448,0.36401094799932254,0.04864852018146583,natural
2397,3.4989001874251033,0.0,0.44614442933729126,0.0,natural
2398,4.694266156931255,0.30029258615323157,0.3899973790730071,0.11696664327508044,natural
2399,2.21077861659325,0.022579029942273707,0.11462618280934803,0.1416139048463579,natural
2400,2.3630008297069485,0.03480742697051513,0.3034402938384656,0.10891930850707336,natural
2401,3.8313904183177288,0.6136403674983496,0.3055011899609097,0.6924613017106724,natural
2402,4.838514809701349,0.0045489707814959975,0.111440410248076,0.19710088617697138,natural
2403,3.8847576836738535,0.209923271159831,0.0,0.14408539760457342,natural
2404,2.771997491983956,0.23257475732176944,0.35753465723796773,0.2534083351363333,natural
2405,2.766202090765896,0.03924941703327995,0.3061256667799151,0.3179020346623031,natural
2406,3.75417264606669,0.4496526840561173,0.17173422007453656,0.484306335330863,natural
2407,3.8057001556854453,0.46996368598457705,0.045776707849496036,0.6701643116438483,natural
2408,2.7323503763622012,0.06091016697648949,0.2255580290769804,0.22666046277397017,natural
2409,4.564511995920927,0.13040852170822162,0.2299526477471356,0.43343970457919223,natural
2410,2.998442268998842,0.06564722817343698,0.10028248642355038,0.0904696157718196,natural
2411,3.0109068598431437,0.043529572687307366,0.24195100831426267,0.0,natural
2412,2.625516428923779,0.009941762465548088,0.0,0.053764383123482536,natural
2413,2.4645157819035703,0.019179119318098757,0.09651852401839106,0.2063771569383232,natural
2414,2.613478621501924,0.014975310240646892,0.26146419819967104,0.2445247867612941,natural
2415,2.9805397829410807,0.021016778227629426,0.16947023828202248,0.0503473047852835,natural
2416,2.220914174858364,0.3659031540657641,0.030200637717976483,0.07357582767865062,natural
2417,2.9315469011897055,0.10529104544344936,0.12427092813515175,0.22914130027500693,natural
2418,3.3616081176870365,0.5120493778192442,0.0,0.2623533777948566,natural
2419,2.3285446901644318,0.1322557026290663,0.12099436909029386,0.12247899209144203,natural
2420,3.469775610873155,0.019941412803392886,0.04475231999331659,0.16883920021254578,natural
2421,3.5882544329791966,0.02705576632913447,0.3344428694919642,0.26831633179174436,natural
2422,3.6974684076432465,0.012282838778619444,0.08248199201707596,0.05495998084993804,natural
2423,2.5801910907216636,0.05703838083653789,0.09372488273981047,0.23869015837488694,natural
2424,2.7302158679879076,0.09898511360767163,0.3121856063612127,0.12422643827543875,natural
2425,4.304425154002277,0.02903201981407536,0.2761084559275898,0.2346201610906402,natural
2426,1.8700498526101759,0.060465852097607235,0.22194763492783393,0.1865546599912526,natural
2427,3.7307278586925143,0.049063851743010325,0.12171360854971137,0.13596692570466623,natural
2428,3.142024129671451,0.04866432552369481,0.5791287429678585,0.0,natural
2429,3.244050964755344,0.13567084773785523,0.4432529077703587,0.08452154546315653,natural
2430,1.3700426167052737,0.10378601634198141,0.0,0.03730019397402421,natural
2431,2.3155216412130786,0.01504551665863742,0.3301621928406909,0.04975813903080312,natural
2432,2.3145795392205706,0.010627022901164754,0.6238196093589155,0.3205211051322141,natural
2433,2.435739420058416,0.12223190154251966,0.21753226120761257,0.5271053754908811,natural
2434,2.424104027393131,0.02977202285604412,0.3213825121832198,0.12211998034813613,natural
2435,2.8385892908743147,0.2919282525883435,0.2259935804874303,0.5111783845520413,natural
2436,3.383618669720963,0.07424398196781604,0.2560836547640103,0.019050231267856856,natural
2437,2.7693297953593476,0.022148575725597575,0.0,0.41660480944778316,natural
2438,3.2952961394436406,0.07603921896618397,0.4007979811980611,0.21397555725210657,natural
2439,2.8117302601385865,0.011121941034662259,0.4831217760569739,0.009046511803975804,natural
2440,3.279109363576083,0.044728175737700236,0.0,0.24213898023848007,natural
2441,2.2706422424042882,0.1826788736139926,0.11681338614595348,0.12967457737297086,natural
2442,2.6502059111257075,0.036899265679830894,0.0986884904758078,0.23458755957888208,natural
2443,2.5764017219609587,0.04683404870408703,0.08662522426680222,0.28136699376664037,natural
2444,3.6126818459928467,0.01286641621304918,0.14917678521210465,0.2254832038061416,natural
2445,3.0248683639277414,0.2582068249583419,0.6666319257198758,0.13186249868823238,natural
2446,4.346842043740265,0.03536520926700638,0.0,0.22509608563864136,natural
2447,3.503062843187396,0.03505187196147698,0.0,0.2867941037316224,natural
2448,4.8219586059222115,0.007265938820099721,0.1504346568765143,0.09091764872674381,natural
2449,3.6337334272429307,0.14423630968433687,0.3884909752058068,0.6023397600225483,natural
2450,4.479043715965578,0.008060894905484174,0.21888398683503285,0.269258035692088,natural
2451,4.15616703310773,0.46814959855085597,0.07806395174652024,0.5468832574577248,natural
2452,4.11968420092732,0.10062154037311125,0.2928036394884611,0.0,natural
2453,2.5341302827611245,0.1435974198697096,0.5373398658763409,0.31924175069585425,natural
2454,4.468881232347031,0.24125108773876044,0.26332646205858656,0.0,natural
2455,5.190687430587757,0.02944614544868683,0.11687339042301678,0.15616614332808582,natural
2456,3.248651638713491,0.3922969543556561,0.10478378355508802,0.48272608919743276,natural
2457,4.514969378456945,0.049174518053155876,0.3512572066502145,0.2864226698656535,natural
2458,3.659355824815748,0.009318500565397998,0.13651563529468919,0.08433510619122962,natural
2459,1.531827500130131,0.011739992763885172,0.0,0.1363531095463291,natural
2460,2.5807618175144804,0.00809615194144686,0.18720433706573303,0.07998446504445533,natural
2461,2.4534699016858403,0.2354957617756003,0.23448317342067512,0.21842446028264031,natural
2462,4.1193862724112575,0.056514912145966385,0.0,0.3119961170925746,natural
2463,4.638441329590362,0.1476790694381762,0.05846567564566347,0.2754090927793819,natural
2464,3.6123954980332083,0.00556191537558867,0.14938171508661094,0.6046722447879631,natural
2465,3.1536052007448188,0.017507531144405956,0.07057279678100946,0.0,natural
2466,2.3504620014933497,0.08664632149276133,0.13852543249777655,0.041730317671713216,natural
2467,2.227850971276836,0.007852911761379882,0.05904526877965184,0.04994991805889869,natural
2468,3.0044979210289977,0.041829248299918464,0.33451961729042917,0.11981303149243681,natural
2469,2.924424826567577,0.050079497615191676,0.0,0.14412046904988374,natural
2470,3.130461071880317,0.01768412103851333,0.0010290585359463721,0.10864653981406774,natural
2471,3.1634196015311535,0.2013161083268208,0.1391844417018232,0.2192431907940031,natural
2472,2.060238343478962,0.020232528695227396,0.07134459262392694,0.13881964950721912,natural
2473,4.003242078367264,0.007268942437082612,0.1017831228565074,0.0,natural
2474,2.5532164052583752,0.27451294336224247,0.0,0.8915369815027123,natural
2475,5.353435915675272,0.15651598408514186,0.13629849688196494,0.16162016797143602,natural
2476,2.6853579013167703,0.2146985944761787,0.45484906247395374,0.21399516592476078,natural
2477,2.064819159713075,0.020629388424084284,0.0443550580479123,0.12919729262373741,natural
2478,4.019435094934134,0.020180919281537275,0.26205493145738795,0.10642016456017746,natural
2479,3.473317360739811,0.03951958130386173,0.04526334603009887,0.12612908395777567,natural
2480,4.060226598796683,0.07572985785644554,0.10124338205076826,0.0,natural
2481,2.3742210418123086,0.0068469259604391425,0.1860582054976475,0.11873874217768267,natural
2482,2.981718136430197,0.24555344846684107,0.1002138752189716,0.05420034313258965,natural
2483,3.730642212484783,0.2124538076984761,0.09540264957399851,0.0,natural
2484,4.837160725353896,0.0904697264459732,0.10123018353143882,0.4029806813487992,natural
2485,4.606985336961234,0.0,0.3024488850200573,0.18179830995689195,natural
2486,4.2970701839614325,0.27933943223213126,0.08021648869305457,0.23675346650080026,natural
2487,2.985475841987085,0.39177029481638503,0.38403856182244384,0.05989197207700577,natural
2488,4.094187434367139,0.058114069471135135,0.276773149560126,0.0,natural
2489,2.87474176098048,0.049695025676433864,0.345156564177241,0.3947910741733824,natural
2490,2.639260307326231,0.030621837377719802,0.18131511122872007,0.1085013071547978,natural
2491,4.643371470090156,0.1298618002303775,0.006553169952957011,0.6029122120078567,natural
2492,3.12153812724631,0.017094737667465984,0.39825463762467905,0.4860304697091169,natural
2493,3.362619232771558,0.008316308398313406,0.27165367433347504,0.16556408365853298,natural
2494,4.496724278253287,0.2342766498861695,0.037509887786317864,0.30839066206205257,natural
2495,3.54242703569035,0.033620592605798215,0.14919625504389297,0.04083021194281891,natural
2496,4.281543914912066,0.009431907546596318,0.04995233259321808,0.29571845146130044,natural
2497,2.9071538178398644,0.06672529261702,0.35454180408993846,0.08155550211599426,natural
2498,4.199259663701853,0.22158692069480726,0.10682123929106815,0.4431690240663739,natural
2499,2.9200059360176063,0.2218066260132602,0.041143645655844274,0.018920047606736493,natural
2500,4.646363968653158,0.013622502796374735,0.0072251496245052975,0.2644784144680235,natural
2501,2.2003323814451976,0.005138516404690681,0.08656384352885943,0.13875344367886597,natural
2502,2.108111915347722,0.009122358942222185,0.03877224587609872,0.19756605458661022,natural
2503,3.1564960078681903,0.3262902415630838,0.023113058836308896,0.5809664355951791,natural
2504,2.354668155487576,0.025263104558751852,0.10277224985587878,0.4893413706156557,natural
2505,5.7649932240650035,0.032657731521275865,0.10395712912558165,0.4579799591074033,natural
2506,3.8293806868047753,0.04328624145452074,0.0,0.21650169033197397,natural
2507,2.4627292751903624,0.07412066140708523,0.02275006348183253,0.24798210647775792,natural
2508,2.7627581480813275,0.1721629800970875,0.27196619500498104,0.08282250106530722,natural
2509,2.4887904088974864,0.011030453720109593,0.0,0.04203580546773886,natural
2510,3.407813329088756,0.007452549689791953,0.20945491017880516,0.23070397473873092,natural
2511,1.8292627907885441,0.013202201799769026,0.05372227383730858,0.11316482412878641,natural
2512,3.194080182204336,0.01579918487158657,0.048498441960148395,0.13265756852413488,natural
2513,2.566257181529504,0.06295907562895987,0.061117485901284296,0.14167333712098207,natural
2514,3.297848065694124,0.29027602093630495,0.12552553338608063,0.2286209926041711,natural
2515,3.4947229602196024,0.024760604988352336,0.5966002677465838,0.47399729040695554,natural
2516,2.9380384710948513,0.010468452065885625,0.04787758438923348,0.0826932806529274,natural
2517,2.7527452643675887,0.05667739842035724,0.10125631104784295,0.0,natural
2518,3.2232779640938563,0.5450117627365787,0.17690219352624606,0.6326082411941845,natural
2519,3.1512140694120707,0.0072193140034611525,0.1434393571469096,0.18732901711677621,natural
2520,2.4659269680305975,0.004480696835019375,0.13947075081480786,0.0,natural
2521,2.498559622626472,0.014586987293892437,0.13743983197068138,0.273016737108425,natural
2522,5.180416855999552,0.3776606343229471,0.21165462708316815,0.2720412295547866,natural
2523,2.57211499042583,0.08323867937729361,0.0,0.3960729986272517,natural
2524,2.88628625816799,0.0824915542483618,0.12831139279689288,0.22341442407672837,natural
2525,3.21437296465697,0.07966650813936157,0.0,0.38227822308511894,natural
2526,3.298188724964777,0.03587897456952997,0.19067991374009344,0.1877985479929831,natural
2527,2.989685669486115,0.08238828563743203,0.20726654808189665,0.038284876260138094,natural
2528,4.398011050152049,0.046701840749331855,0.11403019099746632,0.2136652306355155,natural
2529,3.154525690423243,0.08921235794344146,0.034408609916348594,0.1881079373326995,natural
2530,2.563668005316762,0.07519504521574986,0.058017305540862964,0.22133894670544932,natural
2531,3.1784067625574353,0.0,0.0,0.0,natural
2532,2.9310685252552497,0.00895717591127513,0.077778367340146,0.0,natural
2533,5.124187103827446,0.020236647103948676,0.382274310828111,0.0,natural
2534,2.552966516448908,0.03645169250667711,0.2436796333038008,0.17022188005223196,natural
2535,3.3273765488133775,0.007558826450394056,0.057153769931735786,0.20416856977448686,natural
2536,4.394741788571982,0.6485487524573839,0.36635701590275743,0.5847248959116436,natural
2537,3.5515321450747948,0.2555360155219294,0.13017402172048056,0.0,natural
2538,3.488435373435386,0.060621432436737115,0.09705797145234954,0.25995480775640933,natural
2539,2.097166860356502,0.06942773259406781,0.0,0.0,natural
2540,3.304059193994387,0.1381519836956576,0.0010154798107998998,0.16270094026718962,natural
2541,3.580557063021858,0.13086460554933518,0.0,0.08173446474538659,natural
2542,2.9521256369271405,0.013678428204041856,0.14959006627458848,0.08530450369351028,natural
2543,1.892939052138717,0.04937211208995152,0.09993733525273481,0.1719921474279382,natural
2544,4.033653750586877,0.04158200147570735,0.0,0.22155715619357425,natural
2545,3.4532461980826525,0.4435147553352145,0.12914846325200888,0.4108080386007808,natural
2546,2.5173607776385807,0.030215769528565434,0.1699294193352957,0.14782506356048822,natural
2547,2.070715414882801,0.02813290289445287,0.025442450258302312,0.17254526373964382,natural
2548,2.927495329781229,0.1031337218630608,0.4754782089168129,0.21044854025072168,natural
2549,2.5075893814445505,0.029216984146396178,0.0744131130408596,0.14340512629750496,natural
2550,4.883181220906304,0.016190493069435933,0.09871104309006827,0.0,natural
2551,2.6230264667821843,0.06911487844216051,0.0,0.2492433259711071,natural
2552,4.767581751013589,0.03439687316741494,0.2910500726263388,0.002426161539722648,natural
2553,2.6160675398411004,0.01764454454272452,0.0,0.1953874027317072,natural
2554,3.2783646314199646,0.09992910971178139,0.01415525616261304,0.2967183438181452,natural
2555,4.381812247868257,0.2702334205191929,0.09431800190712886,0.4795924175376426,natural
2556,2.9078599786445434,0.13873591142066785,0.3065050832291398,0.2889964214173988,natural
2557,3.175729055900725,0.03155096153990773,0.33348005938097197,0.08325031401830821,natural
2558,4.842819109568827,0.32154189059553684,0.1749611556792705,0.5959026558692349,natural
2559,3.6234625385782486,0.010058023088596692,0.0,0.16465088140645603,natural
2560,3.29189419147734,0.11401966110633881,0.08463964754973026,0.0195863814164529,natural
2561,4.901262464546454,0.35256469685741954,0.2691891995521379,0.7640988342496743,natural
2562,2.480398628357665,0.050587987272431405,0.0,0.2911219007301778,natural
2563,2.22368895498594,0.023986053369407432,0.25826838070261937,0.0,natural
2564,2.33511154794427,0.03196559542836911,0.0741777754096758,0.0,natural
2565,2.777682635965583,0.011752934282098015,0.11021758521504303,0.026764137728658238,natural
2566,3.263596315267548,0.0048318854358769215,0.08590814178440857,0.11354955816454815,natural
2567,3.348036427455319,0.06895166582051693,0.22076370326269276,1.0,natural
2568,3.6047766182694447,0.1412515701614606,0.1285861568503668,0.40169143563744697,natural
2569,5.443434961467129,0.11093985030042507,0.32406756279901033,0.276297190099939,natural
2570,3.076288248169697,0.40172808062392645,0.09344487398681961,0.1862663980584831,natural
2571,2.629817737556675,0.004214498332741796,0.12503133859845977,0.14760601524512676,natural
2572,4.723179195474847,0.0,0.4137486495084579,0.17231910805267514,natural
2573,4.535856888132966,0.010755847712262097,0.2065106784098436,0.10785598568604482,natural
2574,2.887133022824476,0.06891651224444928,0.3462712093956857,0.25460424296855716,natural
2575,3.0318616530564735,0.11403478126117694,0.1588966814669915,0.15842296796414715,natural
2576,2.6965841354232634,0.09239383406978123,0.0,0.12594041155203436,natural
2577,4.875334474338134,0.027569231005508867,0.30703714649096253,0.3061945343112656,natural
2578,1.850688006133156,0.11105774226217417,0.30297933603781146,0.27104993075297523,natural
2579,2.6452953849308547,0.02622560685883482,0.2800899537448723,0.4538223820396338,natural
2580,2.198173444065017,0.06951115991274899,0.5065391737808856,0.45980540837251754,natural
2581,5.890995740610713,0.24171580064944315,0.15270527823233893,0.22319352667510553,natural
2582,3.6459973041108524,0.6506397367851833,0.27456328801529667,0.29946255424860474,natural
2583,2.3191180269662355,0.013177004809997154,0.22632153708438937,0.18519665589427453,natural
2584,3.4712078180490695,0.018921100633829284,0.20516749487588107,0.27635333263260337,natural
2585,3.674639688966318,0.11954925512518501,0.4382899414823195,0.04618273712827067,natural
2586,2.8618091446295066,0.06885044762818028,0.1317893858169691,0.23662667251414707,natural
2587,3.540680681867711,0.025506024879750053,0.005947729550283029,0.028992015973731515,natural
2588,4.384784823576526,0.14782016077976753,0.1256849061712292,0.19396697559554754,natural
2589,3.2776210552343303,0.2497077195532736,0.04608614464306264,0.0,natural
2590,4.298043419671197,0.21123571144499198,0.11086756999914904,0.09719068208635082,natural
2591,3.8893241195602815,0.29146860385203105,0.49877456453534974,0.40583584071765516,natural
2592,2.5482245367361336,0.012464371889624066,0.08912465712821929,0.12296634272354881,natural
2593,3.7754383099718423,0.0786152636561271,0.18655142071421157,0.30209075711637434,natural
2594,3.225027619514785,0.11230293502525293,0.0,0.4763817190848866,natural
2595,2.234071289475307,0.040591302815042286,0.250916239491092,0.0,natural
2596,3.368442880950602,0.05833541278230184,0.018817077201552027,0.29998485466591873,natural
2597,4.19017907874474,0.02784335007811713,0.27962043818053556,0.0,natural
2598,5.564267138166427,0.008369518365776676,0.20870353273511802,0.21136892504147814,natural
2599,3.953136351368344,0.017417715559913765,0.0,0.046768252556915225,natural
2600,1.9144431556479824,0.026412002977080566,0.1557969710649598,0.2609516212504665,natural
2601,2.854079244852051,0.11164331416169741,0.23499414138806146,0.02830779922293544,natural
2602,2.8907722784476584,0.4076993083721043,0.2951027605672058,0.3217066861233527,natural
2603,3.0341661416554953,0.008466989755013988,0.0,0.12376470137830754,natural
2604,2.9565605098999517,0.06284272174527356,0.25756437004503124,0.0,natural
2605,2.8918876201015387,0.0,0.0787482431145266,0.09272417956606083,natural
2606,2.982365094296053,0.01444335657301434,0.15939748160355705,0.21530209097060804,natural
2607,2.544703235461178,0.36015934566657537,0.28226452897950877,0.19487477726018304,natural
2608,4.312316005945158,0.0775381777770317,0.10326203901944962,0.0,natural
2609,2.556342818983396,0.012111604615604074,0.13200201196910397,0.07717415041196918,natural
2610,5.385552622507405,0.01613258138373655,0.0,0.6650421388956204,natural
2611,4.624831446703551,0.014230764913709388,0.11446613175965177,0.35364235174541825,natural
2612,2.3533979847045,0.008803345299227407,0.10361939928318596,0.12070207494133962,natural
2613,4.5876302295564555,0.010735293552722288,0.4685082945734363,0.26490078278625473,natural
2614,3.225312859017336,0.0755130264672148,0.029062670692583673,0.17114314250125034,natural
2615,2.8070462534012797,0.4748465864513191,0.007723417241254271,0.19335715940521347,natural
2616,4.1419722524796905,0.009230592134670491,0.030134751252910832,0.0,natural
2617,4.411651102965897,0.11096727992473177,0.03130786958909179,0.0,natural
2618,2.869455826013349,0.7189117945622836,0.29226020599713554,0.14005042810606538,natural
2619,3.725568715337744,0.14961816651111956,0.11671587749640779,0.17083337820068525,natural
2620,3.7617754431561274,0.2566330517417678,0.23347438918289257,0.6366259157043699,natural
2621,5.194471167617443,0.07191064849692202,0.0,0.08887894600681799,natural
2622,3.414904277918319,0.023214230445629536,0.0,0.0,natural
2623,5.181061379408394,0.0,0.036621402294528003,0.38203381976834105,natural
2624,3.3584962403376455,0.03180253486179538,0.18769316818963092,0.4327285164014805,natural
2625,2.328511172325934,0.07411745963314262,0.08973800989284103,0.24154348538455458,natural
2626,2.6181717327584617,0.05727092632037714,0.24117077223665728,0.28527344580288716,natural
2627,2.061623494087033,0.011812412177601752,0.03380776631051488,0.06599847605358608,natural
2628,3.2653230215153135,0.41931469488970763,0.3125844828123905,0.34553714219128834,natural
2629,5.203428683614821,0.04795709628738857,0.2075720625270376,0.3574599817273006,natural
2630,2.564847103566534,0.01668050994817049,0.0,0.0,natural
2631,2.358401145929774,0.02199825396058778,0.4243658266976083,0.17600305493541424,natural
2632,2.2415416363996705,0.09355737622699188,0.22143194200679847,0.5412148221663132,natural
2633,4.138835207368973,0.1026699159226221,0.24306721922264407,0.09598192549329206,natural
2634,3.6610723412621686,0.019064702425790267,0.0,0.42038819970919494,natural
2635,2.954496534980948,0.011378776861519368,0.09251444618031719,0.20550254722226377,natural
2636,3.2433150999183065,0.08007957642725179,0.0,0.23131473483219708,natural
2637,4.218423332383117,0.016947424333649073,0.0,0.4817890379875106,natural
2638,3.6776389919593684,0.1301217612630728,0.17613776624610689,0.29427127088610117,natural
2639,2.895256362725971,0.002866858534991912,0.008866063793563353,0.0,natural
2640,3.443542118604965,0.04643120617841486,0.0,0.42429365244704786,natural
2641,3.752824092391054,0.007778895765123259,0.0,0.2891967603198165,natural
2642,5.061752624101719,0.03856319623523942,0.0,0.09724675702719321,natural
2643,4.340973816795368,0.061383707873283615,0.14798305236357656,0.3715424093360622,natural
2644,4.549977376067724,0.027790765827992826,0.0,0.38295316395329443,natural
2645,3.3088417628733664,0.09791045441830769,0.5375657973467012,0.2844010169971106,natural
2646,2.0387381203677895,0.21516599664070943,0.25351106863793643,0.21664007898057414,natural
2647,2.268975320255777,0.019068372572812818,0.07262983602016868,0.060800909220817996,natural
2648,5.132354431504361,0.05167661081040044,0.2690397006570976,0.42245524330083606,natural
2649,2.6980715258685084,0.04044314566856972,0.17863807133547394,0.0,natural
2650,3.527076918897675,0.02957209897044552,0.3663985895173441,0.13758494388417694,natural
2651,4.982440214252004,0.38784883760337874,0.22754671669787938,0.7481042615537209,natural
2652,3.2509564742719714,0.08778760901703535,0.32716898321996724,0.2713561497419386,natural
2653,2.7040931910444357,0.0030502397705071556,0.20435479117954072,0.22416431458324268,natural
2654,4.462872914957045,0.18104594912076735,0.2573978370907779,0.18189174351478501,natural
2655,2.3325007114560568,0.005364980542744889,0.21571441509226735,0.17246895307165522,natural
2656,3.279804500062569,0.01207463838980551,0.18405858462278302,0.02691168355118868,natural
2657,3.0263307934638637,0.015590228868847079,0.18428726699766868,0.1323338458610136,natural
2658,4.307688454663403,0.37340999018737087,0.28699859743317474,0.06293477994317176,natural
2659,2.6148590091722093,0.004563656870389689,0.16099839986602155,0.14045913810229846,natural
2660,2.644541006713032,0.036120851451234046,0.285929858095283,0.1287370621444,natural
2661,2.5928927348685895,0.009476729810346885,0.3512685605749031,0.2720970765284484,natural
2662,2.47307207891609,0.004916179935467041,0.12738881698104818,0.15429668602806182,natural
2663,2.946120283510378,0.017269292100720014,0.19800770607691726,0.31708939003789205,natural
2664,4.986797231971301,0.2579016551196895,0.052918481183308386,0.23057267834556275,natural
2665,2.8242059084400997,0.01301727924876386,0.1991820524777891,0.49326482776480896,natural
2666,4.549637597287251,0.5417439779701374,0.11985491726405453,0.7736760805851802,natural
2667,4.534704386815703,0.017807035636963484,0.28240640932677324,0.09642325543198219,natural
2668,3.9477473178980227,0.04274827252331566,0.18926060737781342,0.40185459720505623,natural
2669,2.877774100383947,0.23794281965584269,0.3050153900737233,1.0,natural
2670,4.763734549124281,0.0570153280729323,0.3975436543807479,0.27419797437675425,natural
2671,3.2995394784567056,0.07335666728452467,0.18499627646686173,0.0,natural
2672,4.607483434350071,0.030228397117199917,0.10349382644354709,0.1625736392595198,natural
2673,4.219157794062819,0.36765803385732343,0.36269708717557314,0.44706133435449424,natural
2674,5.11812149731897,0.3792783365610874,0.34272939351032283,0.3636118429829927,natural
2675,3.5737491259283765,0.44336418291817686,0.23537932985575738,0.26947061856499066,natural
2676,2.847540034424883,0.20887708793840393,0.1999818554168482,0.09475294727637223,natural
2677,5.078760532610575,0.16178473784996136,0.014162481051422525,0.36163447728272585,natural
2678,4.098406303473361,0.009295912919566881,0.32376131356929816,0.01643470476452651,natural
2679,3.0531910102487503,0.029902434843794054,0.2843649546447809,0.41329106968054097,natural
2680,5.592949640703213,0.09624020616454418,0.35670892195902665,0.17143644818948606,natural
2681,4.775044961880654,0.21826921002433983,0.2528523753772416,0.28344100057631677,natural
2682,3.5924030529301985,0.01193009147025952,0.2536741947523103,0.1332501549907328,natural
2683,2.153432360997198,0.020171110973283012,0.11115922691829555,0.11953250553040758,natural
2684,4.044951626681168,0.14621236392646175,0.0,0.5982318733693923,natural
2685,3.1903699018077525,0.5941746570009766,0.0,0.02437574400689258,natural
2686,4.140140426961897,0.4644035356666053,0.27331765656371815,0.12635914125004766,natural
2687,3.689324150761577,0.016134004920503812,0.12218209017197416,0.32401217830003143,natural
2688,3.092631265513458,0.08893824705111185,0.042631129830894975,0.17752271884567844,natural
2689,3.266001479514832,0.1091503377000043,0.17905398595727,0.22836865719044155,natural
2690,2.7073938220758147,0.030889092764473495,0.13211386582226783,0.15037446796594064,natural
2691,4.07832029874098,0.041456035040228795,0.08059020799026093,0.14838076623691332,natural
2692,3.212847462172739,0.022707917124761827,0.43951840527921515,0.36906987321844925,natural
2693,1.8071395945114546,0.05164498595184035,0.0,0.13080871578680808,natural
2694,5.250481208052652,0.0,0.16991927736718604,0.6949435233241602,natural
2695,3.447080180287464,0.01277977424704153,0.08940981401606991,0.2610899795285,natural
2696,3.497152535464096,0.021017900618797162,0.2690933905399685,0.14694013646526796,natural
2697,3.3058024210949686,0.10896776785932508,0.390974681628313,0.25230166416871264,natural
2698,4.4089802983794035,0.24770886635716133,0.39136546652799903,0.4338366076581058,natural
2699,2.8460856127011134,0.013207098257320962,0.2266734239370667,0.1182867134207657,natural
2700,2.4251805835219287,0.08184655694400163,0.26267777005163273,0.2791948936173693,natural
2701,4.171887476740511,0.17153102621745156,0.14745246046312968,0.16401392919678295,natural
2702,3.6800440733219446,0.4274498064176377,0.3426903341732333,0.25363599848890134,natural
2703,2.608897797736306,0.03815068812324789,0.0,0.11692160060949362,natural
2704,2.539069832262568,0.03321568947675909,0.24510306064676943,0.11120471055386709,natural
2705,2.438573617268704,0.0,0.22043094873792948,0.049423664593398454,natural
2706,3.4632647386430686,0.060188278951472815,0.3541707748008175,0.30320408693137163,natural
2707,3.1608813970045704,0.0,0.22263723184503537,0.014394541719041644,natural
2708,3.812059462254223,0.06548751447088232,0.2947050673976455,0.5677214704172066,natural
2709,4.068662612963303,0.1036394274148539,0.08617362580873168,0.1649474231712125,natural
2710,3.046269488237254,0.022370103397342685,0.16417041533187596,0.0,natural
2711,5.217347433486594,0.18478465618689172,0.06506423387664358,0.12515116737384835,natural
2712,3.2002584497053737,0.10382832244238917,0.49181862742535654,0.1568390438387648,natural
2713,3.6223147396780244,0.0974215765668867,0.0,0.30449325121847554,natural
2714,4.763993315825543,0.011996832671144382,0.13769054345086626,0.20625474214429668,natural
2715,4.3003535472448675,0.0239042703271237,0.39536540023437183,0.384089638108102,natural
2716,2.5657115223859708,0.06337565999563018,0.2466671023734465,0.09122941815713304,natural
2717,3.86852222479192,0.028930848320968167,0.024145179597519648,0.18007951679815573,natural
2718,3.3793570283570724,0.1664943255850185,0.15577411746415218,0.23191005256597896,natural
2719,3.3940921675465305,0.013170344792580764,0.16704937038865575,0.22530116410621404,natural
2720,3.907588131270962,0.014785730001254953,0.20403789077225729,0.21252366539579248,natural
2721,3.5818576109138722,0.06882303584838978,0.05839965976182792,0.8856272081282971,natural
2722,2.913145907713515,0.24326066335729585,0.31483940087254914,0.46894793028191756,natural
2723,2.809269927529252,0.015203173258354987,0.342754016320038,0.0,natural
2724,4.552259765859466,0.02759514267084075,0.24317783679497487,0.13481774916087524,natural
2725,4.027330064207263,0.0615113374451422,0.0,0.45968750730205116,natural
2726,4.394591985005672,0.16707081552403485,0.027055171783650377,0.30869899749419993,natural
2727,1.9798120330355133,0.07432939680104125,0.0,0.28246971980926844,natural
2728,5.681265243788975,0.16492363283166972,0.5175911292109174,0.11369625578227442,natural
2729,2.701835936836519,0.06393031399772497,0.20075579730460566,0.4169548527375958,natural
2730,2.7312060986076996,0.05354079072057441,0.15991236588984506,0.14166183997219428,natural
2731,2.6894919257120473,0.17467506242185082,0.3264049126440284,0.17533729624395372,natural
2732,4.929329398611588,0.12494125771765417,0.1846826215374931,0.21600334948252878,natural
2733,2.660039325514793,0.022975133698371633,0.0,0.0,natural
2734,2.5645860241689364,0.20755331455619053,0.33092262118793314,0.06480585746011117,natural
2735,2.630542263518906,0.2710617890873785,0.31427941141997245,0.20985767020044477,natural
2736,3.186966231855555,0.03399753726010297,0.2527358444974654,0.3452533384935789,natural
2737,2.5269025135329874,0.004434493061948048,0.02080876725687863,0.0,natural
2738,2.2803658461602065,0.01557548683610246,0.0,0.32773726242820683,natural
2739,3.4451462255102254,0.011942261230963144,0.41377182487962555,0.0,natural
2740,3.3822278358626994,0.05934317111234294,0.18537257155975612,0.2045668832207394,natural
2741,2.2300183620911813,0.08066355637320446,0.0,0.03761481487442422,natural
2742,4.042240521536462,0.0591702182711349,0.04788154786542519,0.540104175839251,natural
2743,3.746063370575397,0.0769428413783948,0.050205554653383354,0.21053106597777366,natural
2744,5.936696638495668,0.08753398748317592,0.22034472229758972,0.10246604730795637,natural
2745,3.336414614039037,0.029493761443459273,0.2246794279082236,0.6799340356128956,natural
2746,2.1038051337568815,0.001629610972843226,0.09834092486835443,0.16548781014154038,natural
2747,3.7288760547199242,0.027076006599239446,0.13635539849642286,0.23320650471945512,natural
2748,2.903842727531458,0.035425626691334706,0.1882088432548258,0.1739590695069838,natural
2749,3.379944707755555,0.04053488942970436,0.21835503037718934,0.26630066701340493,natural
2750,3.2047442923220717,0.005520244703932444,0.21094032062528234,0.24815007978993342,natural
2751,2.1156145693196433,0.027899022294816184,0.3128022711507208,0.10457615219854968,natural
2752,3.052944984741503,0.0806148723616477,0.2698425007660145,0.34272100710513603,natural
2753,2.93039009606046,0.07435447862213965,0.20191516514921085,0.12772658366459427,natural
2754,4.165914219421233,0.007365825433291003,0.10913803214524428,0.3493379720735477,natural
2755,2.8214362514720035,0.008813463746110622,0.1150321512979329,0.059098177220444637,natural
2756,2.3632877489290403,0.03612410632589716,0.0,0.07960786174989964,natural
2757,2.231880453503803,0.12426197788118339,0.252014614922241,0.3558582289835493,natural
2758,2.820153997600876,0.011174203118208409,0.17566399298653088,0.1956478216332657,natural
2759,3.6987443509303275,0.805243802533552,0.10645900023907999,0.26120744811391183,natural
2760,5.024402196945204,0.025083392650164783,0.24935890869352967,0.18974447870867783,natural
2761,3.978355940714959,0.06220815793167539,0.32815727920067206,0.21970679716946753,natural
2762,3.0074806538527254,0.012111671859622792,0.20906141537554568,0.06049317677897958,natural
2763,2.9033129499332246,0.12938899726960543,0.0,0.0,natural
2764,3.5690792804253615,0.877209292112498,0.14598451964309367,0.0,natural
2765,2.292668657232833,0.026972731941322447,0.0,0.1235836351915842,natural
2766,2.5243633535125043,0.07565450594450635,0.30610279622122444,0.0,natural
2767,3.2164034950310145,0.029937806032149905,0.0,0.0,natural
2768,4.554340657505606,0.010097210421448144,0.38969673614845424,0.18218801574079804,natural
2769,3.23417666769288,0.43916390860166316,0.14044106658406763,0.2658127874134713,natural
2770,3.771619236566289,0.02477834050862099,0.22237104541363267,0.041009215625379875,natural
2771,2.983743198724424,0.07562631109984652,0.11788559574987098,0.07063653958599075,natural
2772,2.595751344560565,0.08527924742396915,0.02948200847139766,0.25544026925903424,natural
2773,4.595734400156013,0.1575499116998912,0.10347510356844877,0.06853846538272766,natural
2774,3.1959634794750884,0.01887070369112445,0.3332474651612585,0.11757011601589826,natural
2775,3.80334416904559,0.26351078483269114,0.14663105757165543,0.31611173783204477,natural
2776,2.3873135312396117,0.0,0.22293609278244617,0.3543593375473235,natural
2777,3.7650363973674117,0.03987399611295653,0.2976592118020464,0.09439439892181684,natural
2778,2.4438817887131887,0.004982210770825674,0.03649363796403791,0.0662883573022709,natural
2779,2.547915636113955,0.04622568141063265,0.2757021006137072,0.41898783155094715,natural
2780,2.566808618965295,0.018059382769650915,0.15000844909880873,0.31376372167968714,natural
2781,2.4732761883191596,0.016802891866173182,0.07369494258387155,0.14723539864605997,natural
2782,2.5428580076406293,0.01589374447462218,0.02078936774585079,0.15847555528111823,natural
2783,2.297657219010084,0.05492136704994532,0.039024383448281685,0.20812818756697385,natural
2784,3.1506304235952,0.2447986766386364,0.43255900565075667,0.47881825225232555,natural
2785,4.4589065581899385,0.31577789266815304,0.3636430077440786,0.43132936209660244,natural
2786,4.322483135414435,0.0,0.17886791495271104,0.21920263347798374,natural
2787,2.9086995859787472,0.014692200871898441,0.19394919331674018,0.06534832995246079,natural
2788,5.746253627267578,0.44123255930200106,0.25113098041535903,0.41852362604834015,natural
2789,2.4983292782062376,0.09581012245067805,0.17366478995444046,0.5695389888644186,natural
2790,3.2764098677369367,0.009060927575716592,0.3928477765498777,0.10666523899789114,natural
2791,2.934434084885126,0.06076583128458698,0.14677206470622783,0.26848186890468345,natural
2792,3.1975534249751716,0.011964634034480389,0.0,0.14833842143673143,natural
2793,2.656889287054075,0.00940181398127111,0.05139758470538885,0.06230295605523489,natural
2794,4.586510744364897,0.24444815418515514,0.3446025455617721,0.23975319548991117,natural
2795,2.433104564951174,0.006823802534680483,0.1617743046088147,0.2702088908112489,natural
2796,5.1771639718967934,0.12450132371614496,0.15426660926638577,0.13420981701528192,natural
2797,4.15672871414185,0.08136311887668114,0.0,0.0382353835967865,natural
2798,4.948509839326421,0.08273986150633775,0.17452618977394127,0.0979444132150322,natural
2799,3.069330198588915,0.07816719220485772,0.3452102641920368,0.006374811894348446,natural
2800,5.105687564565777,0.07297836585550774,0.2018394461712711,0.17279473862444056,natural
2801,4.866276609817755,0.17163855213639198,0.16146477254185426,0.0,natural
2802,3.6438599497884847,0.5839757920673647,0.1994849235733878,0.34515093242113387,natural
2803,4.931513194307492,0.15170360118013973,0.15991673781633295,0.6681848757001274,natural
2804,4.3431009699003145,0.06760505694015888,0.0,0.0,natural
2805,4.426179186315727,0.36310532958138786,0.03288574034526591,0.036299860657339526,natural
2806,2.6158597404999306,0.020645741295274217,0.0,0.16991952309839622,natural
2807,2.423824183529433,0.016026792966758765,0.10273121816381739,0.14911752172946616,natural
2808,2.7560587259227725,0.08400898747709662,0.3316005133815579,0.15022266088737818,natural
2809,4.3933209486790465,0.6335373695680817,0.046493752039097405,0.3091531483098757,natural
2810,2.2681149218702275,0.010881648753845152,0.11293272921710729,0.31564167396887455,natural
2811,3.3321319490811683,0.015350657134406729,0.2623601007717064,0.1264214240781269,natural
2812,4.1637712442660755,0.16100516295150438,0.20642087594196842,0.20425960270811078,natural
2813,3.521269067151743,0.02248083246895403,0.1869879681816465,0.13236543212333937,natural
2814,4.075041428325979,0.044751846104834826,0.3147869979334589,0.3989635670666224,natural
2815,2.321348586570962,0.030547974689573446,0.06023861608794944,0.07204711386181066,natural
2816,2.903032299339945,0.08240864905756473,0.1426864374462388,0.22450427992823915,natural
2817,3.023919672504371,0.08973559900832337,0.2314842572354758,0.17509480906484776,natural
2818,3.101663649742132,0.15335416732757962,0.12890917881745675,0.08323647026545727,natural
2819,3.366276909300396,0.015280202221753159,0.06383944024593992,0.021438848351921804,natural
2820,2.730312810607972,0.07139458221237528,0.19416728132892033,0.3123310312911419,natural
2821,2.4671940838875455,0.03657729179102381,0.2874279945763745,0.12914711970839873,natural
2822,4.189160010772117,0.5687438402877912,0.32431086577547785,0.37787107070214043,natural
2823,3.4814234360315286,0.3148319335064131,0.4729245914702943,0.4431504870692334,natural
2824,2.6636953484342816,0.47242105420302405,0.31355201138026145,0.0,natural
2825,4.292977291118815,0.7014370682617757,0.3706127057580006,0.6316272753286765,natural
2826,1.8793610165168293,0.03540497433207606,0.136337558032607,0.08045448068527762,natural
2827,5.0565543255169185,0.3322840638717594,0.0,0.36657614522630944,natural
2828,4.53268719655593,0.08119327613892231,0.18225376669479382,0.6459086138775699,natural
2829,3.281518536864515,0.052373973409821535,0.11040274289242363,0.33089356652589513,natural
2830,4.274314551656063,0.044739363786533766,0.09868544845006402,0.3105698180188014,natural
2831,3.773174693228922,0.09335505122527027,0.0,0.12937240182792695,natural
2832,3.709105255855453,0.2824422453152095,0.35550247041034755,0.34441176110651195,natural
2833,2.4359149280556904,0.02460964049100431,0.21373985375520402,0.28550798081253037,natural
2834,2.3200160257647893,0.056437708870747345,0.31811238462222935,0.0,natural
2835,4.230898182915818,0.03931040456480204,0.3524505194997552,0.1585884285002581,natural
2836,3.4644833117032756,0.2878445387609963,0.034850785381976335,0.0,natural
2837,2.722584435035929,0.01392245653617704,0.02238262455351183,0.10109025604520143,natural
2838,4.76624138062824,0.11828481391390863,0.10782641689504019,0.019814066108584414,natural
2839,3.4774839762153396,0.011735060647848728,0.0,0.2550157383226954,natural
2840,2.5970359422403075,0.0397670170994232,0.3904582720986007,0.1485353664448791,natural
2841,2.7995783454302354,0.026088630872550894,0.210957113975367,0.2639652899043074,natural
2842,2.59438511023768,0.46254249585174967,0.34604300051906584,0.2849494294693547,natural
2843,2.9969614389448025,0.18267779037100224,0.07737200686451734,0.28610804187543737,natural
2844,2.8728194238760856,0.01646892482215934,0.15181483079027389,0.7236542860797262,natural
2845,2.5394634597407375,0.042712595588744975,0.1905750272430939,0.10520122740802575,natural
2846,3.486444796189433,0.08065412998878814,0.22640794701583788,0.1563738994549332,natural
2847,3.2194616658873776,0.09206468484528266,0.1058155643901463,0.25433903531266044,natural
2848,3.048645332742375,0.06511794281834013,0.28664546713284816,0.22484956149168314,natural
2849,3.2619975898307625,0.06555061106000708,0.4753573696878633,0.0,natural
2850,2.659689072623858,0.04194775437277194,0.13167311100594262,0.15444635708544674,natural
2851,4.303524061885536,0.0475062988797735,0.05043697776651146,0.12893042353171047,natural
2852,3.295947580883024,0.36291572924751836,0.10876043640988112,0.0,natural
2853,3.340958004468409,0.06730099819242673,0.4668148199814281,0.05348460601970869,natural
2854,4.696322940873472,0.008157802980166828,0.29317600557255574,0.3478545932511991,natural
2855,2.942094262199772,0.15675423290154322,0.3767735564029006,0.3067518507306097,natural
2856,3.3438806512970287,0.280320728902505,0.18838273574546605,0.27653510010901033,natural
2857,4.401214414255022,0.3354531789317873,0.20840999915156005,0.0,natural
2858,2.406367995795857,0.0,0.1403137497561777,0.1621064341266021,natural
2859,2.483209789944021,0.06838007263399276,0.09253562022175009,0.27900435318578587,natural
2860,5.441024275625301,0.23827052686795896,0.1550495325191168,0.2738590074156208,natural
2861,2.3128888012224995,0.04690849811092696,0.0,0.0,natural
2862,4.278475426069157,0.04371205044622715,0.2032665546226372,0.38191339214242054,natural
2863,3.1963999016432023,0.0,0.18715735752875484,0.13162146953304152,natural
2864,3.2501206034415526,0.05585037376770925,0.3202886706406058,0.10473526105084306,natural
2865,5.448392747247126,0.14813808392374272,0.016556764975532857,0.8068853516845482,natural
2866,4.485614011235414,0.1040917652992125,0.09543737880340113,0.18097961146592623,natural
2867,5.974228454026532,0.18589311828074975,0.08832101902063202,0.2251021236466206,natural
2868,3.509500886937343,0.4143561917519182,0.05425824526853668,0.446087569854027,natural
2869,3.064133616329998,0.03022951786600076,0.10774662569459931,0.18868207106556836,natural
2870,2.8084879159656184,0.1442573223603941,0.015390856421722074,0.25571390829598234,natural
2871,2.2496524552406174,0.009128626388454564,0.4404460665203979,0.21801427957151082,natural
2872,3.2948260627548334,0.008193329252341893,0.11656205557665647,0.12006338425355326,natural
2873,2.9595313214156755,0.0013115827783811778,0.17763307966411931,0.011114436851085301,natural
2874,2.8742363778392397,0.15929326470526714,0.3023489202483105,0.2343558678822221,natural
2875,3.9913939998334955,0.559915588938172,0.29295734503064513,0.7239607960507426,natural
2876,4.099426828436168,0.037302101249638425,0.0,0.1653202652730099,natural
2877,4.801090136430675,0.012323937455882318,0.05630365767395631,0.2758934806859967,natural
2878,2.1958015750364916,0.012968836000579227,0.0,0.11787504223828046,natural
2879,4.301075867947209,0.014076741318473222,0.10762761161603289,0.18000380192620233,natural
2880,2.785345480336057,0.06840469692670346,0.4863410165861006,0.25477756619876407,natural
2881,4.082498370709305,0.0,0.11001153394285595,0.13608639004166226,natural
2882,2.2925810046850605,0.027481814839055426,0.2522264737244146,0.05451723527892746,natural
2883,3.013525280943599,0.020998499246091977,0.1252639495228952,0.0,natural
2884,2.998121667538059,0.006790346396580239,0.1342561621354056,0.09910849288962538,natural
2885,4.464034863667387,0.10487934627074703,0.11260129866323644,0.37171171950933746,natural
2886,4.460546431376206,0.08657391627424733,0.02588184526453491,0.27490027091097036,natural
2887,2.364241223064674,0.28226168185356737,0.02417297037447029,0.2388949980869135,natural
2888,3.292638500045555,0.07432116085136753,0.11346607234310248,0.07668068233310522,natural
2889,3.670845514544584,0.7542514821047335,0.12707352577508008,0.4171955647266552,natural
2890,3.2506873881521865,0.028745588416866395,0.22869367048917885,0.35716593864383067,natural
2891,4.5396555503900515,0.2393955049006086,0.26998344031545585,0.7068330949335365,natural
2892,3.519940425158911,0.024752668654997947,0.20633180899991904,0.0,natural
2893,2.7273378141942146,0.016889350555894085,0.06834776608846538,0.038223713069663816,natural
2894,2.670612419563951,0.018411050175498902,0.2227613783608682,0.14192477583971608,natural
2895,5.258929391305692,0.028041250753014824,0.09788217856483862,0.27153366585742555,natural
2896,3.5393586604246514,0.010004517430303133,0.2804399680174904,0.10966540918947139,natural
2897,2.324201643841454,0.10554298405416752,0.23933343191656536,0.3188128539501016,natural
2898,5.148210380991104,0.775159525139173,0.23650731580356935,0.5827020435213383,natural
2899,3.5178847141025194,0.21750312034566363,0.28491858627171407,0.0,natural
2900,2.790900252643929,0.05060106804847186,0.022019434441243272,0.10835346343371208,natural
2901,4.536110759071693,0.14142713813218277,0.029989896657250128,0.41366897409887493,natural
2902,2.3770190364110833,0.0177106402909,0.044489855857607966,0.1402643139277539,natural
2903,3.1991496303662275,0.034747789224279214,0.0,0.25979549469015545,natural
2904,2.2060876078107143,0.030653217154842885,0.2039272502142606,0.054788811145502304,natural
2905,3.3683141542955153,0.05787686503836105,0.21493463433982407,0.03225771773804339,natural
2906,3.3269848647709988,0.11020301311983126,0.3068290313352764,0.18947359944251654,natural
2907,3.48850114558162,0.007417844117449991,0.48084306552787126,0.17988506840693413,natural
2908,3.2468406506194842,0.09711701850977988,0.3120716910763316,0.282074226920825,natural
2909,2.3684253408114913,0.027595510224990596,0.0,0.20804088557181008,natural
2910,1.8631263103149573,0.5062980607465436,0.06752461915279125,0.09652600867027798,natural
2911,3.8112974658328507,0.04562087208870677,0.031184807317323916,0.30208424534162454,natural
2912,3.777970027351919,0.2589343740270239,0.25562305152710146,0.0,natural
2913,4.3714921753126825,0.36692900387858735,0.07257562243730703,1.0,natural
2914,2.7207901227284346,0.020012752693177777,0.0,0.14711788978751827,natural
2915,3.058234464588833,0.01407381027990623,0.2567919601899349,0.023301724774329177,natural
2916,2.5970731638155726,0.015256522773159578,0.0,0.1697660636384361,natural
2917,2.4471481395163517,0.028089575604494585,0.1695402889807247,0.19335208609300705,natural
2918,2.768418166146224,0.04253442233266094,0.04931448718978207,0.22293301184994507,natural
2919,4.800876260297653,0.19116671920607656,0.11205516172029928,0.17345489677725007,natural
2920,3.1298573708779056,0.09954195853743807,0.3474640128104445,0.16801352549870746,natural
2921,5.278662230091636,0.10668977080313449,0.0,0.4824420953313777,natural
2922,5.387380777547707,0.04443596124456254,0.230341809264196,0.5319888216867699,natural
2923,3.5827758670731833,0.08531907435913942,0.2391007149473125,0.316609060257089,natural
2924,3.3479020599842033,0.003429437377728555,0.15575091905267455,0.02850507680773538,natural
2925,2.861884459350279,0.12194747001467594,0.3863884570241583,0.13367120239495803,natural
2926,3.4854484391643306,0.01928331432967328,0.10584726723935628,0.032125188255888636,natural
2927,2.6424439773216095,0.056418983667212604,0.13891676837812422,0.22758268425255335,natural
2928,3.025387951003011,0.019591633006999454,0.0,0.1408524598357448,natural
2929,2.17245937702151,0.05530964367531204,0.3296446900707731,0.03415576608855045,natural
2930,3.5516176571429763,0.09809375316415622,0.04507034723646368,0.13415648071091169,natural
2931,5.223467161626186,0.04608120255191948,0.2410437564900116,0.9421363004615387,natural
2932,5.406010009547759,0.22152785177984136,0.1424190232748014,0.28937986639606933,natural
2933,2.4168353637795366,0.05738561785036135,0.01989505422562808,0.10863573859778611,natural
2934,2.745195251036568,0.125632127786794,0.28314213326522575,0.10225725420334644,natural
2935,5.285391357803763,0.15379650845774376,0.17022748241461777,0.3273971116711631,natural
2936,2.221635842073184,0.7682372106867916,0.0,0.12136177024749982,natural
2937,4.581578192858959,0.0718851629760162,0.03775508404881126,0.29952683935173174,natural
2938,5.389443764106935,0.06461807443334809,0.0,0.49880500865880195,natural
2939,3.288809981826661,0.001155992428430902,0.01643774510220382,0.0,natural
2940,3.2083514134324447,0.010062536185438191,0.13920128791297984,0.0,natural
2941,2.6233198034520546,0.03208120336858518,0.3841917897404295,0.24537715990040845,natural
2942,2.388040609597682,0.33683892668124793,0.11602743489523669,0.586580189107978,natural
2943,1.9980245663705014,0.0027401491552980313,0.2654320680405163,0.22980357247350247,natural
2944,3.1368031940924928,0.498114535826432,0.17497778534040637,0.0,natural
2945,3.367752967220287,0.04525869611566936,0.22227499194718686,0.14488119755407422,natural
2946,3.162460222115194,0.01886813150996053,0.0,0.3323443523751047,natural
2947,3.573578083476147,0.07915613633988113,0.26308108807259384,0.17041500130344236,natural
2948,2.8602583975689937,0.022103236312042248,0.2862628086235545,0.18244587196567194,natural
2949,3.5114307487311494,0.10810393863975318,0.4753381276208635,0.3670919767491238,natural
2950,2.547781167464872,0.04039399662267784,0.09632968579570951,0.12053791241082933,natural
2951,3.9366043073426877,0.010519454423324694,0.238658139196349,0.04859103587725912,natural
2952,3.572643758226712,0.054595227563963025,0.0,0.15342158521627394,natural
2953,3.37542310241322,0.18529099253069206,0.3352705639069063,0.23772019563819743,natural
2954,3.4391813924844574,0.1016494293301973,0.25527240987774846,0.10102890038515921,natural
2955,4.303085417544812,0.017312238665394827,0.07909371862613121,0.3673137204271644,natural
2956,2.4169717363001366,0.033421943136034145,0.061894594114701884,0.09606416392861751,natural
2957,2.7036411356595864,0.5190371420753441,0.1451887641460926,0.21361606596229216,natural
2958,2.2964442293485927,0.11520539472098212,0.0,0.07051556248126944,natural
2959,4.489410923310976,0.035978665116992686,0.0,0.14268286936362856,natural
2960,3.77214607537404,0.04614116422602153,0.3298818087647092,0.01283155571987319,natural
2961,2.7293520724488602,0.0752630578903173,0.37456778189190343,0.07637695882176275,natural
2962,3.964115072993528,0.035087644498520955,0.07413097994332217,0.5509475151804897,natural
2963,2.903077753070749,0.2272808334500395,0.2889756776140463,0.2031448045783127,natural
2964,4.9551111113595425,0.09604314189799042,0.28779356969836273,0.0,natural
2965,2.683949978359979,0.04070608923095548,0.09861079884645116,0.07004311839675377,natural
2966,2.8655228123287584,0.00452547653623506,0.08261713101242493,0.13030702154505816,natural
2967,3.3893788448362034,0.026558320215189665,0.01240676143769443,0.3876933621694924,natural
2968,2.9086707326602386,0.038080783530993,0.0,0.0,natural
2969,3.456411765294268,0.04094225141721308,0.12431625295852755,0.38914622728192955,natural
2970,3.852630664841533,0.01083638181357346,0.26947959531166876,0.2939304673475332,natural
2971,2.8214894848659404,0.08660473972128031,0.3000254823338711,0.19313806328472422,natural
2972,4.995173693346793,0.19880794959838496,0.4046566992185999,0.20682004393085462,natural
2973,3.3693631784193374,0.010623150179593265,0.1507094597548153,0.4085027586565611,natural
2974,3.5054864501496223,0.009769537684468454,0.056032203893662584,0.2049538949208717,natural
2975,2.3028264941967,0.03233416952607062,0.0,0.0,natural
2976,2.70248420661389,0.025538898586793514,0.12895496590473016,0.09138450477671702,natural
2977,2.4497782170487197,0.017762248566418448,0.0,0.24777166829917469,natural
2978,4.378283772300925,0.04331505226338096,0.4639746149290542,0.0,natural
2979,2.640341271115506,0.051799240894225274,0.11386893781519762,0.041207895921127724,natural
2980,3.7127270852958505,0.09678600787270566,0.0,0.2913109407289913,natural
2981,4.901158617322013,0.17450849383718042,0.2058681514510678,0.41693685184559215,natural
2982,4.109650071619473,0.003922828233305592,0.0,0.11847084831310692,natural
2983,2.564462615642737,0.13468930922810363,0.16050708280440293,0.15639106773952519,natural
2984,1.97240061770536,0.06464188528911341,0.39505649268046095,0.0015593874568707753,natural
2985,3.1075274658848473,0.0160040863623176,0.0881654532406826,0.09138758959497138,natural
2986,2.91857073953936,0.02776387547052307,0.05568479223622059,0.1226380182625423,natural
2987,3.7837594912352954,0.03350527781683266,0.23288587404590205,0.30797925377402613,natural
2988,3.042784749737886,0.13581512937369458,0.0,0.16643367934344916,natural
2989,3.8991454888405195,0.2805692377173625,0.4320542495090346,0.0,natural
2990,3.757387350086111,0.03185312224336421,0.028109218633601937,0.2968257318391083,natural
2991,2.528263226925896,0.15873146999785873,0.1690797702678999,0.0,natural
2992,3.656446240235529,0.016307661747091567,0.07253365112676642,0.36240699723485004,natural
2993,3.8602983958354984,0.03224041984436719,0.08528882402654149,0.18722341750443397,natural
2994,4.961623061700584,0.0244891533314769,0.3991499809570013,0.25471000409163547,natural
2995,3.506779816632068,0.7318116580420843,0.22443176451509356,0.40626184299688367,natural
2996,3.5276287128796184,0.4626327213051039,0.015874176588772018,0.5006861538923725,natural
2997,2.9408416805635857,0.013072184282046873,0.05044930935637691,0.3503166172646872,natural
2998,2.4882346526789894,0.02230121855061535,0.14970450900046295,0.11398765658451272,natural
2999,3.4130295946624503,0.01328477827701076,0.11198960906267293,0.1020942229051338,natural
3000,3.643252101577298,0.15822767556872994,0.3060599402826751,0.20334039939767515,natural
