agent_id,신규여부,성별,연령,자산,진입일,초기보유종목수,초기총자산
1,신규,남성,20대이하,1천만원이하,2020-07-10,0,1521990
2,신규,여성,60대이상,1천만원이하,2020-05-20,0,8441669
3,기존,남성,40대,3천만원이하,2020-03-02,7,29525102
4,신규,남성,20대이하,1천만원이하,2020-03-23,0,8345137
5,신규,여성,30대,3천만원이하,2020-10-19,0,11192023
6,기존,여성,30대,1억원초과,2020-03-02,13,159953399
7,신규,남성,30대,1천만원이하,2020-03-03,0,7565008
8,기존,남성,40대,3천만원이하,2020-03-02,7,19779262
9,기존,남성,30대,1천만원이하,2020-03-02,4,7257658
10,기존,남성,30대,1억원초과,2020-03-02,12,232830441
11,기존,남성,60대이상,1천만원이하,2020-03-02,3,4472123
12,기존,남성,30대,1억원이하,2020-03-02,4,83776309
13,신규,남성,40대,1억원이하,2020-08-03,0,68460794
14,기존,남성,30대,1천만원이하,2020-03-02,4,8957735
15,기존,남성,20대이하,1억원초과,2020-03-02,25,217824701
16,기존,남성,30대,1천만원이하,2020-03-02,1,7214443
17,신규,여성,20대이하,1천만원이하,2020-10-21,0,8870619
18,기존,남성,60대이상,1천만원이하,2020-03-02,1,1606129
19,기존,여성,50대,1억원초과,2020-03-02,23,120292874
20,신규,남성,30대,1천만원이하,2020-03-17,0,4126506
21,기존,여성,30대,1천만원이하,2020-03-02,5,1772962
22,신규,여성,30대,1천만원이하,2020-08-24,0,9558870
23,기존,여성,30대,1천만원이하,2020-03-02,2,8769925
24,신규,남성,30대,3천만원이하,2020-09-16,0,25581098
25,기존,남성,60대이상,1천만원이하,2020-03-02,1,8364996
26,신규,여성,30대,1천만원이하,2020-03-11,0,3514767
27,기존,남성,60대이상,1천만원이하,2020-03-02,3,9595006
28,기존,여성,60대이상,1천만원이하,2020-03-02,4,9102775
29,기존,남성,60대이상,3천만원이하,2020-03-02,5,28195543
30,신규,남성,30대,1천만원이하,2020-05-22,0,8207412
31,기존,남성,40대,1천만원이하,2020-03-02,1,2143345
32,신규,남성,30대,1천만원이하,2020-10-07,0,6915415
33,기존,남성,50대,3천만원이하,2020-03-02,5,20531621
34,기존,남성,30대,1천만원이하,2020-03-02,2,3636700
35,기존,여성,50대,1억원이하,2020-03-02,12,54764882
36,기존,여성,40대,1천만원이하,2020-03-02,3,5786425
37,신규,남성,40대,1천만원이하,2020-07-03,0,2551120
38,기존,여성,30대,3천만원이하,2020-03-02,7,25685450
39,기존,남성,20대이하,3천만원이하,2020-03-02,6,21234588
40,기존,남성,60대이상,1억원초과,2020-03-02,8,238546201
41,신규,여성,40대,1억원이하,2020-10-08,0,95952641
42,기존,남성,50대,3천만원이하,2020-03-02,6,18842362
43,기존,남성,50대,1천만원이하,2020-03-02,1,2390020
44,기존,여성,40대,1억원초과,2020-03-02,22,290500826
45,기존,여성,30대,3천만원이하,2020-03-02,10,20312101
46,기존,남성,60대이상,1억원이하,2020-03-02,11,60832067
47,기존,남성,40대,1천만원이하,2020-03-02,1,8095268
48,기존,남성,50대,1천만원이하,2020-03-02,3,2166000
49,신규,남성,20대이하,1천만원이하,2020-03-25,0,6135354
50,신규,남성,20대이하,1천만원이하,2020-04-03,0,9445147
51,기존,남성,30대,1억원이하,2020-03-02,6,61764146
52,기존,남성,60대이상,1억원이하,2020-03-02,8,46690532
53,기존,여성,50대,3천만원이하,2020-03-02,7,25189965
54,기존,남성,50대,1억원이하,2020-03-02,10,31074228
55,기존,남성,50대,1억원초과,2020-03-02,8,263784028
56,기존,남성,30대,3천만원이하,2020-03-02,10,29648811
57,기존,여성,40대,1억원이하,2020-03-02,10,33807198
58,기존,남성,30대,3천만원이하,2020-03-02,7,26825380
59,기존,남성,40대,1천만원이하,2020-03-02,6,2417796
60,기존,남성,50대,1천만원이하,2020-03-02,7,9691001
61,기존,남성,50대,3천만원이하,2020-03-02,3,14019601
62,기존,여성,40대,1천만원이하,2020-03-02,4,1202447
63,기존,여성,50대,1천만원이하,2020-03-02,1,7443941
64,신규,여성,30대,1천만원이하,2020-03-19,0,6788975
65,기존,여성,30대,1천만원이하,2020-03-02,1,2253768
66,신규,남성,20대이하,1천만원이하,2020-08-04,0,9035468
67,기존,남성,50대,3천만원이하,2020-03-02,3,12098329
68,기존,남성,50대,3천만원이하,2020-03-02,6,10066287
69,기존,남성,60대이상,1억원초과,2020-03-02,14,247357666
70,신규,여성,30대,1천만원이하,2020-10-23,0,9781616
71,기존,여성,60대이상,3천만원이하,2020-03-02,4,22855260
72,기존,남성,60대이상,3천만원이하,2020-03-02,7,10249384
73,기존,남성,50대,1억원초과,2020-03-02,18,203307139
74,기존,남성,50대,3천만원이하,2020-03-02,5,28725087
75,기존,남성,40대,1천만원이하,2020-03-02,4,2888535
76,기존,남성,60대이상,3천만원이하,2020-03-02,4,12652101
77,기존,여성,30대,3천만원이하,2020-03-02,6,19722813
78,기존,남성,50대,1천만원이하,2020-03-02,3,4095641
79,기존,여성,40대,1억원초과,2020-03-02,16,285279772
80,기존,남성,50대,1천만원이하,2020-03-02,2,6302590
81,기존,여성,30대,3천만원이하,2020-03-02,5,15712464
82,신규,남성,30대,1천만원이하,2020-09-03,0,9605487
83,기존,여성,60대이상,1천만원이하,2020-03-02,2,7476153
84,기존,남성,60대이상,1천만원이하,2020-03-02,1,1440792
85,기존,남성,40대,1천만원이하,2020-03-02,2,9786666
86,신규,여성,30대,1천만원이하,2020-10-13,0,2454913
87,기존,남성,50대,1천만원이하,2020-03-02,4,5049644
88,신규,남성,50대,1천만원이하,2020-05-26,0,3325218
89,신규,여성,30대,1천만원이하,2020-10-12,0,4391792
90,기존,여성,50대,1억원이하,2020-03-02,10,74073883
91,기존,남성,40대,1천만원이하,2020-03-02,5,9585492
92,기존,여성,60대이상,1천만원이하,2020-03-02,1,5259414
93,기존,남성,50대,1천만원이하,2020-03-02,2,9750170
94,기존,남성,40대,3천만원이하,2020-03-02,6,24434706
95,기존,남성,40대,3천만원이하,2020-03-02,6,14651537
96,기존,여성,30대,1억원이하,2020-03-02,9,78900734
97,신규,남성,40대,1천만원이하,2020-03-18,0,6409548
98,기존,여성,60대이상,1천만원이하,2020-03-02,5,5277738
99,신규,여성,40대,1천만원이하,2020-04-17,0,5484792
100,기존,남성,50대,1억원이하,2020-03-02,8,32386820
101,기존,남성,20대이하,1억원이하,2020-03-02,12,65341487
102,기존,남성,40대,1억원초과,2020-03-02,12,252094148
103,신규,남성,20대이하,1천만원이하,2020-10-05,0,6987648
104,기존,남성,50대,1억원초과,2020-03-02,15,110368108
105,기존,남성,30대,1천만원이하,2020-03-02,2,9384359
106,기존,남성,50대,1천만원이하,2020-03-02,2,4407575
107,기존,남성,30대,3천만원이하,2020-03-02,2,29110297
108,신규,여성,20대이하,1천만원이하,2020-10-08,0,4892044
109,기존,여성,40대,3천만원이하,2020-03-02,8,27939867
110,신규,남성,40대,1천만원이하,2020-06-12,0,1563219
111,신규,남성,40대,1천만원이하,2020-03-17,0,9619206
112,기존,남성,60대이상,1억원이하,2020-03-02,11,82895666
113,기존,남성,40대,3천만원이하,2020-03-02,8,29135553
114,신규,여성,30대,3천만원이하,2020-04-10,0,13658785
115,기존,남성,60대이상,1억원초과,2020-03-02,14,163909756
116,기존,남성,40대,1천만원이하,2020-03-02,2,1582597
117,기존,남성,30대,1천만원이하,2020-03-02,4,3384022
118,신규,남성,40대,1천만원이하,2020-03-31,0,4751566
119,기존,남성,30대,1천만원이하,2020-03-02,2,8567841
120,기존,여성,30대,3천만원이하,2020-03-02,6,14906806
121,기존,남성,40대,1억원이하,2020-03-02,11,65512716
122,신규,여성,50대,1천만원이하,2020-04-14,0,8371924
123,기존,남성,40대,3천만원이하,2020-03-02,5,29459304
124,기존,남성,30대,1억원이하,2020-03-02,15,84444339
125,기존,남성,40대,1천만원이하,2020-03-02,4,2272325
126,기존,남성,40대,1천만원이하,2020-03-02,2,3945243
127,기존,여성,40대,1천만원이하,2020-03-02,1,1569440
128,기존,여성,40대,1천만원이하,2020-03-02,1,7258653
129,기존,남성,30대,3천만원이하,2020-03-02,10,17143634
130,기존,남성,60대이상,1억원초과,2020-03-02,19,140733434
131,기존,남성,50대,1억원이하,2020-03-02,8,62263436
132,기존,남성,50대,3천만원이하,2020-03-02,9,22443892
133,기존,남성,40대,3천만원이하,2020-03-02,5,12175857
134,기존,여성,30대,1억원초과,2020-03-02,19,295109317
135,기존,남성,60대이상,1억원이하,2020-03-02,6,87718903
136,기존,남성,50대,1천만원이하,2020-03-02,1,2646690
137,신규,여성,50대,3천만원이하,2020-10-15,0,24497654
138,기존,남성,50대,3천만원이하,2020-03-02,6,12354620
139,신규,남성,40대,1천만원이하,2020-03-30,0,4831659
140,기존,남성,50대,1천만원이하,2020-03-02,6,3117258
141,기존,남성,50대,1천만원이하,2020-03-02,2,2156103
142,신규,여성,20대이하,1천만원이하,2020-10-21,0,1740169
143,기존,남성,50대,1천만원이하,2020-03-02,3,9557812
144,기존,여성,40대,1천만원이하,2020-03-02,4,9835553
145,기존,남성,40대,1천만원이하,2020-03-02,4,1589646
146,기존,여성,30대,1천만원이하,2020-03-02,5,2292151
147,기존,남성,30대,1억원이하,2020-03-02,6,32578314
148,신규,여성,30대,1천만원이하,2020-10-20,0,8063824
149,기존,남성,40대,1억원이하,2020-03-02,10,70603058
150,기존,남성,40대,1천만원이하,2020-03-02,3,3382787
151,신규,여성,30대,1천만원이하,2020-03-13,0,7692352
152,기존,남성,60대이상,1천만원이하,2020-03-02,4,6973287
153,기존,여성,60대이상,1억원초과,2020-03-02,22,202535597
154,기존,남성,40대,3천만원이하,2020-03-02,7,17099251
155,기존,남성,30대,1천만원이하,2020-03-02,2,6615366
156,기존,남성,60대이상,1천만원이하,2020-03-02,3,6743891
157,기존,여성,30대,1천만원이하,2020-03-02,4,6060981
158,기존,남성,40대,1천만원이하,2020-03-02,6,9131531
159,신규,여성,30대,1천만원이하,2020-05-22,0,1111151
160,기존,여성,60대이상,1억원초과,2020-03-02,18,228313994
161,기존,여성,40대,3천만원이하,2020-03-02,6,25659484
162,기존,남성,50대,1억원초과,2020-03-02,20,190497448
163,기존,여성,50대,3천만원이하,2020-03-02,7,23902185
164,기존,남성,20대이하,1천만원이하,2020-03-02,4,5709202
165,기존,여성,30대,1억원이하,2020-03-02,9,48225806
166,기존,남성,50대,3천만원이하,2020-03-02,7,16571075
167,기존,여성,60대이상,1억원이하,2020-03-02,10,62864506
168,기존,남성,30대,3천만원이하,2020-03-02,4,16155017
169,기존,여성,30대,1천만원이하,2020-03-02,2,1960105
170,신규,여성,60대이상,1억원이하,2020-07-28,0,74371469
171,기존,남성,50대,1천만원이하,2020-03-02,2,8376070
172,기존,남성,50대,1억원초과,2020-03-02,10,141144683
173,기존,여성,20대이하,1천만원이하,2020-03-02,3,6683828
174,기존,남성,50대,1억원이하,2020-03-02,11,59663577
175,신규,여성,50대,1천만원이하,2020-03-09,0,9675993
176,신규,남성,40대,1천만원이하,2020-06-15,0,7957233
177,신규,여성,40대,1천만원이하,2020-10-22,0,8378300
178,기존,남성,30대,1억원이하,2020-03-02,3,64357610
179,신규,여성,60대이상,1천만원이하,2020-03-19,0,3345176
180,기존,남성,50대,3천만원이하,2020-03-02,4,22730633
181,기존,남성,60대이상,1억원이하,2020-03-02,10,58088940
182,신규,여성,50대,1천만원이하,2020-09-07,0,3368759
183,신규,남성,40대,1억원초과,2020-03-20,0,206308917
184,기존,남성,50대,3천만원이하,2020-03-02,7,26862121
185,기존,남성,30대,3천만원이하,2020-03-02,7,12521141
186,신규,여성,30대,1억원이하,2020-08-28,0,89056365
187,신규,여성,40대,1천만원이하,2020-10-21,0,3952676
188,기존,여성,50대,1억원이하,2020-03-02,12,56896303
189,기존,남성,40대,1억원이하,2020-03-02,16,37480880
190,신규,여성,30대,3천만원이하,2020-03-30,0,20009731
191,기존,남성,50대,1억원초과,2020-03-02,16,281600778
192,기존,남성,50대,1억원이하,2020-03-02,9,91605407
193,기존,남성,40대,1천만원이하,2020-03-02,4,3817129
194,기존,남성,60대이상,1천만원이하,2020-03-02,2,3250549
195,기존,여성,40대,1천만원이하,2020-03-02,2,2647559
196,기존,남성,60대이상,1천만원이하,2020-03-02,3,5890239
197,신규,남성,40대,1천만원이하,2020-03-04,0,5869318
198,신규,남성,30대,1천만원이하,2020-03-17,0,9531754
199,기존,남성,30대,1천만원이하,2020-03-02,5,4199257
200,신규,남성,20대이하,3천만원이하,2020-08-18,0,23965054
201,기존,남성,30대,1억원이하,2020-03-02,6,45323923
202,신규,남성,50대,1천만원이하,2020-03-06,0,6708686
203,신규,여성,30대,1천만원이하,2020-03-17,0,8368652
204,신규,남성,50대,1천만원이하,2020-07-30,0,4192716
205,기존,남성,30대,1천만원이하,2020-03-02,2,1024255
206,신규,여성,60대이상,1천만원이하,2020-10-23,0,6735711
207,기존,남성,50대,1천만원이하,2020-03-02,3,9152254
208,기존,남성,30대,1천만원이하,2020-03-02,3,9565917
209,신규,여성,40대,1천만원이하,2020-06-12,0,4117997
210,기존,여성,50대,1억원이하,2020-03-02,13,84689703
211,기존,여성,40대,1억원이하,2020-03-02,8,67155683
212,기존,여성,30대,1억원이하,2020-03-02,12,39753679
213,신규,남성,40대,1천만원이하,2020-06-02,0,5855884
214,기존,남성,60대이상,1천만원이하,2020-03-02,2,8565093
215,신규,여성,20대이하,1억원이하,2020-09-28,0,31997066
216,신규,여성,50대,1천만원이하,2020-03-18,0,5362080
217,신규,여성,20대이하,1천만원이하,2020-08-31,0,4295425
218,기존,남성,40대,1천만원이하,2020-03-02,4,5986248
219,기존,남성,30대,3천만원이하,2020-03-02,7,20128480
220,기존,남성,50대,1천만원이하,2020-03-02,3,6278060
221,기존,남성,40대,1천만원이하,2020-03-02,1,1447296
222,기존,남성,40대,1천만원이하,2020-03-02,1,8101243
223,기존,남성,20대이하,1천만원이하,2020-03-02,4,7128813
224,기존,남성,50대,1천만원이하,2020-03-02,3,1332799
225,신규,남성,20대이하,1천만원이하,2020-03-26,0,6058913
226,신규,여성,40대,1천만원이하,2020-09-11,0,9404727
227,기존,남성,40대,1억원이하,2020-03-02,10,94304078
228,신규,여성,30대,1천만원이하,2020-10-27,0,5279036
229,기존,여성,50대,1천만원이하,2020-03-02,1,1043050
230,기존,여성,30대,1천만원이하,2020-03-02,3,1159994
231,기존,여성,60대이상,1천만원이하,2020-03-02,2,7421968
232,기존,여성,40대,3천만원이하,2020-03-02,4,28646934
233,기존,남성,60대이상,1천만원이하,2020-03-02,4,8356091
234,신규,남성,50대,1천만원이하,2020-03-13,0,1538011
235,기존,남성,40대,1천만원이하,2020-03-02,3,4269390
236,신규,여성,40대,3천만원이하,2020-08-24,0,25692484
237,신규,남성,30대,1천만원이하,2020-09-10,0,3988360
238,신규,여성,40대,3천만원이하,2020-03-24,0,27762481
239,기존,여성,50대,1천만원이하,2020-03-02,3,1015165
240,기존,남성,40대,1천만원이하,2020-03-02,1,8499079
241,기존,여성,20대이하,1억원이하,2020-03-02,13,77924716
242,기존,여성,30대,1천만원이하,2020-03-02,3,7751657
243,기존,남성,50대,1천만원이하,2020-03-02,2,3292612
244,기존,여성,30대,3천만원이하,2020-03-02,7,14657329
245,기존,여성,50대,3천만원이하,2020-03-02,8,13783028
246,기존,남성,40대,3천만원이하,2020-03-02,7,20344347
247,기존,여성,40대,3천만원이하,2020-03-02,4,25746951
248,기존,여성,30대,1천만원이하,2020-03-02,3,9913642
249,기존,여성,20대이하,1천만원이하,2020-03-02,3,9518496
250,신규,남성,60대이상,1천만원이하,2020-04-10,0,2626619
251,기존,남성,20대이하,1천만원이하,2020-03-02,2,9189277
252,기존,여성,40대,1억원초과,2020-03-02,14,212895236
253,기존,여성,40대,1억원초과,2020-03-02,14,293153698
254,신규,남성,60대이상,1천만원이하,2020-10-30,0,9141150
255,기존,여성,50대,1천만원이하,2020-03-02,2,1501910
256,기존,남성,60대이상,1천만원이하,2020-03-02,3,7821080
257,신규,여성,30대,1천만원이하,2020-10-30,0,3146117
258,기존,여성,60대이상,1천만원이하,2020-03-02,2,9349110
259,신규,여성,30대,1천만원이하,2020-03-20,0,1872887
260,기존,남성,30대,1천만원이하,2020-03-02,5,5297845
261,기존,남성,20대이하,3천만원이하,2020-03-02,11,12894219
262,기존,남성,50대,1천만원이하,2020-03-02,2,4010580
263,기존,남성,60대이상,1천만원이하,2020-03-02,4,1511676
264,신규,남성,60대이상,1억원이하,2020-10-07,0,44113528
265,기존,여성,60대이상,1천만원이하,2020-03-02,4,9065795
266,기존,남성,40대,1억원이하,2020-03-02,6,53863417
267,기존,남성,30대,3천만원이하,2020-03-02,3,28239628
268,신규,여성,20대이하,1천만원이하,2020-10-27,0,2770404
269,신규,남성,50대,3천만원이하,2020-04-03,0,22248666
270,신규,남성,20대이하,1천만원이하,2020-09-14,0,4673107
271,신규,남성,30대,1천만원이하,2020-03-11,0,5437154
272,기존,여성,40대,1천만원이하,2020-03-02,3,8484605
273,기존,여성,20대이하,3천만원이하,2020-03-02,8,18915348
274,기존,남성,60대이상,1억원이하,2020-03-02,8,79783051
275,기존,여성,60대이상,1억원이하,2020-03-02,6,65931985
276,기존,남성,30대,3천만원이하,2020-03-02,10,12053508
277,기존,남성,30대,1억원초과,2020-03-02,17,103537470
278,기존,여성,40대,1천만원이하,2020-03-02,3,7453883
279,기존,남성,30대,1천만원이하,2020-03-02,3,4650855
280,기존,남성,30대,1억원초과,2020-03-02,21,132864608
281,기존,남성,60대이상,1천만원이하,2020-03-02,1,4560701
282,기존,남성,40대,3천만원이하,2020-03-02,5,29624418
283,기존,여성,40대,1천만원이하,2020-03-02,5,9620749
284,기존,여성,50대,3천만원이하,2020-03-02,6,11385284
285,기존,남성,40대,3천만원이하,2020-03-02,9,28738694
286,신규,여성,20대이하,1억원이하,2020-05-18,0,48604040
287,기존,여성,40대,1천만원이하,2020-03-02,6,5682745
288,기존,남성,50대,3천만원이하,2020-03-02,4,21885783
289,신규,남성,50대,1천만원이하,2020-10-05,0,2115280
290,신규,여성,20대이하,1천만원이하,2020-09-03,0,5916831
291,기존,여성,60대이상,1천만원이하,2020-03-02,5,5147951
292,기존,여성,40대,3천만원이하,2020-03-02,7,20248990
293,기존,여성,30대,1천만원이하,2020-03-02,2,6009879
294,기존,남성,50대,1억원이하,2020-03-02,9,34675917
295,기존,여성,30대,3천만원이하,2020-03-02,5,12184885
296,기존,남성,40대,1천만원이하,2020-03-02,6,7078096
297,기존,남성,40대,1억원초과,2020-03-02,17,251938833
298,기존,남성,50대,1억원이하,2020-03-02,8,30302666
299,신규,남성,40대,1천만원이하,2020-10-13,0,8053175
300,기존,남성,30대,1천만원이하,2020-03-02,5,3636270
301,기존,여성,50대,1천만원이하,2020-03-02,5,5495948
302,기존,남성,60대이상,1천만원이하,2020-03-02,1,1791368
303,신규,남성,40대,1천만원이하,2020-03-17,0,4838025
304,신규,남성,20대이하,3천만원이하,2020-05-08,0,25469632
305,신규,여성,30대,1천만원이하,2020-10-19,0,4219408
306,기존,여성,30대,1천만원이하,2020-03-02,5,4369740
307,기존,여성,50대,1천만원이하,2020-03-02,3,4961470
308,기존,남성,30대,1천만원이하,2020-03-02,3,3862700
309,기존,남성,30대,1천만원이하,2020-03-02,3,8384992
310,기존,남성,60대이상,1천만원이하,2020-03-02,3,5543986
311,기존,여성,50대,1억원이하,2020-03-02,10,74555867
312,기존,남성,50대,3천만원이하,2020-03-02,6,16089132
313,신규,남성,20대이하,3천만원이하,2020-09-01,0,15320371
314,기존,여성,20대이하,3천만원이하,2020-03-02,6,13135417
315,신규,여성,20대이하,1천만원이하,2020-07-02,0,6517038
316,기존,여성,40대,3천만원이하,2020-03-02,8,17076896
317,기존,남성,40대,1억원이하,2020-03-02,12,61488689
318,기존,여성,30대,1천만원이하,2020-03-02,4,6581602
319,기존,여성,40대,1억원이하,2020-03-02,11,87112915
320,신규,남성,40대,1천만원이하,2020-06-03,0,4508158
321,기존,남성,30대,1천만원이하,2020-03-02,3,3190519
322,신규,남성,30대,1천만원이하,2020-10-29,0,2033977
323,기존,여성,40대,3천만원이하,2020-03-02,7,17024951
324,기존,남성,50대,1천만원이하,2020-03-02,3,4072790
325,기존,남성,40대,1억원이하,2020-03-02,12,61031608
326,기존,여성,30대,3천만원이하,2020-03-02,8,29168065
327,기존,여성,30대,1천만원이하,2020-03-02,1,7358259
328,신규,남성,40대,1천만원이하,2020-08-28,0,2912878
329,신규,남성,20대이하,3천만원이하,2020-03-06,0,17696353
330,기존,남성,50대,1억원초과,2020-03-02,19,270200502
331,기존,여성,40대,1억원이하,2020-03-02,4,50787104
332,기존,남성,40대,1천만원이하,2020-03-02,3,4630403
333,신규,여성,20대이하,1천만원이하,2020-10-14,0,1266167
334,기존,남성,40대,3천만원이하,2020-03-02,11,14968420
335,기존,남성,40대,1천만원이하,2020-03-02,4,7606481
336,기존,여성,30대,1천만원이하,2020-03-02,4,4426678
337,기존,남성,40대,1억원이하,2020-03-02,8,80164391
338,기존,남성,60대이상,3천만원이하,2020-03-02,7,25529467
339,기존,여성,30대,1억원초과,2020-03-02,10,122237463
340,기존,남성,30대,1억원이하,2020-03-02,7,57554484
341,기존,남성,30대,1억원초과,2020-03-02,12,286041733
342,기존,남성,60대이상,1천만원이하,2020-03-02,3,7284297
343,신규,여성,20대이하,1천만원이하,2020-04-28,0,7324658
344,신규,남성,20대이하,1천만원이하,2020-06-19,0,3247211
345,기존,여성,40대,1천만원이하,2020-03-02,3,7362755
346,기존,남성,50대,1억원이하,2020-03-02,12,54602273
347,기존,여성,30대,1천만원이하,2020-03-02,5,5934342
348,기존,여성,40대,3천만원이하,2020-03-02,3,26623419
349,기존,여성,40대,1천만원이하,2020-03-02,2,2774018
350,기존,남성,30대,1억원초과,2020-03-02,21,133619068
351,신규,여성,40대,1천만원이하,2020-03-31,0,9821950
352,기존,남성,50대,1억원초과,2020-03-02,15,101660426
353,기존,남성,30대,1천만원이하,2020-03-02,3,3213896
354,신규,여성,50대,1천만원이하,2020-06-26,0,6742908
355,기존,여성,30대,3천만원이하,2020-03-02,5,16533469
356,기존,여성,40대,3천만원이하,2020-03-02,7,26627856
357,신규,여성,50대,3천만원이하,2020-04-28,0,28103916
358,기존,남성,40대,1억원이하,2020-03-02,13,35616292
359,기존,남성,40대,1천만원이하,2020-03-02,2,4955524
360,기존,남성,40대,1천만원이하,2020-03-02,3,4828999
361,기존,여성,60대이상,3천만원이하,2020-03-02,6,23322083
362,기존,남성,40대,1천만원이하,2020-03-02,2,4132922
363,기존,여성,50대,1억원초과,2020-03-02,14,273083681
364,신규,여성,30대,1천만원이하,2020-03-18,0,6482338
365,기존,남성,60대이상,1천만원이하,2020-03-02,5,4090679
366,신규,여성,60대이상,1억원초과,2020-09-22,0,232096430
367,기존,남성,40대,1억원초과,2020-03-02,13,122850718
368,기존,남성,50대,1천만원이하,2020-03-02,2,1854682
369,기존,여성,30대,1천만원이하,2020-03-02,1,2017160
370,기존,남성,20대이하,3천만원이하,2020-03-02,3,27269539
371,기존,여성,30대,3천만원이하,2020-03-02,8,12041864
372,기존,남성,20대이하,3천만원이하,2020-03-02,6,12736047
373,기존,여성,50대,1천만원이하,2020-03-02,6,2918203
374,신규,남성,20대이하,1천만원이하,2020-03-19,0,6066633
375,신규,남성,60대이상,1천만원이하,2020-10-13,0,7124677
376,기존,남성,40대,3천만원이하,2020-03-02,5,10870075
377,기존,남성,20대이하,3천만원이하,2020-03-02,4,23504357
378,기존,남성,40대,1천만원이하,2020-03-02,2,1188610
379,기존,여성,40대,1천만원이하,2020-03-02,4,4427389
380,신규,남성,30대,3천만원이하,2020-03-09,0,10276014
381,기존,남성,40대,1억원초과,2020-03-02,11,136457037
382,신규,남성,60대이상,1억원초과,2020-10-13,0,178683217
383,기존,여성,50대,3천만원이하,2020-03-02,6,21784466
384,기존,여성,30대,1천만원이하,2020-03-02,1,4183141
385,기존,남성,40대,1억원이하,2020-03-02,11,33176704
386,기존,여성,40대,1천만원이하,2020-03-02,1,6120648
387,신규,여성,40대,1천만원이하,2020-10-14,0,8851444
388,신규,여성,40대,3천만원이하,2020-07-30,0,27456270
389,신규,남성,30대,1억원이하,2020-10-07,0,74464668
390,기존,남성,20대이하,1억원이하,2020-03-02,8,99189454
391,신규,여성,40대,1천만원이하,2020-04-07,0,1065092
392,기존,남성,30대,3천만원이하,2020-03-02,12,11326506
393,기존,여성,60대이상,3천만원이하,2020-03-02,3,28424489
394,기존,남성,50대,1천만원이하,2020-03-02,4,7969949
395,기존,남성,50대,3천만원이하,2020-03-02,8,15150785
396,기존,여성,40대,1억원이하,2020-03-02,11,44024341
397,기존,남성,60대이상,3천만원이하,2020-03-02,8,22020434
398,기존,여성,30대,3천만원이하,2020-03-02,6,20738789
399,신규,남성,30대,1천만원이하,2020-10-08,0,6840398
400,기존,남성,20대이하,1천만원이하,2020-03-02,2,6636801
401,신규,남성,30대,1천만원이하,2020-06-16,0,9327601
402,기존,여성,50대,1천만원이하,2020-03-02,3,1841038
403,신규,여성,20대이하,1억원초과,2020-04-02,0,207732182
404,기존,여성,30대,1억원초과,2020-03-02,17,151566183
405,신규,남성,30대,1천만원이하,2020-10-28,0,5078449
406,신규,남성,60대이상,3천만원이하,2020-06-03,0,23107222
407,기존,여성,40대,1천만원이하,2020-03-02,1,1251561
408,기존,남성,30대,1억원이하,2020-03-02,4,55592656
409,신규,여성,20대이하,1천만원이하,2020-05-20,0,8002947
410,신규,남성,30대,1천만원이하,2020-10-19,0,5140891
411,신규,남성,20대이하,1천만원이하,2020-05-19,0,4616684
412,신규,여성,50대,1천만원이하,2020-10-05,0,6644105
413,신규,남성,20대이하,1천만원이하,2020-03-26,0,7832507
414,기존,남성,60대이상,1천만원이하,2020-03-02,6,8767629
415,기존,여성,40대,1억원이하,2020-03-02,9,63988599
416,기존,여성,40대,1억원이하,2020-03-02,10,91800063
417,신규,남성,50대,1천만원이하,2020-10-16,0,8775702
418,기존,남성,50대,3천만원이하,2020-03-02,4,28232142
419,기존,여성,30대,1천만원이하,2020-03-02,3,4055858
420,기존,남성,40대,3천만원이하,2020-03-02,6,25842227
421,기존,여성,30대,3천만원이하,2020-03-02,7,10398702
422,기존,남성,30대,1억원이하,2020-03-02,8,59993235
423,기존,여성,30대,1억원이하,2020-03-02,8,54750089
424,기존,여성,30대,1억원이하,2020-03-02,12,81197885
425,신규,여성,50대,1천만원이하,2020-04-09,0,4673102
426,기존,여성,30대,1천만원이하,2020-03-02,4,5939290
427,신규,여성,20대이하,1천만원이하,2020-03-12,0,4772342
428,기존,남성,40대,3천만원이하,2020-03-02,8,10105019
429,신규,여성,20대이하,1천만원이하,2020-10-29,0,2785786
430,신규,남성,50대,1천만원이하,2020-03-26,0,3919356
431,신규,여성,30대,3천만원이하,2020-10-26,0,27069455
432,신규,남성,50대,1천만원이하,2020-10-29,0,4409521
433,기존,남성,30대,1억원이하,2020-03-02,7,74023042
434,기존,남성,50대,1천만원이하,2020-03-02,2,7494052
435,기존,남성,60대이상,1억원초과,2020-03-02,19,204786341
436,기존,남성,40대,1천만원이하,2020-03-02,5,6764733
437,기존,여성,20대이하,1천만원이하,2020-03-02,5,8359936
438,기존,여성,40대,3천만원이하,2020-03-02,9,20427055
439,기존,남성,40대,3천만원이하,2020-03-02,5,19566800
440,기존,여성,40대,1천만원이하,2020-03-02,2,3138663
441,기존,남성,40대,1억원이하,2020-03-02,16,34041427
442,기존,여성,40대,1천만원이하,2020-03-02,2,1821958
443,기존,남성,40대,1천만원이하,2020-03-02,1,4344570
444,신규,여성,30대,3천만원이하,2020-09-10,0,22963718
445,기존,여성,40대,1천만원이하,2020-03-02,3,9742387
446,기존,남성,40대,1천만원이하,2020-03-02,4,4414628
447,기존,남성,30대,1천만원이하,2020-03-02,5,5162872
448,기존,여성,40대,1천만원이하,2020-03-02,1,5421431
449,기존,남성,40대,1천만원이하,2020-03-02,2,7118574
450,기존,여성,20대이하,3천만원이하,2020-03-02,7,26349597
451,기존,여성,40대,3천만원이하,2020-03-02,13,24221194
452,신규,여성,30대,1천만원이하,2020-03-05,0,8351645
453,신규,남성,20대이하,3천만원이하,2020-03-16,0,15493348
454,기존,여성,50대,1천만원이하,2020-03-02,3,4781978
455,기존,여성,60대이상,1천만원이하,2020-03-02,2,2818066
456,신규,남성,40대,1천만원이하,2020-03-31,0,4291553
457,기존,남성,50대,3천만원이하,2020-03-02,6,20661579
458,신규,남성,20대이하,1천만원이하,2020-05-28,0,7395005
459,신규,여성,20대이하,1천만원이하,2020-09-14,0,1519447
460,신규,남성,40대,1억원이하,2020-10-28,0,42611593
461,기존,남성,30대,3천만원이하,2020-03-02,8,15897852
462,기존,남성,30대,1천만원이하,2020-03-02,7,1857117
463,기존,여성,20대이하,1억원이하,2020-03-02,7,78013895
464,신규,남성,20대이하,1천만원이하,2020-05-12,0,3094008
465,기존,남성,60대이상,3천만원이하,2020-03-02,7,26826106
466,신규,남성,30대,3천만원이하,2020-03-23,0,22815665
467,기존,남성,40대,3천만원이하,2020-03-02,9,23578137
468,기존,남성,30대,3천만원이하,2020-03-02,8,20526710
469,기존,여성,30대,1천만원이하,2020-03-02,4,5362687
470,신규,남성,50대,1천만원이하,2020-08-25,0,9037582
471,기존,여성,40대,1억원이하,2020-03-02,8,54100899
472,기존,남성,50대,1천만원이하,2020-03-02,3,7681169
473,기존,남성,30대,3천만원이하,2020-03-02,16,21031369
474,기존,남성,40대,1억원이하,2020-03-02,10,75276768
475,기존,여성,30대,1천만원이하,2020-03-02,5,2527278
476,기존,남성,50대,1억원이하,2020-03-02,14,36580923
477,기존,남성,40대,1천만원이하,2020-03-02,2,2476241
478,기존,여성,30대,1천만원이하,2020-03-02,1,2144020
479,신규,여성,20대이하,1천만원이하,2020-03-23,0,5395610
480,신규,여성,40대,1천만원이하,2020-03-17,0,3377568
481,신규,여성,30대,1천만원이하,2020-08-24,0,6206654
482,기존,남성,40대,1천만원이하,2020-03-02,4,6392602
483,기존,여성,30대,1천만원이하,2020-03-02,3,8294958
484,신규,여성,40대,3천만원이하,2020-10-06,0,11760967
485,기존,여성,60대이상,1억원초과,2020-03-02,18,139640129
486,기존,남성,20대이하,1천만원이하,2020-03-02,3,5475955
487,기존,남성,30대,1천만원이하,2020-03-02,2,8611527
488,기존,여성,20대이하,1억원이하,2020-03-02,9,77090289
489,신규,남성,40대,1천만원이하,2020-03-16,0,8492110
490,기존,남성,40대,1천만원이하,2020-03-02,6,3690742
491,기존,여성,40대,1천만원이하,2020-03-02,5,3268040
492,기존,여성,50대,1천만원이하,2020-03-02,2,9173070
493,기존,여성,50대,1천만원이하,2020-03-02,3,9475370
494,기존,남성,40대,1천만원이하,2020-03-02,4,6353795
495,기존,남성,30대,1천만원이하,2020-03-02,1,8311513
496,신규,여성,50대,1천만원이하,2020-07-02,0,8600836
497,신규,남성,30대,1억원초과,2020-10-07,0,232199886
498,신규,여성,30대,1억원이하,2020-10-12,0,49003642
499,신규,여성,20대이하,3천만원이하,2020-05-26,0,17887103
500,기존,남성,40대,1억원초과,2020-03-02,22,132442763
501,기존,남성,40대,1천만원이하,2020-03-02,3,3257309
502,기존,남성,40대,1천만원이하,2020-03-02,3,9357506
503,기존,남성,50대,1천만원이하,2020-03-02,3,4256393
504,신규,여성,60대이상,1천만원이하,2020-10-21,0,5483049
505,기존,여성,40대,1억원이하,2020-03-02,6,61341354
506,기존,여성,60대이상,1천만원이하,2020-03-02,2,2232934
507,기존,여성,30대,1억원초과,2020-03-02,11,178443831
508,기존,남성,50대,3천만원이하,2020-03-02,2,18414053
509,기존,남성,30대,3천만원이하,2020-03-02,7,24193983
510,기존,남성,40대,1억원이하,2020-03-02,11,54307165
511,기존,여성,40대,1천만원이하,2020-03-02,3,3807747
512,신규,여성,40대,1천만원이하,2020-03-25,0,3784632
513,신규,여성,40대,1천만원이하,2020-10-07,0,4545739
514,신규,여성,20대이하,1천만원이하,2020-10-13,0,8533970
515,신규,여성,30대,1천만원이하,2020-10-20,0,6028704
516,기존,남성,50대,3천만원이하,2020-03-02,7,15767511
517,기존,남성,60대이상,1천만원이하,2020-03-02,2,4182889
518,신규,남성,20대이하,1억원이하,2020-07-29,0,77464684
519,기존,여성,60대이상,1억원이하,2020-03-02,11,74373667
520,기존,남성,50대,1천만원이하,2020-03-02,2,4533130
521,기존,남성,60대이상,3천만원이하,2020-03-02,10,23388208
522,기존,남성,30대,1천만원이하,2020-03-02,4,8667411
523,신규,남성,40대,1천만원이하,2020-03-18,0,8096260
524,기존,남성,30대,1천만원이하,2020-03-02,4,9089340
525,기존,여성,60대이상,1억원이하,2020-03-02,11,79264385
526,신규,여성,30대,1천만원이하,2020-03-12,0,2917737
527,기존,남성,30대,3천만원이하,2020-03-02,7,23988721
528,신규,여성,20대이하,1천만원이하,2020-08-13,0,3475547
529,기존,남성,20대이하,1억원초과,2020-03-02,13,122109147
530,신규,남성,20대이하,1천만원이하,2020-03-26,0,8141214
531,기존,남성,60대이상,1천만원이하,2020-03-02,1,1255352
532,기존,남성,60대이상,1천만원이하,2020-03-02,2,4601254
533,기존,남성,40대,1천만원이하,2020-03-02,4,9652065
534,신규,여성,30대,1천만원이하,2020-09-22,0,7144014
535,기존,남성,30대,1천만원이하,2020-03-02,3,2747871
536,기존,남성,40대,1억원초과,2020-03-02,15,153121402
537,기존,여성,40대,1억원이하,2020-03-02,7,80577316
538,기존,남성,60대이상,1천만원이하,2020-03-02,2,6671699
539,기존,남성,30대,3천만원이하,2020-03-02,9,10884831
540,신규,남성,40대,1천만원이하,2020-03-17,0,1960299
541,기존,남성,50대,1억원초과,2020-03-02,24,195248471
542,신규,남성,20대이하,1천만원이하,2020-10-13,0,3267465
543,신규,여성,30대,1천만원이하,2020-04-01,0,7591688
544,신규,남성,40대,1천만원이하,2020-03-05,0,6268120
545,기존,남성,30대,1천만원이하,2020-03-02,2,9001188
546,기존,남성,50대,1억원이하,2020-03-02,16,74762710
547,신규,여성,20대이하,1천만원이하,2020-03-26,0,2136171
548,기존,남성,40대,1천만원이하,2020-03-02,1,1608021
549,기존,여성,60대이상,1억원이하,2020-03-02,9,46785242
550,기존,여성,30대,1천만원이하,2020-03-02,5,1564675
551,기존,남성,50대,1억원이하,2020-03-02,9,74372848
552,기존,남성,60대이상,3천만원이하,2020-03-02,6,10973617
553,기존,여성,60대이상,1천만원이하,2020-03-02,3,9273516
554,신규,여성,30대,1천만원이하,2020-07-07,0,7389827
555,기존,남성,30대,1천만원이하,2020-03-02,3,9006993
556,기존,남성,40대,3천만원이하,2020-03-02,6,22396887
557,신규,남성,50대,3천만원이하,2020-08-25,0,17939177
558,기존,남성,40대,1억원이하,2020-03-02,13,38550754
559,신규,여성,20대이하,1천만원이하,2020-05-28,0,4172751
560,기존,여성,40대,1억원이하,2020-03-02,6,51190614
561,기존,여성,50대,1억원초과,2020-03-02,16,114999083
562,신규,남성,30대,1천만원이하,2020-03-26,0,6499185
563,기존,남성,40대,3천만원이하,2020-03-02,3,24333415
564,기존,남성,60대이상,1억원초과,2020-03-02,10,288549267
565,기존,남성,50대,1천만원이하,2020-03-02,2,1852455
566,기존,남성,30대,1억원이하,2020-03-02,11,99598567
567,신규,여성,30대,1천만원이하,2020-07-23,0,8976548
568,신규,남성,20대이하,1천만원이하,2020-10-26,0,5788149
569,기존,남성,20대이하,1억원이하,2020-03-02,7,97595089
570,기존,여성,60대이상,1억원이하,2020-03-02,11,93964743
571,신규,여성,40대,1억원이하,2020-08-14,0,30954236
572,기존,여성,30대,1천만원이하,2020-03-02,4,7215740
573,기존,여성,40대,1천만원이하,2020-03-02,1,2882942
574,신규,여성,40대,1천만원이하,2020-10-26,0,7254248
575,기존,남성,40대,1천만원이하,2020-03-02,3,2015764
576,기존,남성,50대,1억원이하,2020-03-02,10,37006220
577,신규,여성,40대,3천만원이하,2020-03-10,0,28646185
578,기존,여성,40대,1억원이하,2020-03-02,13,86201011
579,신규,여성,20대이하,1천만원이하,2020-10-30,0,6933228
580,신규,여성,30대,1천만원이하,2020-10-21,0,4447106
581,기존,남성,30대,3천만원이하,2020-03-02,10,12601396
582,기존,남성,40대,1억원초과,2020-03-02,17,173246025
583,기존,남성,50대,3천만원이하,2020-03-02,4,25295759
584,신규,남성,50대,1천만원이하,2020-08-20,0,5246111
585,기존,남성,50대,3천만원이하,2020-03-02,5,18766889
586,신규,여성,30대,1천만원이하,2020-08-11,0,2564354
587,기존,남성,40대,1억원이하,2020-03-02,14,95561182
588,신규,여성,50대,1억원이하,2020-08-18,0,97372232
589,신규,여성,40대,1천만원이하,2020-10-22,0,8781972
590,기존,여성,50대,1억원초과,2020-03-02,18,114887012
591,신규,여성,30대,1천만원이하,2020-03-16,0,9857642
592,신규,여성,50대,1천만원이하,2020-09-28,0,5232733
593,기존,여성,40대,3천만원이하,2020-03-02,8,12900719
594,기존,남성,40대,1억원이하,2020-03-02,9,42720942
595,기존,남성,30대,1천만원이하,2020-03-02,3,4951140
596,기존,남성,30대,3천만원이하,2020-03-02,5,23582401
597,기존,남성,50대,3천만원이하,2020-03-02,9,19842069
598,기존,남성,50대,1천만원이하,2020-03-02,4,5109206
599,신규,남성,50대,1천만원이하,2020-08-19,0,1206593
600,기존,남성,60대이상,1천만원이하,2020-03-02,1,5087438
601,기존,여성,50대,1천만원이하,2020-03-02,2,2342343
602,기존,여성,60대이상,3천만원이하,2020-03-02,7,13350031
603,기존,여성,40대,3천만원이하,2020-03-02,2,29138648
604,기존,남성,40대,1천만원이하,2020-03-02,3,1157568
605,기존,남성,50대,1억원이하,2020-03-02,13,89417058
606,신규,여성,40대,1천만원이하,2020-04-21,0,6276631
607,기존,여성,40대,3천만원이하,2020-03-02,8,21406301
608,기존,남성,40대,1억원초과,2020-03-02,20,235479831
609,기존,남성,50대,1천만원이하,2020-03-02,5,1086494
610,기존,남성,20대이하,1천만원이하,2020-03-02,5,8071217
611,신규,남성,40대,1천만원이하,2020-10-08,0,9100819
612,기존,남성,50대,1천만원이하,2020-03-02,4,3003125
613,기존,남성,50대,1천만원이하,2020-03-02,5,1700144
614,기존,남성,50대,1천만원이하,2020-03-02,1,2578769
615,기존,남성,40대,1천만원이하,2020-03-02,3,7901003
616,신규,여성,50대,1천만원이하,2020-10-07,0,7895721
617,기존,여성,40대,3천만원이하,2020-03-02,6,21776119
618,신규,여성,40대,1천만원이하,2020-03-19,0,1042747
619,신규,여성,60대이상,1억원이하,2020-10-06,0,99104553
620,신규,남성,50대,1천만원이하,2020-07-06,0,5700922
621,기존,남성,60대이상,3천만원이하,2020-03-02,11,13249193
622,기존,남성,60대이상,1억원이하,2020-03-02,6,53918900
623,신규,남성,30대,3천만원이하,2020-07-28,0,23852650
624,기존,남성,40대,1천만원이하,2020-03-02,5,6275946
625,기존,남성,40대,1천만원이하,2020-03-02,5,6971094
626,기존,남성,20대이하,1억원이하,2020-03-02,8,46864597
627,기존,남성,30대,1억원초과,2020-03-02,11,144195821
628,기존,여성,40대,3천만원이하,2020-03-02,9,16222743
629,기존,남성,50대,1천만원이하,2020-03-02,3,7446519
630,기존,남성,30대,1억원초과,2020-03-02,19,221842447
631,신규,남성,50대,1천만원이하,2020-09-25,0,5155800
632,신규,남성,20대이하,1천만원이하,2020-03-13,0,5763355
633,신규,여성,50대,1억원이하,2020-09-09,0,76797198
634,기존,남성,20대이하,1억원이하,2020-03-02,12,61279129
635,기존,남성,20대이하,1억원초과,2020-03-02,19,155718163
636,기존,남성,20대이하,1억원초과,2020-03-02,14,159995304
637,신규,남성,30대,1천만원이하,2020-05-20,0,1846369
638,기존,남성,20대이하,1억원이하,2020-03-02,7,34944759
639,기존,여성,50대,1천만원이하,2020-03-02,3,4832061
640,기존,남성,40대,1억원초과,2020-03-02,16,248130985
641,기존,여성,30대,1천만원이하,2020-03-02,3,5187093
642,신규,남성,30대,3천만원이하,2020-10-20,0,26268166
643,기존,남성,40대,1천만원이하,2020-03-02,6,8690752
644,기존,여성,50대,1억원이하,2020-03-02,12,87517100
645,기존,남성,50대,1억원이하,2020-03-02,10,96641410
646,기존,여성,50대,1천만원이하,2020-03-02,2,4175927
647,기존,남성,60대이상,1억원이하,2020-03-02,3,92110405
648,기존,남성,50대,1천만원이하,2020-03-02,1,7793559
649,신규,남성,20대이하,1천만원이하,2020-04-02,0,5852109
650,신규,여성,40대,1천만원이하,2020-10-15,0,2251792
651,기존,여성,60대이상,1천만원이하,2020-03-02,4,5929924
652,기존,남성,30대,1천만원이하,2020-03-02,5,4063951
653,기존,남성,40대,1천만원이하,2020-03-02,1,1635883
654,신규,여성,30대,1천만원이하,2020-10-08,0,9586585
655,신규,여성,40대,3천만원이하,2020-09-18,0,16230483
656,기존,남성,40대,3천만원이하,2020-03-02,5,19680503
657,기존,남성,60대이상,3천만원이하,2020-03-02,9,29173258
658,기존,남성,30대,1억원초과,2020-03-02,10,243495247
659,신규,남성,30대,1천만원이하,2020-10-20,0,3000951
660,기존,남성,40대,1억원초과,2020-03-02,14,176118339
661,기존,남성,50대,1천만원이하,2020-03-02,4,2681338
662,기존,남성,50대,1천만원이하,2020-03-02,2,6049868
663,신규,남성,30대,1천만원이하,2020-03-11,0,4255411
664,기존,여성,30대,1천만원이하,2020-03-02,3,9594672
665,기존,남성,50대,1천만원이하,2020-03-02,6,4814655
666,기존,여성,30대,1억원이하,2020-03-02,10,36465010
667,신규,남성,40대,1천만원이하,2020-09-07,0,5650118
668,기존,남성,30대,1천만원이하,2020-03-02,3,7742950
669,신규,여성,20대이하,1천만원이하,2020-09-14,0,9497145
670,신규,여성,20대이하,1천만원이하,2020-10-05,0,5139736
671,기존,여성,30대,1억원이하,2020-03-02,11,41285884
672,신규,남성,40대,1천만원이하,2020-06-05,0,2738102
673,기존,남성,40대,3천만원이하,2020-03-02,6,19724971
674,기존,남성,30대,1억원이하,2020-03-02,10,35130214
675,기존,남성,40대,1천만원이하,2020-03-02,2,7216312
676,신규,남성,30대,1천만원이하,2020-03-16,0,7556145
677,기존,여성,30대,1억원이하,2020-03-02,7,68795412
678,기존,여성,20대이하,3천만원이하,2020-03-02,8,25820330
679,신규,여성,20대이하,1천만원이하,2020-03-27,0,2641713
680,신규,여성,60대이상,1천만원이하,2020-09-11,0,5461288
681,기존,남성,50대,1억원초과,2020-03-02,14,195382813
682,기존,남성,50대,3천만원이하,2020-03-02,5,17754148
683,기존,남성,30대,1천만원이하,2020-03-02,2,2442016
684,기존,남성,30대,1억원이하,2020-03-02,6,45959101
685,기존,여성,30대,1천만원이하,2020-03-02,6,5958047
686,기존,남성,50대,1천만원이하,2020-03-02,2,8727467
687,신규,남성,20대이하,1천만원이하,2020-03-26,0,1342867
688,기존,남성,30대,3천만원이하,2020-03-02,6,13240583
689,기존,여성,60대이상,1천만원이하,2020-03-02,5,4910110
690,기존,남성,40대,1천만원이하,2020-03-02,2,2575901
691,기존,남성,50대,1억원이하,2020-03-02,11,77649456
692,신규,여성,30대,1천만원이하,2020-03-16,0,6409092
693,기존,남성,20대이하,3천만원이하,2020-03-02,8,12849402
694,신규,여성,40대,1천만원이하,2020-05-12,0,5633525
695,기존,남성,30대,1천만원이하,2020-03-02,4,4679068
696,기존,남성,40대,1억원이하,2020-03-02,8,48826370
697,기존,남성,40대,1억원초과,2020-03-02,14,163654676
698,기존,여성,50대,1억원이하,2020-03-02,10,49257814
699,신규,여성,20대이하,1천만원이하,2020-07-16,0,6159948
700,기존,남성,50대,3천만원이하,2020-03-02,6,12058029
701,기존,남성,50대,3천만원이하,2020-03-02,6,24606503
702,기존,여성,30대,1천만원이하,2020-03-02,2,3501101
703,신규,남성,20대이하,1천만원이하,2020-08-14,0,8276395
704,기존,남성,30대,1억원이하,2020-03-02,14,38302366
705,기존,남성,50대,1천만원이하,2020-03-02,2,7663486
706,신규,여성,50대,1천만원이하,2020-03-09,0,5301207
707,기존,남성,60대이상,1억원초과,2020-03-02,22,243739314
708,신규,여성,40대,1천만원이하,2020-10-13,0,2080789
709,기존,남성,40대,1천만원이하,2020-03-02,5,8072746
710,신규,여성,50대,1천만원이하,2020-04-29,0,7940497
711,기존,여성,40대,1억원초과,2020-03-02,11,261119275
712,기존,여성,50대,1억원초과,2020-03-02,11,284646385
713,기존,여성,30대,3천만원이하,2020-03-02,4,19405550
714,기존,여성,30대,1천만원이하,2020-03-02,3,2459153
715,기존,남성,30대,1억원이하,2020-03-02,5,97677100
716,기존,남성,40대,3천만원이하,2020-03-02,4,15684705
717,기존,남성,40대,1천만원이하,2020-03-02,3,6706175
718,신규,남성,30대,1천만원이하,2020-10-13,0,9723170
719,신규,여성,30대,1천만원이하,2020-03-04,0,5567173
720,기존,여성,50대,1억원초과,2020-03-02,14,235642672
721,신규,여성,60대이상,1천만원이하,2020-10-27,0,6116265
722,기존,여성,50대,1억원이하,2020-03-02,15,44191040
723,기존,여성,30대,1억원초과,2020-03-02,16,203112391
724,기존,남성,30대,1천만원이하,2020-03-02,2,9830941
725,기존,여성,50대,1천만원이하,2020-03-02,2,9581971
726,기존,여성,50대,3천만원이하,2020-03-02,8,21025287
727,기존,남성,60대이상,1천만원이하,2020-03-02,2,6296797
728,기존,남성,30대,1천만원이하,2020-03-02,3,5892289
729,신규,여성,40대,1천만원이하,2020-09-03,0,8415764
730,신규,남성,30대,1억원초과,2020-10-29,0,144463915
731,신규,여성,30대,1천만원이하,2020-10-29,0,2628233
732,신규,여성,20대이하,1천만원이하,2020-10-16,0,3776687
733,기존,여성,50대,3천만원이하,2020-03-02,7,28198171
734,기존,남성,40대,3천만원이하,2020-03-02,14,22960608
735,신규,여성,20대이하,3천만원이하,2020-03-19,0,24849938
736,기존,여성,30대,1억원초과,2020-03-02,16,118291656
737,신규,여성,20대이하,1억원이하,2020-05-08,0,78120580
738,신규,여성,60대이상,1천만원이하,2020-04-02,0,7195842
739,기존,여성,40대,1천만원이하,2020-03-02,1,1898919
740,기존,남성,40대,3천만원이하,2020-03-02,12,15838846
741,기존,여성,50대,3천만원이하,2020-03-02,5,23714252
742,신규,여성,20대이하,1천만원이하,2020-10-13,0,2015976
743,기존,여성,30대,1천만원이하,2020-03-02,2,4300483
744,신규,여성,30대,1천만원이하,2020-03-27,0,7534993
745,기존,남성,40대,1천만원이하,2020-03-02,4,4425296
746,기존,남성,30대,1천만원이하,2020-03-02,5,3864819
747,기존,남성,50대,1억원이하,2020-03-02,8,96348768
748,신규,여성,20대이하,1천만원이하,2020-04-01,0,5594471
749,기존,남성,50대,3천만원이하,2020-03-02,3,23283146
750,기존,여성,50대,3천만원이하,2020-03-02,7,20347868
751,기존,여성,40대,3천만원이하,2020-03-02,5,24173536
752,신규,여성,20대이하,3천만원이하,2020-03-19,0,16127896
753,기존,여성,40대,3천만원이하,2020-03-02,7,23091822
754,기존,남성,40대,1억원이하,2020-03-02,7,32265390
755,기존,남성,50대,1억원이하,2020-03-02,6,53584006
756,기존,여성,40대,3천만원이하,2020-03-02,5,19744068
757,신규,남성,50대,1천만원이하,2020-03-20,0,3826419
758,기존,남성,30대,3천만원이하,2020-03-02,9,16629945
759,기존,남성,50대,3천만원이하,2020-03-02,6,12386750
760,기존,남성,50대,1천만원이하,2020-03-02,6,4510502
761,신규,여성,30대,1억원초과,2020-10-26,0,224913249
762,기존,남성,60대이상,1억원이하,2020-03-02,11,89873456
763,기존,남성,30대,1억원이하,2020-03-02,13,52773420
764,기존,남성,30대,3천만원이하,2020-03-02,9,18328882
765,기존,여성,20대이하,1천만원이하,2020-03-02,3,3192154
766,기존,남성,60대이상,1천만원이하,2020-03-02,4,7985533
767,신규,여성,60대이상,1천만원이하,2020-10-29,0,8001326
768,기존,남성,40대,1천만원이하,2020-03-02,3,7774165
769,기존,남성,30대,3천만원이하,2020-03-02,8,11870093
770,신규,여성,30대,1천만원이하,2020-05-20,0,5644945
771,신규,여성,30대,1천만원이하,2020-10-08,0,2885653
772,기존,남성,50대,1억원이하,2020-03-02,9,35911819
773,기존,여성,40대,1천만원이하,2020-03-02,2,3955934
774,기존,남성,30대,1천만원이하,2020-03-02,5,2457845
775,기존,여성,40대,1억원이하,2020-03-02,9,62007849
776,기존,여성,50대,1억원초과,2020-03-02,10,236463544
777,기존,남성,40대,1천만원이하,2020-03-02,5,7244597
778,신규,남성,20대이하,3천만원이하,2020-07-14,0,16279744
779,신규,남성,40대,1천만원이하,2020-08-11,0,7107649
780,기존,여성,50대,1천만원이하,2020-03-02,3,8471355
781,신규,여성,30대,1천만원이하,2020-05-19,0,6875410
782,기존,남성,50대,1천만원이하,2020-03-02,3,3408166
783,기존,남성,40대,1천만원이하,2020-03-02,3,4960248
784,기존,여성,30대,1억원이하,2020-03-02,11,53717627
785,기존,남성,40대,1억원이하,2020-03-02,9,41177757
786,기존,여성,30대,3천만원이하,2020-03-02,8,18803772
787,기존,남성,50대,3천만원이하,2020-03-02,5,11829743
788,기존,남성,50대,3천만원이하,2020-03-02,6,19279964
789,기존,남성,30대,3천만원이하,2020-03-02,8,26624708
790,기존,남성,40대,1억원초과,2020-03-02,16,173642015
791,기존,남성,40대,3천만원이하,2020-03-02,9,17138819
792,신규,남성,20대이하,3천만원이하,2020-09-25,0,13081773
793,신규,남성,50대,3천만원이하,2020-04-03,0,17065886
794,기존,여성,40대,3천만원이하,2020-03-02,13,21572929
795,기존,남성,40대,3천만원이하,2020-03-02,4,21042899
796,신규,남성,50대,1천만원이하,2020-04-08,0,8077283
797,기존,남성,50대,1억원이하,2020-03-02,7,37050617
798,신규,남성,40대,3천만원이하,2020-08-10,0,12978254
799,신규,여성,30대,1억원초과,2020-03-30,0,200741065
800,신규,남성,20대이하,1천만원이하,2020-06-24,0,6129535
801,기존,남성,60대이상,1천만원이하,2020-03-02,2,6155525
802,기존,여성,50대,3천만원이하,2020-03-02,6,13067733
803,기존,남성,40대,1천만원이하,2020-03-02,1,3235697
804,기존,남성,40대,1천만원이하,2020-03-02,4,5153537
805,신규,남성,30대,1천만원이하,2020-10-26,0,3963569
806,기존,남성,40대,1천만원이하,2020-03-02,1,7812252
807,기존,남성,50대,1억원초과,2020-03-02,18,202425849
808,신규,남성,50대,1천만원이하,2020-03-09,0,4656806
809,기존,여성,40대,1억원초과,2020-03-02,12,149022140
810,기존,남성,30대,3천만원이하,2020-03-02,5,10265683
811,기존,남성,50대,1천만원이하,2020-03-02,3,7414320
812,기존,남성,40대,1억원이하,2020-03-02,7,60913686
813,기존,여성,30대,1천만원이하,2020-03-02,4,8115966
814,기존,여성,30대,3천만원이하,2020-03-02,3,28725362
815,기존,여성,50대,3천만원이하,2020-03-02,4,18298662
816,기존,남성,60대이상,1억원이하,2020-03-02,9,45963630
817,기존,남성,30대,1천만원이하,2020-03-02,1,3509025
818,기존,남성,50대,3천만원이하,2020-03-02,6,25256427
819,신규,여성,20대이하,1천만원이하,2020-03-19,0,3142487
820,기존,여성,40대,1천만원이하,2020-03-02,2,6275144
821,기존,남성,40대,1억원초과,2020-03-02,14,103866633
822,기존,여성,40대,1억원이하,2020-03-02,11,35704431
823,신규,여성,30대,1천만원이하,2020-10-14,0,3266897
824,기존,남성,60대이상,1천만원이하,2020-03-02,5,4674025
825,기존,남성,40대,1천만원이하,2020-03-02,4,7489156
826,기존,남성,50대,1천만원이하,2020-03-02,2,3691656
827,기존,남성,40대,1억원이하,2020-03-02,9,38045456
828,신규,남성,40대,1천만원이하,2020-03-13,0,3464286
829,기존,남성,30대,3천만원이하,2020-03-02,5,22238222
830,기존,여성,50대,1천만원이하,2020-03-02,2,8769800
831,기존,남성,50대,1천만원이하,2020-03-02,4,1863811
832,기존,여성,30대,3천만원이하,2020-03-02,9,13822046
833,신규,남성,40대,1천만원이하,2020-04-07,0,6851932
834,기존,남성,50대,1억원이하,2020-03-02,15,84419412
835,신규,여성,20대이하,1천만원이하,2020-10-19,0,9447194
836,기존,남성,20대이하,1천만원이하,2020-03-02,1,4316058
837,기존,남성,30대,3천만원이하,2020-03-02,9,21359847
838,기존,남성,40대,1억원이하,2020-03-02,7,89353344
839,기존,남성,50대,1천만원이하,2020-03-02,5,4919881
840,신규,남성,40대,1천만원이하,2020-09-10,0,3055823
841,기존,남성,60대이상,3천만원이하,2020-03-02,6,14923498
842,기존,남성,40대,1천만원이하,2020-03-02,2,8633336
843,기존,여성,30대,1천만원이하,2020-03-02,2,2389434
844,신규,여성,20대이하,1억원이하,2020-04-01,0,84546240
845,신규,여성,30대,1천만원이하,2020-03-13,0,9350590
846,신규,여성,30대,1억원이하,2020-04-13,0,76375599
847,기존,남성,40대,1억원초과,2020-03-02,13,121959778
848,기존,남성,50대,1억원이하,2020-03-02,11,39501918
849,기존,남성,50대,1억원이하,2020-03-02,14,74220195
850,기존,남성,30대,1천만원이하,2020-03-02,3,5326756
851,기존,남성,40대,3천만원이하,2020-03-02,6,14756036
852,기존,남성,40대,1천만원이하,2020-03-02,3,6461341
853,기존,남성,50대,1억원이하,2020-03-02,11,59601706
854,기존,남성,60대이상,1천만원이하,2020-03-02,1,1112788
855,신규,여성,30대,1천만원이하,2020-04-21,0,5427835
856,기존,여성,50대,1억원이하,2020-03-02,8,71940241
857,기존,남성,60대이상,1억원이하,2020-03-02,15,49358824
858,신규,남성,40대,1억원이하,2020-10-14,0,50717752
859,기존,남성,30대,1천만원이하,2020-03-02,3,9221622
860,기존,남성,20대이하,1천만원이하,2020-03-02,1,9718547
861,신규,여성,60대이상,1천만원이하,2020-10-29,0,1125293
862,기존,남성,30대,3천만원이하,2020-03-02,9,26006395
863,기존,남성,50대,1억원이하,2020-03-02,10,52784375
864,기존,남성,20대이하,1천만원이하,2020-03-02,2,4471210
865,신규,남성,40대,1천만원이하,2020-10-13,0,1167537
866,신규,남성,20대이하,1억원이하,2020-10-22,0,68347210
867,기존,여성,40대,1억원초과,2020-03-02,13,240150900
868,기존,여성,60대이상,1천만원이하,2020-03-02,1,8387031
869,신규,남성,30대,1천만원이하,2020-10-23,0,8434451
870,기존,여성,20대이하,1천만원이하,2020-03-02,2,3950012
871,기존,여성,40대,1억원이하,2020-03-02,14,69681143
872,신규,남성,30대,1천만원이하,2020-10-20,0,3180555
873,신규,여성,30대,1천만원이하,2020-10-23,0,1883501
874,신규,여성,40대,1천만원이하,2020-10-28,0,4141033
875,신규,남성,30대,1천만원이하,2020-03-18,0,1751147
876,신규,남성,50대,1천만원이하,2020-04-27,0,4065871
877,기존,남성,30대,1천만원이하,2020-03-02,1,2144980
878,기존,남성,30대,1억원이하,2020-03-02,7,49768785
879,신규,여성,20대이하,1억원이하,2020-04-07,0,61475451
880,기존,남성,20대이하,1억원이하,2020-03-02,8,83792195
881,기존,여성,30대,3천만원이하,2020-03-02,7,27842108
882,신규,여성,50대,1천만원이하,2020-09-09,0,3769383
883,기존,남성,60대이상,1천만원이하,2020-03-02,3,9336984
884,기존,남성,30대,1천만원이하,2020-03-02,3,4720111
885,신규,남성,40대,1천만원이하,2020-07-28,0,2922807
886,신규,남성,30대,1천만원이하,2020-05-07,0,1801020
887,신규,여성,60대이상,1천만원이하,2020-10-16,0,9506300
888,기존,남성,50대,3천만원이하,2020-03-02,8,18944485
889,기존,여성,30대,3천만원이하,2020-03-02,7,21819496
890,기존,남성,40대,1천만원이하,2020-03-02,1,9813686
891,신규,여성,40대,1천만원이하,2020-06-02,0,9003024
892,신규,남성,20대이하,1천만원이하,2020-03-31,0,1595757
893,신규,여성,30대,1천만원이하,2020-04-14,0,1602402
894,기존,남성,60대이상,1천만원이하,2020-03-02,3,7630662
895,기존,여성,40대,1천만원이하,2020-03-02,4,8340926
896,신규,남성,50대,1천만원이하,2020-07-10,0,4534530
897,기존,여성,40대,1천만원이하,2020-03-02,2,1901444
898,기존,남성,20대이하,1억원초과,2020-03-02,12,256517124
899,기존,남성,30대,3천만원이하,2020-03-02,6,16999785
900,신규,여성,30대,1천만원이하,2020-09-11,0,1089652
901,기존,여성,50대,3천만원이하,2020-03-02,8,14164643
902,기존,남성,30대,1억원이하,2020-03-02,13,45267887
903,신규,남성,50대,1천만원이하,2020-08-26,0,4989044
904,기존,남성,40대,1천만원이하,2020-03-02,2,2779640
905,기존,여성,50대,1억원초과,2020-03-02,13,134591145
906,기존,남성,30대,1천만원이하,2020-03-02,4,5634944
907,신규,남성,30대,1천만원이하,2020-06-24,0,6050339
908,기존,남성,40대,1억원초과,2020-03-02,12,139692551
909,신규,여성,30대,1천만원이하,2020-03-27,0,9097195
910,기존,여성,20대이하,1천만원이하,2020-03-02,3,3250710
911,기존,남성,50대,1천만원이하,2020-03-02,3,4091700
912,신규,남성,20대이하,1천만원이하,2020-06-03,0,8969920
913,기존,여성,30대,1억원이하,2020-03-02,12,46673876
914,기존,여성,40대,1천만원이하,2020-03-02,4,6638298
915,기존,남성,30대,1억원이하,2020-03-02,12,38240945
916,기존,남성,60대이상,1억원초과,2020-03-02,13,272200622
917,기존,남성,20대이하,1억원이하,2020-03-02,7,57858582
918,기존,남성,40대,1천만원이하,2020-03-02,2,9471012
919,기존,남성,50대,1천만원이하,2020-03-02,3,9625491
920,기존,여성,50대,1천만원이하,2020-03-02,4,7756736
921,기존,남성,40대,1천만원이하,2020-03-02,1,3710378
922,신규,남성,20대이하,1천만원이하,2020-04-28,0,4825670
923,기존,남성,20대이하,3천만원이하,2020-03-02,10,22118553
924,기존,남성,60대이상,1천만원이하,2020-03-02,2,1262986
925,신규,남성,20대이하,1천만원이하,2020-03-26,0,2889090
926,기존,여성,30대,1천만원이하,2020-03-02,1,9518554
927,신규,남성,40대,1천만원이하,2020-08-19,0,8570858
928,기존,남성,50대,1천만원이하,2020-03-02,3,5610136
929,신규,여성,30대,1천만원이하,2020-03-27,0,5137957
930,기존,여성,40대,3천만원이하,2020-03-02,6,14303987
931,기존,남성,30대,3천만원이하,2020-03-02,5,28416515
932,기존,여성,40대,3천만원이하,2020-03-02,7,24582205
933,기존,여성,50대,3천만원이하,2020-03-02,2,26485407
934,기존,남성,30대,1천만원이하,2020-03-02,2,7708950
935,기존,남성,30대,1억원이하,2020-03-02,8,75919938
936,기존,남성,20대이하,3천만원이하,2020-03-02,3,18426542
937,기존,남성,40대,1억원이하,2020-03-02,11,98032130
938,기존,남성,40대,1천만원이하,2020-03-02,4,4302991
939,신규,남성,20대이하,1천만원이하,2020-10-07,0,3914512
940,기존,남성,50대,1천만원이하,2020-03-02,5,8170530
941,기존,여성,40대,3천만원이하,2020-03-02,10,12287372
942,신규,남성,40대,1천만원이하,2020-10-05,0,7586457
943,신규,남성,40대,1천만원이하,2020-03-23,0,6549329
944,기존,남성,30대,1천만원이하,2020-03-02,4,2095672
945,기존,남성,60대이상,1천만원이하,2020-03-02,2,2636034
946,기존,여성,50대,1천만원이하,2020-03-02,2,1997076
947,기존,여성,60대이상,1억원이하,2020-03-02,13,69233675
948,기존,여성,30대,1억원이하,2020-03-02,11,71012427
949,기존,여성,50대,1천만원이하,2020-03-02,2,2488734
950,기존,남성,50대,1천만원이하,2020-03-02,3,4634149
951,기존,여성,60대이상,1천만원이하,2020-03-02,2,3255831
952,기존,여성,40대,1천만원이하,2020-03-02,1,8968040
953,기존,여성,50대,1천만원이하,2020-03-02,4,4026297
954,기존,남성,60대이상,3천만원이하,2020-03-02,3,15197772
955,기존,여성,20대이하,1억원이하,2020-03-02,8,49608236
956,기존,여성,50대,1천만원이하,2020-03-02,3,2021665
957,신규,남성,30대,1천만원이하,2020-09-21,0,4867259
958,기존,남성,30대,1천만원이하,2020-03-02,2,3304622
959,기존,남성,60대이상,1천만원이하,2020-03-02,2,1906977
960,기존,남성,40대,1억원초과,2020-03-02,14,154494646
961,기존,남성,40대,1천만원이하,2020-03-02,1,4924050
962,기존,여성,40대,1천만원이하,2020-03-02,4,2616623
963,기존,남성,60대이상,1천만원이하,2020-03-02,3,5982521
964,신규,남성,30대,1천만원이하,2020-05-04,0,3861895
965,기존,남성,30대,3천만원이하,2020-03-02,7,23782181
966,기존,남성,60대이상,1천만원이하,2020-03-02,2,3872821
967,기존,남성,50대,1천만원이하,2020-03-02,4,5969000
968,기존,여성,40대,1억원이하,2020-03-02,13,94455994
969,기존,남성,40대,1천만원이하,2020-03-02,2,1876891
970,기존,여성,50대,1천만원이하,2020-03-02,3,8160108
971,기존,남성,40대,1억원이하,2020-03-02,8,56009141
972,기존,남성,40대,3천만원이하,2020-03-02,4,16423804
973,기존,남성,40대,1천만원이하,2020-03-02,7,8753233
974,기존,남성,40대,3천만원이하,2020-03-02,7,16103279
975,기존,남성,40대,3천만원이하,2020-03-02,6,21079611
976,기존,여성,30대,1천만원이하,2020-03-02,1,2248848
977,신규,남성,40대,1천만원이하,2020-06-30,0,1095831
978,기존,남성,40대,3천만원이하,2020-03-02,8,20549618
979,기존,여성,60대이상,1천만원이하,2020-03-02,4,8043509
980,신규,남성,30대,1천만원이하,2020-09-10,0,8934086
981,신규,여성,20대이하,1천만원이하,2020-10-12,0,1064915
982,신규,여성,50대,1천만원이하,2020-10-20,0,7425185
983,기존,남성,60대이상,1억원이하,2020-03-02,5,35343960
984,기존,남성,50대,1천만원이하,2020-03-02,3,8544040
985,신규,여성,30대,1천만원이하,2020-10-08,0,9605302
986,기존,남성,30대,1천만원이하,2020-03-02,3,4802750
987,기존,남성,50대,1천만원이하,2020-03-02,2,3463011
988,기존,남성,20대이하,1억원이하,2020-03-02,9,50990211
989,기존,남성,60대이상,3천만원이하,2020-03-02,6,10801801
990,신규,여성,20대이하,1천만원이하,2020-03-31,0,8344925
991,기존,여성,20대이하,1천만원이하,2020-03-02,1,1056304
992,기존,여성,50대,3천만원이하,2020-03-02,8,28171418
993,기존,남성,50대,1억원이하,2020-03-02,10,34413252
994,기존,남성,40대,1억원이하,2020-03-02,4,99912442
995,기존,남성,40대,1천만원이하,2020-03-02,2,6045787
996,기존,남성,40대,3천만원이하,2020-03-02,9,26419555
997,신규,남성,60대이상,1천만원이하,2020-08-19,0,3129593
998,신규,남성,20대이하,1천만원이하,2020-05-04,0,4135437
999,기존,남성,40대,1천만원이하,2020-03-02,5,9728182
1000,신규,남성,20대이하,1천만원이하,2020-03-06,0,7027941
1001,신규,남성,30대,1천만원이하,2020-08-21,0,1221460
1002,신규,남성,20대이하,1천만원이하,2020-07-16,0,4704223
1003,신규,여성,20대이하,1천만원이하,2020-10-19,0,3299155
1004,기존,남성,50대,3천만원이하,2020-03-02,5,21978148
1005,신규,여성,30대,1천만원이하,2020-04-28,0,2884151
1006,기존,남성,60대이상,1천만원이하,2020-03-02,1,3918980
1007,기존,여성,50대,1천만원이하,2020-03-02,4,8167308
1008,기존,여성,60대이상,1천만원이하,2020-03-02,2,7716154
1009,기존,여성,60대이상,1억원이하,2020-03-02,8,63075289
1010,기존,남성,60대이상,1천만원이하,2020-03-02,2,9068290
1011,기존,남성,30대,1천만원이하,2020-03-02,2,3230129
1012,기존,남성,30대,1천만원이하,2020-03-02,4,8799252
1013,신규,남성,40대,1천만원이하,2020-10-16,0,7703620
1014,기존,여성,40대,1천만원이하,2020-03-02,4,4884798
1015,신규,남성,20대이하,1천만원이하,2020-08-07,0,9639447
1016,기존,남성,50대,3천만원이하,2020-03-02,6,14991501
1017,신규,여성,20대이하,1천만원이하,2020-03-18,0,8279282
1018,기존,남성,40대,3천만원이하,2020-03-02,6,29810322
1019,신규,여성,40대,1천만원이하,2020-10-07,0,8477941
1020,신규,남성,30대,1천만원이하,2020-04-16,0,1178089
1021,기존,남성,30대,3천만원이하,2020-03-02,7,10084788
1022,기존,남성,40대,1천만원이하,2020-03-02,1,2087468
1023,기존,여성,50대,1천만원이하,2020-03-02,3,8712680
1024,기존,남성,20대이하,1천만원이하,2020-03-02,4,8213958
1025,기존,남성,30대,1천만원이하,2020-03-02,2,7755441
1026,신규,남성,40대,1천만원이하,2020-08-14,0,2152829
1027,기존,남성,40대,3천만원이하,2020-03-02,10,18268716
1028,기존,여성,50대,1억원이하,2020-03-02,8,70127060
1029,기존,남성,40대,1억원이하,2020-03-02,3,33411256
1030,기존,여성,40대,1천만원이하,2020-03-02,3,6572743
1031,기존,여성,50대,1억원초과,2020-03-02,25,226461563
1032,기존,남성,50대,1천만원이하,2020-03-02,3,5860718
1033,기존,여성,50대,1억원초과,2020-03-02,14,173277424
1034,기존,여성,50대,3천만원이하,2020-03-02,4,23160707
1035,신규,여성,30대,1천만원이하,2020-03-16,0,2846939
1036,기존,남성,50대,3천만원이하,2020-03-02,7,16481464
1037,신규,여성,40대,1천만원이하,2020-03-04,0,9105199
1038,기존,남성,40대,1억원이하,2020-03-02,18,69287515
1039,기존,여성,40대,3천만원이하,2020-03-02,6,17559042
1040,신규,여성,40대,1천만원이하,2020-10-23,0,7924159
1041,기존,남성,60대이상,1천만원이하,2020-03-02,3,4433159
1042,기존,남성,30대,1억원이하,2020-03-02,6,37015177
1043,기존,남성,30대,1억원초과,2020-03-02,15,204936157
1044,신규,여성,20대이하,1천만원이하,2020-03-11,0,2322609
1045,신규,여성,40대,1천만원이하,2020-03-24,0,6324161
1046,기존,남성,40대,1억원이하,2020-03-02,10,84095212
1047,기존,여성,30대,1억원초과,2020-03-02,14,184637100
1048,신규,여성,30대,1천만원이하,2020-03-25,0,6743413
1049,기존,남성,20대이하,3천만원이하,2020-03-02,5,14624743
1050,신규,남성,30대,1천만원이하,2020-03-18,0,7523501
1051,기존,여성,40대,1억원이하,2020-03-02,12,95830685
1052,기존,남성,40대,1억원초과,2020-03-02,15,121046603
1053,기존,남성,30대,1억원이하,2020-03-02,9,67107922
1054,기존,여성,30대,1천만원이하,2020-03-02,5,4165822
1055,기존,남성,40대,3천만원이하,2020-03-02,6,14123027
1056,기존,여성,50대,3천만원이하,2020-03-02,8,29268972
1057,기존,남성,40대,1천만원이하,2020-03-02,6,5809196
1058,신규,여성,20대이하,1천만원이하,2020-10-15,0,9263539
1059,신규,남성,40대,1천만원이하,2020-10-30,0,9827593
1060,기존,남성,20대이하,1천만원이하,2020-03-02,3,7414373
1061,기존,남성,40대,1천만원이하,2020-03-02,3,9022182
1062,기존,남성,30대,1억원이하,2020-03-02,7,91224136
1063,기존,남성,60대이상,3천만원이하,2020-03-02,8,15268896
1064,기존,남성,50대,3천만원이하,2020-03-02,7,21892162
1065,기존,남성,40대,1천만원이하,2020-03-02,4,6243112
1066,기존,여성,20대이하,1천만원이하,2020-03-02,2,8502409
1067,신규,남성,20대이하,3천만원이하,2020-09-29,0,15132456
1068,기존,여성,20대이하,3천만원이하,2020-03-02,3,19016171
1069,신규,남성,20대이하,1천만원이하,2020-06-01,0,9862200
1070,기존,여성,50대,1억원이하,2020-03-02,10,45634315
1071,기존,남성,40대,3천만원이하,2020-03-02,2,29439332
1072,신규,여성,30대,1천만원이하,2020-10-21,0,6218683
1073,신규,여성,30대,1천만원이하,2020-08-04,0,1471463
1074,기존,남성,20대이하,1천만원이하,2020-03-02,4,8127165
1075,신규,남성,20대이하,1천만원이하,2020-03-23,0,2167050
1076,기존,남성,50대,1억원초과,2020-03-02,15,152433283
1077,기존,여성,50대,1억원이하,2020-03-02,11,72594666
1078,기존,여성,30대,1천만원이하,2020-03-02,2,3003414
1079,기존,여성,40대,1억원이하,2020-03-02,15,54981964
1080,기존,여성,20대이하,3천만원이하,2020-03-02,4,18690656
1081,기존,남성,40대,1천만원이하,2020-03-02,5,5260155
1082,기존,남성,40대,3천만원이하,2020-03-02,10,19345262
1083,기존,여성,30대,3천만원이하,2020-03-02,9,25301589
1084,기존,남성,50대,1천만원이하,2020-03-02,2,3231992
1085,기존,남성,60대이상,3천만원이하,2020-03-02,5,18828566
1086,기존,남성,30대,1천만원이하,2020-03-02,1,1929117
1087,신규,여성,20대이하,1천만원이하,2020-10-06,0,5989711
1088,기존,남성,30대,3천만원이하,2020-03-02,7,19754580
1089,기존,남성,50대,1천만원이하,2020-03-02,4,9344105
1090,기존,남성,30대,1천만원이하,2020-03-02,2,5503701
1091,신규,여성,40대,1천만원이하,2020-05-13,0,9142438
1092,기존,남성,40대,3천만원이하,2020-03-02,8,26144084
1093,신규,남성,20대이하,1천만원이하,2020-04-13,0,7341298
1094,기존,남성,40대,1천만원이하,2020-03-02,2,1946548
1095,신규,여성,20대이하,3천만원이하,2020-04-27,0,23131851
1096,기존,여성,30대,1억원초과,2020-03-02,15,287236070
1097,신규,여성,20대이하,1천만원이하,2020-05-27,0,9120364
1098,기존,여성,40대,1천만원이하,2020-03-02,4,4783433
1099,기존,남성,60대이상,1천만원이하,2020-03-02,3,3443357
1100,기존,남성,40대,3천만원이하,2020-03-02,5,27390485
1101,기존,남성,50대,1천만원이하,2020-03-02,5,5696296
1102,기존,남성,50대,1천만원이하,2020-03-02,2,5600199
1103,신규,남성,60대이상,1천만원이하,2020-03-26,0,1355006
1104,신규,남성,40대,1천만원이하,2020-09-14,0,8242518
1105,신규,여성,20대이하,1천만원이하,2020-10-20,0,7813435
1106,기존,남성,40대,1억원이하,2020-03-02,7,77993296
1107,기존,남성,60대이상,1천만원이하,2020-03-02,2,5812049
1108,신규,여성,30대,1천만원이하,2020-08-27,0,9117142
1109,기존,여성,30대,1억원이하,2020-03-02,8,65111597
1110,신규,여성,30대,1천만원이하,2020-03-04,0,8605031
1111,기존,남성,50대,1천만원이하,2020-03-02,2,6476531
1112,기존,남성,50대,1억원이하,2020-03-02,12,75336213
1113,기존,남성,60대이상,3천만원이하,2020-03-02,6,29466423
1114,기존,남성,40대,3천만원이하,2020-03-02,6,25195357
1115,신규,여성,20대이하,1천만원이하,2020-10-06,0,8419460
1116,기존,남성,40대,1천만원이하,2020-03-02,4,8729543
1117,신규,남성,30대,1천만원이하,2020-03-09,0,1695096
1118,신규,남성,20대이하,1천만원이하,2020-07-21,0,4959309
1119,기존,여성,30대,3천만원이하,2020-03-02,5,12926191
1120,기존,남성,30대,1억원이하,2020-03-02,13,91902170
1121,기존,남성,50대,1억원이하,2020-03-02,12,60463142
1122,신규,여성,40대,1천만원이하,2020-10-19,0,2193087
1123,기존,남성,50대,1천만원이하,2020-03-02,4,9345231
1124,신규,여성,30대,3천만원이하,2020-10-05,0,18232425
1125,기존,여성,50대,1천만원이하,2020-03-02,2,4861708
1126,기존,남성,20대이하,1천만원이하,2020-03-02,3,4067689
1127,기존,남성,40대,1억원이하,2020-03-02,13,70489436
1128,기존,남성,30대,1천만원이하,2020-03-02,1,4968294
1129,신규,남성,40대,1천만원이하,2020-10-22,0,7965978
1130,기존,남성,40대,1천만원이하,2020-03-02,2,2157224
1131,신규,여성,50대,1천만원이하,2020-10-12,0,8543588
1132,기존,남성,50대,1억원초과,2020-03-02,17,187263736
1133,기존,여성,60대이상,1천만원이하,2020-03-02,4,6172231
1134,기존,여성,50대,1천만원이하,2020-03-02,2,6829284
1135,기존,남성,50대,1억원이하,2020-03-02,7,44220494
1136,기존,여성,50대,1억원초과,2020-03-02,13,116430251
1137,기존,남성,20대이하,3천만원이하,2020-03-02,6,21141429
1138,기존,남성,50대,3천만원이하,2020-03-02,3,15687976
1139,기존,남성,40대,3천만원이하,2020-03-02,6,14004564
1140,기존,남성,50대,1천만원이하,2020-03-02,4,2477525
1141,기존,여성,30대,1천만원이하,2020-03-02,7,9622352
1142,기존,여성,40대,1천만원이하,2020-03-02,3,4654764
1143,기존,남성,30대,1천만원이하,2020-03-02,3,6557806
1144,기존,남성,30대,3천만원이하,2020-03-02,6,26504359
1145,신규,여성,50대,1천만원이하,2020-04-13,0,4043816
1146,기존,여성,30대,3천만원이하,2020-03-02,3,25911767
1147,기존,남성,40대,1천만원이하,2020-03-02,1,1875890
1148,기존,남성,40대,1억원초과,2020-03-02,15,235524149
1149,기존,남성,30대,1천만원이하,2020-03-02,3,5158192
1150,기존,남성,60대이상,3천만원이하,2020-03-02,7,20859883
1151,기존,여성,30대,1천만원이하,2020-03-02,2,2650200
1152,신규,여성,50대,3천만원이하,2020-03-24,0,20283968
1153,기존,남성,50대,1억원이하,2020-03-02,8,45653391
1154,신규,남성,40대,1천만원이하,2020-07-02,0,9661051
1155,기존,남성,30대,1천만원이하,2020-03-02,2,2376621
1156,기존,남성,40대,1천만원이하,2020-03-02,3,3757420
1157,기존,남성,50대,3천만원이하,2020-03-02,6,22957328
1158,신규,남성,50대,1천만원이하,2020-10-05,0,6465027
1159,신규,여성,40대,1천만원이하,2020-04-03,0,3545657
1160,신규,여성,40대,1천만원이하,2020-04-29,0,6568428
1161,기존,여성,30대,1천만원이하,2020-03-02,2,2449174
1162,기존,남성,60대이상,3천만원이하,2020-03-02,4,29105521
1163,기존,여성,40대,1천만원이하,2020-03-02,1,2115347
1164,기존,남성,40대,1천만원이하,2020-03-02,3,9687442
1165,신규,남성,40대,3천만원이하,2020-10-12,0,13398632
1166,기존,남성,50대,1억원초과,2020-03-02,19,214639807
1167,기존,남성,30대,1천만원이하,2020-03-02,3,7264419
1168,기존,남성,20대이하,1억원초과,2020-03-02,11,103192862
1169,기존,남성,40대,1억원이하,2020-03-02,14,82443615
1170,기존,남성,50대,1천만원이하,2020-03-02,3,3084408
1171,기존,남성,60대이상,3천만원이하,2020-03-02,6,10174453
1172,기존,남성,50대,3천만원이하,2020-03-02,5,15787132
1173,기존,남성,50대,3천만원이하,2020-03-02,7,24227864
1174,기존,남성,50대,1천만원이하,2020-03-02,5,7179468
1175,신규,남성,30대,1천만원이하,2020-05-08,0,7614314
1176,기존,여성,50대,1천만원이하,2020-03-02,7,8601216
1177,신규,남성,20대이하,1천만원이하,2020-09-08,0,1065977
1178,기존,남성,20대이하,1천만원이하,2020-03-02,5,8416831
1179,기존,남성,30대,1억원초과,2020-03-02,13,174347519
1180,기존,남성,30대,1천만원이하,2020-03-02,3,3381364
1181,기존,여성,30대,1억원이하,2020-03-02,8,79751287
1182,신규,여성,50대,1천만원이하,2020-08-20,0,7215812
1183,기존,여성,40대,1천만원이하,2020-03-02,3,3166720
1184,기존,여성,40대,3천만원이하,2020-03-02,5,12574633
1185,기존,남성,30대,1천만원이하,2020-03-02,6,4484306
1186,신규,여성,20대이하,1천만원이하,2020-10-23,0,6867209
1187,기존,남성,30대,1억원이하,2020-03-02,9,89475749
1188,기존,남성,30대,1천만원이하,2020-03-02,2,5305515
1189,기존,남성,30대,3천만원이하,2020-03-02,5,27806559
1190,기존,남성,50대,1천만원이하,2020-03-02,4,2133012
1191,기존,여성,30대,1천만원이하,2020-03-02,2,1598634
1192,기존,남성,50대,1억원초과,2020-03-02,12,130918781
1193,기존,여성,50대,1억원초과,2020-03-02,17,275834490
1194,신규,남성,40대,1천만원이하,2020-03-09,0,1732782
1195,신규,여성,40대,3천만원이하,2020-03-27,0,11888552
1196,신규,남성,30대,1천만원이하,2020-10-13,0,2907705
1197,기존,남성,20대이하,3천만원이하,2020-03-02,7,25586992
1198,신규,남성,60대이상,1천만원이하,2020-10-05,0,5646476
1199,기존,남성,30대,1억원이하,2020-03-02,11,65580298
1200,신규,여성,20대이하,1천만원이하,2020-03-18,0,5641077
1201,기존,여성,40대,1천만원이하,2020-03-02,3,5420371
1202,기존,남성,30대,3천만원이하,2020-03-02,6,13192333
1203,기존,남성,30대,3천만원이하,2020-03-02,7,12887243
1204,신규,남성,20대이하,1천만원이하,2020-03-23,0,9249031
1205,신규,남성,60대이상,3천만원이하,2020-03-31,0,13544937
1206,기존,남성,40대,1억원이하,2020-03-02,4,52964214
1207,신규,남성,50대,3천만원이하,2020-08-19,0,23927766
1208,기존,남성,30대,1억원이하,2020-03-02,8,59635857
1209,기존,여성,50대,1억원이하,2020-03-02,10,86869669
1210,기존,남성,40대,1억원이하,2020-03-02,7,43184465
1211,기존,남성,60대이상,1억원이하,2020-03-02,11,39836076
1212,기존,여성,40대,1천만원이하,2020-03-02,3,4028742
1213,신규,여성,50대,1억원이하,2020-10-22,0,49549971
1214,기존,여성,50대,1억원초과,2020-03-02,16,193292483
1215,기존,여성,30대,1억원이하,2020-03-02,13,74803695
1216,기존,여성,40대,1억원초과,2020-03-02,17,230202504
1217,기존,남성,40대,3천만원이하,2020-03-02,4,20945902
1218,신규,여성,50대,1천만원이하,2020-04-01,0,8969408
1219,기존,여성,50대,3천만원이하,2020-03-02,6,17744809
1220,신규,남성,40대,1천만원이하,2020-03-30,0,6133559
1221,기존,남성,20대이하,1천만원이하,2020-03-02,3,2205216
1222,기존,남성,40대,1억원이하,2020-03-02,16,80839530
1223,기존,남성,60대이상,1천만원이하,2020-03-02,3,1803430
1224,신규,남성,30대,1천만원이하,2020-10-06,0,7011925
1225,기존,남성,40대,1천만원이하,2020-03-02,3,9449493
1226,기존,남성,30대,1억원초과,2020-03-02,22,287368739
1227,기존,남성,60대이상,1천만원이하,2020-03-02,1,1205195
1228,기존,남성,30대,1억원이하,2020-03-02,6,32132682
1229,신규,남성,20대이하,1천만원이하,2020-06-15,0,9995894
1230,기존,남성,40대,1억원초과,2020-03-02,24,122410208
1231,기존,남성,50대,1천만원이하,2020-03-02,2,4929864
1232,기존,남성,40대,1억원이하,2020-03-02,15,57940364
1233,기존,남성,50대,1억원이하,2020-03-02,7,43973109
1234,기존,남성,50대,1억원이하,2020-03-02,9,31458237
1235,기존,남성,20대이하,1천만원이하,2020-03-02,3,9468085
1236,기존,여성,30대,1억원이하,2020-03-02,11,40449772
1237,신규,여성,30대,1천만원이하,2020-10-16,0,9719295
1238,신규,남성,20대이하,1천만원이하,2020-10-30,0,5208057
1239,기존,여성,50대,1천만원이하,2020-03-02,3,8879073
1240,신규,여성,20대이하,1천만원이하,2020-10-26,0,6077674
1241,신규,여성,20대이하,1천만원이하,2020-10-07,0,5881342
1242,기존,여성,50대,1천만원이하,2020-03-02,3,6072410
1243,기존,남성,40대,1천만원이하,2020-03-02,3,7255407
1244,기존,남성,60대이상,1천만원이하,2020-03-02,5,4422173
1245,기존,여성,40대,1억원초과,2020-03-02,12,227384472
1246,기존,남성,60대이상,1억원이하,2020-03-02,6,30778297
1247,신규,남성,20대이하,1천만원이하,2020-07-30,0,8295248
1248,기존,여성,30대,1억원이하,2020-03-02,8,30906147
1249,신규,남성,40대,1천만원이하,2020-03-16,0,1945018
1250,기존,남성,40대,1천만원이하,2020-03-02,2,5294948
1251,신규,남성,50대,1천만원이하,2020-10-14,0,1169698
1252,기존,여성,50대,1천만원이하,2020-03-02,4,9768360
1253,기존,여성,30대,1억원이하,2020-03-02,7,81457198
1254,신규,여성,20대이하,1천만원이하,2020-06-02,0,5251113
1255,기존,남성,60대이상,3천만원이하,2020-03-02,6,21899656
1256,신규,남성,20대이하,1천만원이하,2020-07-13,0,1448903
1257,기존,남성,40대,1천만원이하,2020-03-02,2,9632826
1258,신규,남성,30대,1천만원이하,2020-09-24,0,9293696
1259,신규,여성,30대,3천만원이하,2020-10-28,0,24916733
1260,기존,남성,30대,1억원이하,2020-03-02,16,69133995
1261,신규,여성,40대,3천만원이하,2020-08-24,0,18733860
1262,신규,남성,20대이하,1천만원이하,2020-10-22,0,7401885
1263,기존,여성,30대,1억원이하,2020-03-02,11,80333298
1264,신규,남성,50대,1천만원이하,2020-10-28,0,3468431
1265,기존,남성,50대,1천만원이하,2020-03-02,2,7458273
1266,기존,여성,30대,1천만원이하,2020-03-02,2,5990131
1267,기존,여성,40대,3천만원이하,2020-03-02,6,27713639
1268,신규,여성,50대,1천만원이하,2020-03-17,0,9468309
1269,신규,남성,60대이상,1천만원이하,2020-05-12,0,8123495
1270,기존,남성,20대이하,3천만원이하,2020-03-02,14,20784437
1271,기존,남성,30대,1천만원이하,2020-03-02,4,7134811
1272,기존,남성,60대이상,1천만원이하,2020-03-02,4,3574921
1273,기존,여성,40대,1억원이하,2020-03-02,12,58866214
1274,기존,남성,40대,3천만원이하,2020-03-02,11,19181175
1275,기존,여성,60대이상,3천만원이하,2020-03-02,4,15414202
1276,기존,남성,40대,1천만원이하,2020-03-02,3,6910034
1277,기존,여성,40대,3천만원이하,2020-03-02,5,23002058
1278,신규,남성,30대,3천만원이하,2020-10-21,0,14600071
1279,신규,여성,30대,1천만원이하,2020-10-13,0,3641135
1280,신규,남성,40대,1천만원이하,2020-10-28,0,2538909
1281,신규,남성,50대,1천만원이하,2020-03-27,0,2009007
1282,기존,여성,30대,3천만원이하,2020-03-02,7,29550736
1283,기존,남성,30대,1천만원이하,2020-03-02,2,2261174
1284,신규,남성,60대이상,1천만원이하,2020-08-13,0,1205868
1285,신규,여성,30대,1천만원이하,2020-10-23,0,6584866
1286,신규,여성,40대,1천만원이하,2020-08-18,0,9968095
1287,기존,여성,40대,3천만원이하,2020-03-02,5,27100646
1288,기존,남성,20대이하,1천만원이하,2020-03-02,5,8445174
1289,기존,남성,60대이상,3천만원이하,2020-03-02,8,17105730
1290,기존,남성,40대,1천만원이하,2020-03-02,2,8053529
1291,기존,남성,40대,1억원초과,2020-03-02,15,195554232
1292,기존,남성,40대,1억원이하,2020-03-02,9,81486542
1293,기존,여성,60대이상,1천만원이하,2020-03-02,2,9461573
1294,신규,남성,50대,1천만원이하,2020-10-05,0,5908238
1295,신규,여성,50대,1천만원이하,2020-10-29,0,7469431
1296,기존,여성,60대이상,1억원초과,2020-03-02,14,143519940
1297,기존,남성,30대,3천만원이하,2020-03-02,11,22538393
1298,기존,여성,30대,3천만원이하,2020-03-02,9,21261169
1299,기존,남성,40대,3천만원이하,2020-03-02,6,22866327
1300,신규,남성,30대,1천만원이하,2020-03-26,0,8474470
1301,신규,남성,40대,3천만원이하,2020-03-13,0,17255457
1302,기존,여성,40대,1천만원이하,2020-03-02,5,9903701
1303,기존,남성,40대,1천만원이하,2020-03-02,3,4437231
1304,기존,여성,30대,1천만원이하,2020-03-02,3,6762339
1305,기존,남성,40대,1천만원이하,2020-03-02,2,3926108
1306,기존,여성,20대이하,1천만원이하,2020-03-02,1,1285003
1307,기존,남성,40대,1억원이하,2020-03-02,6,30613588
1308,기존,남성,30대,1억원이하,2020-03-02,15,30672788
1309,기존,남성,50대,1천만원이하,2020-03-02,2,3795247
1310,기존,남성,50대,3천만원이하,2020-03-02,6,13438791
1311,신규,남성,50대,1천만원이하,2020-10-19,0,1394192
1312,신규,남성,50대,1천만원이하,2020-08-31,0,9331059
1313,기존,여성,40대,1억원이하,2020-03-02,6,91430060
1314,기존,남성,30대,1억원이하,2020-03-02,7,64763792
1315,기존,남성,30대,3천만원이하,2020-03-02,7,16891843
1316,신규,여성,30대,1천만원이하,2020-03-30,0,5297706
1317,기존,여성,50대,1천만원이하,2020-03-02,3,6818052
1318,기존,여성,30대,1천만원이하,2020-03-02,3,8866053
1319,기존,남성,20대이하,1억원이하,2020-03-02,11,36390687
1320,기존,남성,50대,1천만원이하,2020-03-02,1,7215344
1321,기존,여성,60대이상,1천만원이하,2020-03-02,2,6379750
1322,신규,여성,40대,1억원이하,2020-10-16,0,68809124
1323,신규,여성,40대,3천만원이하,2020-04-16,0,18229472
1324,신규,여성,50대,1천만원이하,2020-03-23,0,8360739
1325,기존,남성,40대,1억원이하,2020-03-02,10,31124450
1326,기존,여성,30대,1천만원이하,2020-03-02,5,7658906
1327,기존,남성,50대,3천만원이하,2020-03-02,4,14389944
1328,신규,여성,50대,3천만원이하,2020-04-20,0,10244511
1329,기존,여성,20대이하,1억원이하,2020-03-02,13,41670708
1330,기존,남성,50대,1천만원이하,2020-03-02,3,9686657
1331,기존,남성,30대,1억원이하,2020-03-02,12,80433865
1332,기존,여성,50대,1천만원이하,2020-03-02,3,4418140
1333,신규,남성,20대이하,3천만원이하,2020-03-11,0,17048512
1334,신규,남성,40대,1천만원이하,2020-06-04,0,9536695
1335,기존,여성,40대,1천만원이하,2020-03-02,1,8092626
1336,기존,남성,40대,3천만원이하,2020-03-02,5,28875710
1337,기존,남성,30대,1천만원이하,2020-03-02,1,7192706
1338,기존,여성,40대,1억원이하,2020-03-02,9,89349719
1339,기존,남성,20대이하,1억원이하,2020-03-02,10,72497458
1340,기존,여성,50대,1천만원이하,2020-03-02,2,6826186
1341,기존,여성,30대,1억원초과,2020-03-02,11,233284555
1342,기존,남성,30대,1억원이하,2020-03-02,18,64014433
1343,기존,남성,60대이상,1억원이하,2020-03-02,14,96229245
1344,신규,남성,30대,1천만원이하,2020-10-13,0,2052083
1345,기존,남성,20대이하,1억원초과,2020-03-02,14,189326652
1346,신규,남성,30대,1천만원이하,2020-07-06,0,1410863
1347,기존,여성,30대,1천만원이하,2020-03-02,5,9175400
1348,기존,남성,40대,1억원이하,2020-03-02,12,95684765
1349,기존,남성,30대,1억원이하,2020-03-02,12,61936166
1350,신규,여성,30대,1억원이하,2020-10-28,0,37501849
1351,기존,남성,40대,1천만원이하,2020-03-02,1,2665706
1352,기존,남성,60대이상,3천만원이하,2020-03-02,6,11061250
1353,기존,남성,30대,1천만원이하,2020-03-02,2,5095649
1354,기존,남성,60대이상,1천만원이하,2020-03-02,2,2773258
1355,기존,남성,40대,1억원이하,2020-03-02,9,89342729
1356,기존,남성,40대,1천만원이하,2020-03-02,3,9093000
1357,신규,여성,20대이하,1억원이하,2020-03-11,0,38292595
1358,신규,남성,40대,1천만원이하,2020-03-26,0,5153098
1359,기존,남성,40대,1천만원이하,2020-03-02,5,7220457
1360,기존,남성,40대,1천만원이하,2020-03-02,1,7798527
1361,신규,남성,40대,1억원이하,2020-03-24,0,82203220
1362,기존,남성,50대,1억원초과,2020-03-02,10,162722285
1363,기존,남성,30대,1억원이하,2020-03-02,8,62076002
1364,신규,남성,30대,1천만원이하,2020-08-28,0,2305600
1365,기존,여성,40대,3천만원이하,2020-03-02,6,25953677
1366,신규,남성,40대,1천만원이하,2020-03-30,0,8648488
1367,기존,남성,40대,1억원이하,2020-03-02,16,97541414
1368,기존,남성,50대,3천만원이하,2020-03-02,6,20471245
1369,기존,남성,40대,1천만원이하,2020-03-02,6,4434082
1370,기존,남성,30대,1천만원이하,2020-03-02,3,1169185
1371,신규,남성,30대,1천만원이하,2020-10-05,0,4857338
1372,신규,여성,50대,1천만원이하,2020-08-11,0,3308522
1373,신규,여성,30대,1천만원이하,2020-08-31,0,3134029
1374,기존,남성,30대,1천만원이하,2020-03-02,2,3085340
1375,신규,남성,20대이하,3천만원이하,2020-10-16,0,28125530
1376,기존,여성,60대이상,1천만원이하,2020-03-02,2,3871436
1377,기존,여성,30대,1억원이하,2020-03-02,10,52668821
1378,기존,여성,30대,1천만원이하,2020-03-02,1,9161683
1379,신규,남성,40대,1천만원이하,2020-10-14,0,3676173
1380,기존,남성,40대,1억원이하,2020-03-02,5,34578844
1381,기존,여성,40대,1천만원이하,2020-03-02,2,3041678
1382,신규,남성,40대,1천만원이하,2020-10-23,0,1022362
1383,기존,남성,60대이상,1억원초과,2020-03-02,16,154217852
1384,기존,여성,30대,1천만원이하,2020-03-02,1,1726383
1385,신규,남성,20대이하,1천만원이하,2020-03-24,0,9127987
1386,기존,여성,50대,1억원이하,2020-03-02,6,92092964
1387,기존,남성,60대이상,1천만원이하,2020-03-02,2,4516742
1388,기존,여성,40대,1천만원이하,2020-03-02,2,8703691
1389,기존,남성,60대이상,1억원이하,2020-03-02,14,94725788
1390,기존,여성,20대이하,1천만원이하,2020-03-02,2,4304841
1391,기존,여성,40대,3천만원이하,2020-03-02,14,29055771
1392,기존,남성,40대,1억원이하,2020-03-02,14,69652649
1393,기존,남성,50대,1억원이하,2020-03-02,7,83410792
1394,기존,남성,20대이하,1천만원이하,2020-03-02,2,7265180
1395,기존,남성,40대,1억원이하,2020-03-02,13,33197149
1396,신규,남성,20대이하,1천만원이하,2020-05-22,0,4602242
1397,기존,남성,40대,1억원초과,2020-03-02,22,122990585
1398,신규,남성,40대,1천만원이하,2020-10-27,0,1005439
1399,신규,여성,30대,1천만원이하,2020-06-02,0,6811723
1400,기존,여성,30대,1천만원이하,2020-03-02,3,2919021
1401,기존,남성,50대,1억원초과,2020-03-02,17,104991973
1402,신규,남성,60대이상,1천만원이하,2020-04-16,0,5802587
1403,기존,여성,50대,1천만원이하,2020-03-02,4,6883344
1404,기존,남성,40대,3천만원이하,2020-03-02,10,20683807
1405,기존,남성,40대,1억원이하,2020-03-02,9,80602807
1406,신규,남성,40대,1천만원이하,2020-07-23,0,4406038
1407,신규,남성,30대,1억원초과,2020-03-26,0,243018524
1408,신규,여성,40대,1천만원이하,2020-10-16,0,6314733
1409,기존,여성,20대이하,1천만원이하,2020-03-02,2,2208550
1410,기존,여성,30대,1억원초과,2020-03-02,12,263630513
1411,기존,남성,40대,1천만원이하,2020-03-02,5,6991722
1412,기존,남성,60대이상,1천만원이하,2020-03-02,2,9561271
1413,신규,남성,20대이하,1억원이하,2020-09-25,0,64309344
1414,기존,남성,60대이상,1억원이하,2020-03-02,7,88085035
1415,기존,여성,30대,1천만원이하,2020-03-02,1,8409106
1416,신규,남성,40대,1천만원이하,2020-03-18,0,5923857
1417,신규,여성,30대,1천만원이하,2020-10-28,0,4544524
1418,기존,여성,30대,1억원이하,2020-03-02,9,37700777
1419,기존,남성,40대,1억원이하,2020-03-02,12,50781265
1420,기존,남성,30대,1천만원이하,2020-03-02,3,6660843
1421,기존,여성,50대,3천만원이하,2020-03-02,6,17799769
1422,신규,여성,30대,1천만원이하,2020-08-10,0,5321248
1423,기존,여성,60대이상,1천만원이하,2020-03-02,4,5572523
1424,기존,여성,40대,1억원이하,2020-03-02,14,62325425
1425,신규,여성,30대,1천만원이하,2020-04-08,0,6227798
1426,기존,남성,40대,3천만원이하,2020-03-02,9,21309625
1427,기존,남성,60대이상,1억원이하,2020-03-02,5,71688073
1428,기존,남성,40대,1천만원이하,2020-03-02,4,5990449
1429,신규,여성,30대,1천만원이하,2020-09-14,0,7865895
1430,신규,여성,40대,1천만원이하,2020-10-27,0,3128113
1431,기존,남성,30대,1천만원이하,2020-03-02,4,2931352
1432,신규,여성,60대이상,1천만원이하,2020-05-07,0,2963286
1433,기존,남성,20대이하,1천만원이하,2020-03-02,1,2720538
1434,기존,남성,40대,3천만원이하,2020-03-02,10,22239336
1435,기존,남성,30대,1억원이하,2020-03-02,11,90503288
1436,신규,남성,20대이하,1천만원이하,2020-03-05,0,4705519
1437,신규,남성,40대,1천만원이하,2020-03-30,0,2171415
1438,기존,여성,50대,1천만원이하,2020-03-02,2,4755529
1439,기존,남성,20대이하,1천만원이하,2020-03-02,4,5080992
1440,기존,남성,60대이상,1억원이하,2020-03-02,9,48634971
1441,신규,여성,50대,1천만원이하,2020-03-13,0,3062887
1442,기존,여성,30대,1억원초과,2020-03-02,25,266219924
1443,기존,남성,50대,1천만원이하,2020-03-02,2,9107596
1444,신규,남성,20대이하,1천만원이하,2020-08-13,0,3202857
1445,기존,남성,60대이상,1천만원이하,2020-03-02,1,2554886
1446,기존,남성,60대이상,1천만원이하,2020-03-02,3,1945019
1447,기존,남성,50대,1억원초과,2020-03-02,22,170340637
1448,기존,남성,40대,1천만원이하,2020-03-02,1,5877666
1449,신규,여성,20대이하,1천만원이하,2020-04-23,0,6626434
1450,신규,여성,50대,1천만원이하,2020-10-19,0,6322072
1451,기존,남성,50대,1억원이하,2020-03-02,7,85602677
1452,기존,남성,30대,1천만원이하,2020-03-02,4,5867781
1453,기존,여성,30대,1천만원이하,2020-03-02,3,6094395
1454,신규,여성,20대이하,1천만원이하,2020-03-31,0,2336578
1455,기존,남성,40대,1천만원이하,2020-03-02,3,5836211
1456,신규,남성,30대,1천만원이하,2020-03-05,0,6107376
1457,기존,남성,60대이상,1억원이하,2020-03-02,9,78522723
1458,기존,남성,30대,1천만원이하,2020-03-02,3,1012315
1459,신규,남성,50대,1천만원이하,2020-07-13,0,8495469
1460,기존,남성,50대,1천만원이하,2020-03-02,2,9745884
1461,기존,남성,50대,1천만원이하,2020-03-02,3,7944423
1462,신규,남성,20대이하,1천만원이하,2020-03-20,0,4901501
1463,신규,남성,40대,1천만원이하,2020-04-23,0,8226329
1464,기존,남성,30대,1억원초과,2020-03-02,16,292486522
1465,신규,남성,20대이하,1천만원이하,2020-04-02,0,7107146
1466,기존,남성,20대이하,1천만원이하,2020-03-02,3,3831478
1467,기존,남성,50대,1억원이하,2020-03-02,7,32077876
1468,기존,남성,60대이상,1천만원이하,2020-03-02,1,8546923
1469,기존,남성,30대,1천만원이하,2020-03-02,3,4724223
1470,기존,남성,60대이상,3천만원이하,2020-03-02,5,16718098
1471,기존,남성,60대이상,1천만원이하,2020-03-02,1,8551803
1472,기존,남성,60대이상,1억원이하,2020-03-02,7,75514294
1473,신규,남성,30대,1천만원이하,2020-03-26,0,3093193
1474,기존,여성,40대,1억원이하,2020-03-02,6,59156454
1475,기존,남성,60대이상,1억원이하,2020-03-02,7,66585390
1476,기존,남성,60대이상,1천만원이하,2020-03-02,3,1365129
1477,기존,여성,40대,1억원초과,2020-03-02,16,186042760
1478,기존,남성,50대,1천만원이하,2020-03-02,4,4335293
1479,기존,여성,60대이상,3천만원이하,2020-03-02,6,11018034
1480,기존,남성,50대,1천만원이하,2020-03-02,4,1760407
1481,기존,남성,60대이상,1억원이하,2020-03-02,8,48764573
1482,신규,여성,60대이상,1천만원이하,2020-09-25,0,6546709
1483,신규,여성,40대,1천만원이하,2020-10-26,0,6488666
1484,기존,남성,40대,1천만원이하,2020-03-02,3,9362330
1485,기존,남성,50대,3천만원이하,2020-03-02,8,21993099
1486,기존,남성,60대이상,1천만원이하,2020-03-02,4,3738722
1487,기존,남성,50대,1억원이하,2020-03-02,15,70160074
1488,기존,여성,60대이상,3천만원이하,2020-03-02,4,19431882
1489,기존,여성,60대이상,1천만원이하,2020-03-02,4,5563820
1490,신규,여성,20대이하,1천만원이하,2020-05-19,0,7881254
1491,신규,여성,60대이상,1천만원이하,2020-09-28,0,8985079
1492,신규,여성,20대이하,1천만원이하,2020-04-28,0,3577284
1493,기존,남성,40대,1천만원이하,2020-03-02,2,1283591
1494,기존,여성,30대,1억원이하,2020-03-02,5,33997056
1495,기존,여성,50대,1억원이하,2020-03-02,4,76695492
1496,기존,남성,60대이상,1억원이하,2020-03-02,7,93336973
1497,신규,남성,20대이하,1천만원이하,2020-10-22,0,9581085
1498,기존,여성,30대,3천만원이하,2020-03-02,9,18616775
1499,기존,여성,40대,1억원이하,2020-03-02,9,47916554
1500,기존,남성,30대,3천만원이하,2020-03-02,8,24921616
1501,기존,남성,40대,1천만원이하,2020-03-02,2,4213423
1502,기존,남성,50대,3천만원이하,2020-03-02,4,25579683
1503,기존,남성,30대,1억원초과,2020-03-02,8,217830203
1504,기존,여성,40대,3천만원이하,2020-03-02,7,20553475
1505,기존,남성,40대,3천만원이하,2020-03-02,9,26550214
1506,기존,남성,40대,1천만원이하,2020-03-02,4,7999612
1507,기존,여성,40대,1천만원이하,2020-03-02,3,4388376
1508,기존,남성,50대,1천만원이하,2020-03-02,2,8218172
1509,기존,남성,30대,1천만원이하,2020-03-02,1,6314774
1510,신규,남성,60대이상,3천만원이하,2020-08-24,0,23725239
1511,기존,여성,60대이상,1천만원이하,2020-03-02,5,4454029
1512,신규,여성,20대이하,1천만원이하,2020-03-10,0,5457252
1513,기존,여성,20대이하,1천만원이하,2020-03-02,4,3244536
1514,기존,남성,50대,1천만원이하,2020-03-02,3,6620625
1515,기존,남성,60대이상,1천만원이하,2020-03-02,3,8217159
1516,신규,남성,20대이하,1천만원이하,2020-10-08,0,4460475
1517,신규,남성,50대,1천만원이하,2020-03-31,0,5075817
1518,기존,여성,40대,1억원이하,2020-03-02,7,57864512
1519,신규,남성,40대,1천만원이하,2020-03-12,0,2559105
1520,기존,남성,40대,1천만원이하,2020-03-02,6,1709483
1521,기존,남성,40대,3천만원이하,2020-03-02,6,17313989
1522,신규,여성,50대,1천만원이하,2020-03-06,0,4932535
1523,신규,여성,30대,1천만원이하,2020-10-16,0,7320606
1524,기존,남성,30대,1천만원이하,2020-03-02,2,1074367
1525,기존,여성,20대이하,1천만원이하,2020-03-02,3,8125180
1526,기존,여성,50대,1천만원이하,2020-03-02,5,5786218
1527,신규,여성,20대이하,1천만원이하,2020-10-07,0,1974474
1528,신규,남성,60대이상,3천만원이하,2020-05-13,0,20309138
1529,신규,여성,30대,1천만원이하,2020-08-24,0,5175299
1530,신규,남성,20대이하,1천만원이하,2020-10-07,0,4410774
1531,신규,남성,40대,1천만원이하,2020-03-17,0,8553767
1532,기존,남성,40대,1천만원이하,2020-03-02,2,5898600
1533,기존,남성,40대,1억원이하,2020-03-02,10,30171420
1534,기존,남성,30대,3천만원이하,2020-03-02,9,25750919
1535,신규,여성,50대,1천만원이하,2020-10-07,0,9493590
1536,기존,남성,60대이상,1억원초과,2020-03-02,21,233217003
1537,신규,여성,30대,1천만원이하,2020-10-07,0,8679628
1538,신규,여성,20대이하,1천만원이하,2020-10-26,0,6908127
1539,기존,남성,40대,1천만원이하,2020-03-02,2,1002257
1540,기존,여성,30대,1천만원이하,2020-03-02,3,6768630
1541,신규,남성,30대,1천만원이하,2020-03-13,0,3593724
1542,기존,남성,30대,3천만원이하,2020-03-02,9,15311074
1543,신규,여성,60대이상,1천만원이하,2020-08-27,0,9169936
1544,기존,여성,50대,1억원이하,2020-03-02,9,97362177
1545,신규,남성,30대,1천만원이하,2020-08-05,0,8105794
1546,기존,남성,20대이하,3천만원이하,2020-03-02,4,25317650
1547,기존,남성,30대,1천만원이하,2020-03-02,3,7594090
1548,기존,여성,40대,1억원이하,2020-03-02,4,71753315
1549,기존,여성,30대,1천만원이하,2020-03-02,2,4862569
1550,기존,여성,60대이상,3천만원이하,2020-03-02,10,11477733
1551,기존,남성,30대,3천만원이하,2020-03-02,10,15838078
1552,신규,남성,40대,1천만원이하,2020-10-16,0,8660568
1553,기존,여성,30대,1천만원이하,2020-03-02,2,5738002
1554,기존,남성,40대,1억원이하,2020-03-02,11,30587237
1555,기존,여성,30대,1천만원이하,2020-03-02,3,9691876
1556,기존,남성,40대,3천만원이하,2020-03-02,7,29571281
1557,기존,남성,40대,1억원이하,2020-03-02,9,83165106
1558,기존,남성,30대,1천만원이하,2020-03-02,2,6397972
1559,기존,남성,50대,1억원이하,2020-03-02,7,89252910
1560,기존,남성,50대,1천만원이하,2020-03-02,2,4473919
1561,신규,여성,60대이상,1천만원이하,2020-05-15,0,4803865
1562,기존,남성,60대이상,1천만원이하,2020-03-02,4,6571042
1563,기존,남성,40대,1억원이하,2020-03-02,9,54445100
1564,기존,남성,40대,1억원이하,2020-03-02,11,88845340
1565,기존,남성,50대,1천만원이하,2020-03-02,2,5773946
1566,기존,여성,40대,1천만원이하,2020-03-02,3,8256130
1567,기존,여성,50대,1천만원이하,2020-03-02,5,7334088
1568,기존,남성,40대,1천만원이하,2020-03-02,2,3928468
1569,기존,남성,40대,1천만원이하,2020-03-02,3,6742224
1570,기존,남성,50대,1억원초과,2020-03-02,18,242187332
1571,신규,여성,20대이하,1천만원이하,2020-10-05,0,1998523
1572,기존,남성,30대,1억원이하,2020-03-02,13,34236135
1573,기존,남성,50대,1천만원이하,2020-03-02,2,7715092
1574,기존,남성,50대,3천만원이하,2020-03-02,5,14212295
1575,기존,여성,40대,3천만원이하,2020-03-02,4,24908780
1576,기존,남성,60대이상,1천만원이하,2020-03-02,4,8913072
1577,기존,남성,40대,1천만원이하,2020-03-02,3,8730834
1578,신규,여성,20대이하,1천만원이하,2020-10-21,0,5603647
1579,기존,남성,30대,3천만원이하,2020-03-02,3,18850413
1580,기존,남성,50대,1억원이하,2020-03-02,10,89319155
1581,기존,여성,40대,1천만원이하,2020-03-02,1,7284580
1582,신규,여성,30대,1천만원이하,2020-05-08,0,9514913
1583,기존,여성,20대이하,1천만원이하,2020-03-02,2,2765852
1584,기존,남성,50대,1억원초과,2020-03-02,18,113411384
1585,신규,남성,40대,1천만원이하,2020-08-07,0,9455192
1586,기존,여성,60대이상,1억원이하,2020-03-02,8,44050106
1587,기존,남성,50대,3천만원이하,2020-03-02,8,14783870
1588,기존,남성,40대,1천만원이하,2020-03-02,2,8193207
1589,기존,여성,40대,3천만원이하,2020-03-02,6,20621909
1590,신규,남성,30대,3천만원이하,2020-10-21,0,20506803
1591,기존,남성,60대이상,1억원이하,2020-03-02,11,86670405
1592,기존,남성,30대,3천만원이하,2020-03-02,13,23965846
1593,기존,여성,40대,3천만원이하,2020-03-02,5,25844888
1594,기존,여성,20대이하,1천만원이하,2020-03-02,2,5065162
1595,신규,여성,50대,1천만원이하,2020-03-10,0,3992144
1596,기존,남성,30대,1억원이하,2020-03-02,12,59547497
1597,신규,여성,20대이하,1천만원이하,2020-10-28,0,7065568
1598,기존,남성,50대,1천만원이하,2020-03-02,3,6408104
1599,신규,남성,20대이하,1천만원이하,2020-04-24,0,6972886
1600,기존,여성,30대,1천만원이하,2020-03-02,6,8766194
1601,신규,여성,30대,1천만원이하,2020-07-08,0,3125718
1602,신규,남성,30대,1천만원이하,2020-04-16,0,3419949
1603,기존,남성,50대,1억원초과,2020-03-02,17,144058448
1604,기존,여성,30대,1억원초과,2020-03-02,15,114684090
1605,기존,남성,60대이상,3천만원이하,2020-03-02,8,16586879
1606,신규,여성,30대,1천만원이하,2020-10-14,0,5723468
1607,기존,남성,40대,1억원초과,2020-03-02,20,262213105
1608,신규,여성,20대이하,1천만원이하,2020-08-14,0,8032584
1609,신규,남성,50대,1천만원이하,2020-10-12,0,5952048
1610,기존,남성,30대,1억원초과,2020-03-02,18,119143152
1611,기존,남성,30대,1억원이하,2020-03-02,8,92358880
1612,기존,남성,50대,1억원이하,2020-03-02,9,59679215
1613,기존,여성,30대,1억원이하,2020-03-02,12,84082341
1614,신규,남성,30대,1천만원이하,2020-03-19,0,7344200
1615,신규,여성,40대,1천만원이하,2020-10-20,0,6679950
1616,신규,남성,20대이하,1천만원이하,2020-10-15,0,7302034
1617,기존,남성,30대,3천만원이하,2020-03-02,5,16598688
1618,기존,남성,40대,1천만원이하,2020-03-02,4,3204214
1619,신규,남성,40대,1천만원이하,2020-10-06,0,6144054
1620,신규,남성,40대,1천만원이하,2020-04-01,0,4315658
1621,신규,남성,40대,1천만원이하,2020-04-09,0,5619500
1622,기존,여성,50대,3천만원이하,2020-03-02,6,29617938
1623,신규,여성,30대,1천만원이하,2020-07-03,0,3732847
1624,기존,여성,50대,1억원이하,2020-03-02,9,60561522
1625,기존,남성,50대,1천만원이하,2020-03-02,1,5702729
1626,기존,남성,40대,3천만원이하,2020-03-02,10,27666561
1627,신규,여성,40대,1천만원이하,2020-03-16,0,2497228
1628,신규,여성,50대,1억원초과,2020-10-27,0,168389963
1629,기존,남성,30대,1천만원이하,2020-03-02,3,8740266
1630,기존,여성,40대,3천만원이하,2020-03-02,7,12632329
1631,기존,여성,30대,1천만원이하,2020-03-02,1,7394840
1632,기존,남성,40대,3천만원이하,2020-03-02,3,26150219
1633,기존,남성,40대,1억원이하,2020-03-02,13,56642520
1634,기존,남성,60대이상,1천만원이하,2020-03-02,2,5881441
1635,기존,여성,20대이하,1천만원이하,2020-03-02,5,6959633
1636,기존,여성,30대,3천만원이하,2020-03-02,4,20682045
1637,기존,남성,40대,1천만원이하,2020-03-02,1,2287471
1638,기존,남성,50대,3천만원이하,2020-03-02,8,15326442
1639,기존,남성,50대,1억원초과,2020-03-02,23,109830867
1640,기존,남성,40대,3천만원이하,2020-03-02,4,16419357
1641,기존,여성,40대,1천만원이하,2020-03-02,3,6541480
1642,신규,남성,30대,1천만원이하,2020-06-05,0,5028733
1643,기존,남성,50대,1억원이하,2020-03-02,13,42600442
1644,기존,여성,40대,3천만원이하,2020-03-02,4,27734194
1645,기존,남성,40대,1천만원이하,2020-03-02,2,8767321
1646,신규,여성,40대,1천만원이하,2020-10-27,0,5885399
1647,기존,남성,30대,1억원이하,2020-03-02,10,49046719
1648,기존,남성,60대이상,1억원초과,2020-03-02,14,279499828
1649,신규,남성,40대,1천만원이하,2020-03-26,0,2765869
1650,기존,여성,60대이상,1억원초과,2020-03-02,13,237867940
1651,기존,남성,40대,1억원초과,2020-03-02,17,173482956
1652,신규,여성,20대이하,1천만원이하,2020-09-29,0,8228831
1653,기존,남성,30대,1천만원이하,2020-03-02,1,4095475
1654,기존,여성,50대,3천만원이하,2020-03-02,6,14647636
1655,기존,남성,40대,1천만원이하,2020-03-02,3,7033899
1656,신규,여성,50대,1천만원이하,2020-10-14,0,4478644
1657,기존,남성,40대,1억원이하,2020-03-02,9,49568586
1658,기존,남성,30대,1천만원이하,2020-03-02,1,6413451
1659,기존,남성,20대이하,1천만원이하,2020-03-02,5,6717948
1660,신규,남성,20대이하,1억원이하,2020-09-28,0,77253939
1661,기존,여성,30대,1천만원이하,2020-03-02,5,8859144
1662,기존,남성,40대,1억원이하,2020-03-02,7,44662675
1663,신규,여성,40대,1억원초과,2020-06-15,0,296377121
1664,기존,남성,40대,1천만원이하,2020-03-02,2,4012713
1665,기존,여성,50대,1천만원이하,2020-03-02,4,4054493
1666,기존,남성,40대,1천만원이하,2020-03-02,3,4979392
1667,기존,여성,40대,1억원초과,2020-03-02,16,242519321
1668,기존,남성,40대,1천만원이하,2020-03-02,3,9819002
1669,신규,여성,20대이하,1천만원이하,2020-03-06,0,2349655
1670,기존,남성,50대,1억원이하,2020-03-02,6,35043236
1671,기존,남성,50대,1억원초과,2020-03-02,15,221138240
1672,신규,여성,30대,1천만원이하,2020-06-22,0,2811081
1673,기존,여성,30대,1억원이하,2020-03-02,7,65475695
1674,기존,여성,30대,1천만원이하,2020-03-02,5,9527060
1675,신규,남성,30대,1천만원이하,2020-05-28,0,2595591
1676,신규,여성,20대이하,1천만원이하,2020-10-26,0,2187208
1677,기존,남성,20대이하,1억원이하,2020-03-02,6,70496339
1678,기존,남성,40대,3천만원이하,2020-03-02,11,25978923
1679,기존,여성,40대,1천만원이하,2020-03-02,5,6288408
1680,기존,남성,50대,1억원초과,2020-03-02,13,279683527
1681,기존,남성,50대,1억원초과,2020-03-02,15,196294532
1682,기존,남성,30대,3천만원이하,2020-03-02,8,19478282
1683,기존,남성,60대이상,3천만원이하,2020-03-02,11,14399548
1684,기존,남성,30대,3천만원이하,2020-03-02,4,23806863
1685,기존,남성,40대,1천만원이하,2020-03-02,4,9328252
1686,기존,여성,60대이상,1천만원이하,2020-03-02,4,5464064
1687,신규,남성,20대이하,1천만원이하,2020-10-28,0,9388964
1688,기존,남성,40대,3천만원이하,2020-03-02,4,24143137
1689,기존,남성,20대이하,3천만원이하,2020-03-02,4,23347871
1690,신규,남성,40대,1천만원이하,2020-10-27,0,6826034
1691,기존,남성,40대,1천만원이하,2020-03-02,5,7154227
1692,신규,남성,50대,1천만원이하,2020-10-29,0,9657997
1693,신규,남성,50대,1천만원이하,2020-03-25,0,9998418
1694,신규,남성,30대,1천만원이하,2020-03-10,0,6563004
1695,기존,여성,50대,1억원초과,2020-03-02,12,178102139
1696,기존,여성,50대,1천만원이하,2020-03-02,2,2860153
1697,기존,남성,50대,1천만원이하,2020-03-02,8,7706920
1698,신규,여성,20대이하,1천만원이하,2020-04-17,0,5139953
1699,기존,남성,40대,1억원이하,2020-03-02,20,95547682
1700,기존,남성,40대,1천만원이하,2020-03-02,5,7669628
1701,신규,여성,40대,1천만원이하,2020-03-04,0,6193881
1702,신규,여성,20대이하,1천만원이하,2020-03-20,0,5193674
1703,기존,남성,30대,1천만원이하,2020-03-02,2,3884976
1704,기존,남성,30대,1억원이하,2020-03-02,9,54087017
1705,기존,여성,40대,3천만원이하,2020-03-02,8,11254737
1706,신규,여성,20대이하,1천만원이하,2020-08-28,0,7459518
1707,기존,여성,40대,3천만원이하,2020-03-02,3,25088803
1708,신규,여성,40대,3천만원이하,2020-03-30,0,24072335
1709,기존,남성,30대,1천만원이하,2020-03-02,3,2373048
1710,기존,여성,40대,1천만원이하,2020-03-02,2,3352963
1711,기존,남성,40대,1억원초과,2020-03-02,16,255225682
1712,기존,남성,60대이상,3천만원이하,2020-03-02,7,12147992
1713,신규,남성,40대,3천만원이하,2020-09-14,0,13834489
1714,기존,남성,40대,3천만원이하,2020-03-02,6,12236154
1715,신규,남성,40대,3천만원이하,2020-05-25,0,23582401
1716,기존,여성,40대,1억원초과,2020-03-02,16,207103406
1717,기존,여성,30대,3천만원이하,2020-03-02,5,25863473
1718,기존,남성,30대,1억원이하,2020-03-02,10,35332491
1719,기존,남성,50대,1천만원이하,2020-03-02,4,7022064
1720,기존,남성,20대이하,1천만원이하,2020-03-02,2,9264258
1721,기존,남성,30대,1억원이하,2020-03-02,11,32587104
1722,신규,여성,60대이상,1천만원이하,2020-04-13,0,8286019
1723,신규,여성,40대,1천만원이하,2020-10-28,0,9961010
1724,신규,남성,30대,1천만원이하,2020-03-27,0,6743464
1725,기존,남성,50대,1천만원이하,2020-03-02,1,1487330
1726,기존,여성,50대,1억원초과,2020-03-02,16,176144090
1727,신규,여성,30대,1천만원이하,2020-10-20,0,7540179
1728,기존,남성,50대,3천만원이하,2020-03-02,6,21849588
1729,기존,여성,40대,1억원이하,2020-03-02,11,52688623
1730,기존,남성,30대,1억원이하,2020-03-02,9,94082124
1731,기존,여성,40대,1천만원이하,2020-03-02,3,4827797
1732,신규,여성,40대,1천만원이하,2020-08-12,0,9406798
1733,기존,남성,60대이상,3천만원이하,2020-03-02,5,17454484
1734,신규,남성,30대,1천만원이하,2020-10-05,0,6897484
1735,기존,남성,30대,1천만원이하,2020-03-02,4,2754191
1736,기존,여성,20대이하,3천만원이하,2020-03-02,6,17266620
1737,신규,남성,40대,3천만원이하,2020-03-24,0,25887490
1738,신규,남성,50대,1천만원이하,2020-10-12,0,9961112
1739,기존,남성,40대,1천만원이하,2020-03-02,2,5762015
1740,기존,여성,40대,1천만원이하,2020-03-02,3,7613660
1741,기존,남성,30대,3천만원이하,2020-03-02,6,21027761
1742,기존,여성,30대,1억원이하,2020-03-02,17,91676676
1743,신규,여성,30대,1천만원이하,2020-10-21,0,6175692
1744,기존,여성,20대이하,1억원이하,2020-03-02,9,87602152
1745,기존,남성,30대,1억원초과,2020-03-02,8,248627411
1746,기존,여성,30대,1억원초과,2020-03-02,18,126414269
1747,기존,남성,50대,1천만원이하,2020-03-02,3,1788538
1748,기존,남성,20대이하,1천만원이하,2020-03-02,1,4589086
1749,신규,여성,20대이하,1천만원이하,2020-03-30,0,8142473
1750,기존,남성,40대,1억원초과,2020-03-02,18,230449627
1751,기존,여성,60대이상,1억원초과,2020-03-02,14,139999445
1752,기존,여성,40대,1억원이하,2020-03-02,9,40135084
1753,신규,여성,30대,1천만원이하,2020-07-17,0,2484602
1754,기존,여성,50대,1억원이하,2020-03-02,9,65818058
1755,기존,남성,50대,3천만원이하,2020-03-02,4,27040200
1756,신규,여성,30대,1천만원이하,2020-09-29,0,5498813
1757,기존,여성,40대,1천만원이하,2020-03-02,2,5339867
1758,기존,남성,40대,1천만원이하,2020-03-02,4,5678175
1759,기존,남성,60대이상,3천만원이하,2020-03-02,9,25386986
1760,기존,남성,20대이하,1억원이하,2020-03-02,10,92891716
1761,기존,여성,30대,1억원이하,2020-03-02,8,48721529
1762,기존,여성,40대,1천만원이하,2020-03-02,1,4840858
1763,기존,여성,60대이상,1천만원이하,2020-03-02,2,2817601
1764,신규,여성,20대이하,1천만원이하,2020-07-20,0,4566118
1765,기존,남성,20대이하,3천만원이하,2020-03-02,5,12883316
1766,기존,남성,50대,3천만원이하,2020-03-02,9,10297373
1767,기존,남성,20대이하,3천만원이하,2020-03-02,8,28777287
1768,기존,남성,30대,1억원초과,2020-03-02,13,287558268
1769,기존,남성,50대,3천만원이하,2020-03-02,5,27022344
1770,기존,여성,20대이하,1억원초과,2020-03-02,17,131412385
1771,신규,남성,50대,1천만원이하,2020-10-12,0,6369569
1772,신규,남성,20대이하,1천만원이하,2020-09-28,0,9975032
1773,기존,남성,50대,1천만원이하,2020-03-02,3,8955038
1774,기존,남성,60대이상,3천만원이하,2020-03-02,6,11384792
1775,기존,남성,50대,3천만원이하,2020-03-02,7,28761901
1776,기존,여성,50대,1천만원이하,2020-03-02,3,7692065
1777,신규,여성,20대이하,1천만원이하,2020-04-24,0,8605851
1778,기존,남성,40대,1천만원이하,2020-03-02,5,6557839
1779,기존,여성,50대,1천만원이하,2020-03-02,1,8040524
1780,신규,여성,40대,1천만원이하,2020-10-06,0,6828244
1781,기존,남성,60대이상,1천만원이하,2020-03-02,3,7808529
1782,기존,남성,50대,1천만원이하,2020-03-02,1,3275820
1783,기존,남성,20대이하,1천만원이하,2020-03-02,4,8987925
1784,기존,남성,20대이하,3천만원이하,2020-03-02,2,20701915
1785,기존,여성,40대,3천만원이하,2020-03-02,6,26181401
1786,신규,여성,30대,1천만원이하,2020-10-13,0,8368165
1787,기존,남성,20대이하,1천만원이하,2020-03-02,4,1470427
1788,기존,남성,30대,1천만원이하,2020-03-02,2,6853149
1789,신규,여성,50대,3천만원이하,2020-07-10,0,21172170
1790,기존,여성,20대이하,1천만원이하,2020-03-02,2,3289191
1791,신규,여성,40대,3천만원이하,2020-09-03,0,21798344
1792,신규,여성,50대,1천만원이하,2020-09-25,0,1160394
1793,기존,여성,60대이상,1억원초과,2020-03-02,13,297316409
1794,기존,남성,40대,1억원이하,2020-03-02,11,83854613
1795,신규,남성,50대,1천만원이하,2020-07-21,0,5997860
1796,기존,남성,30대,1천만원이하,2020-03-02,3,2703813
1797,기존,남성,40대,1천만원이하,2020-03-02,4,6655717
1798,신규,남성,50대,1천만원이하,2020-03-18,0,2263093
1799,신규,여성,40대,1천만원이하,2020-06-05,0,1149967
1800,기존,남성,50대,3천만원이하,2020-03-02,7,18141746
1801,기존,여성,40대,1천만원이하,2020-03-02,2,6885057
1802,기존,여성,50대,1천만원이하,2020-03-02,2,9990807
1803,기존,여성,30대,3천만원이하,2020-03-02,8,26399813
1804,신규,여성,50대,1천만원이하,2020-10-13,0,4447216
1805,기존,남성,20대이하,1천만원이하,2020-03-02,2,2374041
1806,기존,남성,50대,1억원이하,2020-03-02,14,71390275
1807,기존,남성,30대,1억원이하,2020-03-02,12,71880356
1808,기존,여성,40대,1천만원이하,2020-03-02,4,1084988
1809,기존,여성,50대,1천만원이하,2020-03-02,4,6264704
1810,신규,여성,30대,1천만원이하,2020-10-08,0,5415359
1811,신규,여성,30대,1천만원이하,2020-03-17,0,3704715
1812,신규,여성,20대이하,1천만원이하,2020-07-21,0,6555032
1813,기존,여성,40대,1억원이하,2020-03-02,11,85806893
1814,신규,남성,40대,1억원이하,2020-09-02,0,59390972
1815,신규,여성,20대이하,3천만원이하,2020-08-14,0,22464616
1816,기존,남성,40대,3천만원이하,2020-03-02,6,23368128
1817,기존,여성,50대,1천만원이하,2020-03-02,4,8805408
1818,기존,여성,30대,1억원초과,2020-03-02,18,192959582
1819,신규,여성,40대,1억원초과,2020-03-24,0,205408146
1820,기존,남성,40대,1억원초과,2020-03-02,12,195087407
1821,기존,남성,30대,3천만원이하,2020-03-02,6,12273896
1822,신규,여성,20대이하,1천만원이하,2020-09-28,0,2194595
1823,기존,남성,60대이상,1억원이하,2020-03-02,14,69145637
1824,기존,여성,50대,1천만원이하,2020-03-02,3,8860118
1825,기존,남성,40대,1천만원이하,2020-03-02,6,6873747
1826,신규,여성,30대,1천만원이하,2020-10-06,0,5087725
1827,기존,여성,30대,3천만원이하,2020-03-02,9,18026695
1828,기존,여성,40대,3천만원이하,2020-03-02,7,26864298
1829,기존,남성,30대,1천만원이하,2020-03-02,5,8260586
1830,기존,남성,60대이상,1천만원이하,2020-03-02,3,8630726
1831,신규,남성,30대,1천만원이하,2020-08-14,0,9100019
1832,기존,남성,60대이상,1억원이하,2020-03-02,11,42891107
1833,기존,남성,50대,3천만원이하,2020-03-02,7,27840133
1834,기존,남성,40대,1천만원이하,2020-03-02,3,7497912
1835,기존,남성,50대,1천만원이하,2020-03-02,5,7362404
1836,신규,여성,40대,1억원이하,2020-10-26,0,94134583
1837,신규,여성,30대,1천만원이하,2020-08-28,0,7785481
1838,기존,여성,50대,3천만원이하,2020-03-02,8,21595574
1839,기존,여성,30대,3천만원이하,2020-03-02,7,15731779
1840,기존,여성,40대,1억원이하,2020-03-02,15,76257675
1841,신규,여성,30대,1천만원이하,2020-03-05,0,2456947
1842,기존,남성,60대이상,1억원이하,2020-03-02,10,81652905
1843,기존,남성,50대,1천만원이하,2020-03-02,3,2988330
1844,신규,여성,40대,1천만원이하,2020-04-16,0,7953011
1845,기존,여성,40대,1억원이하,2020-03-02,7,39424116
1846,신규,여성,20대이하,1천만원이하,2020-10-07,0,8608466
1847,기존,여성,40대,1천만원이하,2020-03-02,3,3871733
1848,기존,남성,20대이하,3천만원이하,2020-03-02,7,10311487
1849,신규,남성,40대,1천만원이하,2020-03-17,0,9651787
1850,기존,남성,40대,1억원이하,2020-03-02,10,42691416
1851,기존,여성,50대,1억원이하,2020-03-02,7,38255015
1852,기존,여성,20대이하,1천만원이하,2020-03-02,1,1502552
1853,기존,여성,40대,1억원이하,2020-03-02,8,33814319
1854,기존,여성,30대,3천만원이하,2020-03-02,10,17511513
1855,기존,여성,30대,1천만원이하,2020-03-02,2,7239025
1856,기존,여성,40대,1천만원이하,2020-03-02,3,7034510
1857,기존,남성,40대,1천만원이하,2020-03-02,2,9122884
1858,신규,여성,50대,1천만원이하,2020-10-28,0,5316386
1859,신규,여성,60대이상,1억원이하,2020-10-06,0,82000159
1860,신규,여성,20대이하,1천만원이하,2020-10-12,0,4983141
1861,신규,남성,20대이하,1천만원이하,2020-03-26,0,1730633
1862,기존,여성,40대,1천만원이하,2020-03-02,2,6834783
1863,기존,남성,40대,1천만원이하,2020-03-02,2,2864863
1864,기존,여성,40대,1억원이하,2020-03-02,11,52959031
1865,기존,남성,20대이하,1천만원이하,2020-03-02,3,3662184
1866,신규,남성,40대,1천만원이하,2020-03-03,0,5008781
1867,신규,남성,30대,1천만원이하,2020-10-20,0,5309081
1868,기존,여성,40대,1억원초과,2020-03-02,19,163754825
1869,기존,여성,20대이하,3천만원이하,2020-03-02,8,21807246
1870,신규,여성,40대,3천만원이하,2020-08-06,0,15979445
1871,기존,여성,40대,1천만원이하,2020-03-02,3,6249167
1872,기존,여성,60대이상,1억원이하,2020-03-02,10,82219199
1873,신규,남성,50대,1억원초과,2020-06-25,0,264072305
1874,기존,남성,30대,1억원이하,2020-03-02,12,90260447
1875,신규,여성,50대,1천만원이하,2020-08-10,0,1294152
1876,신규,남성,30대,1천만원이하,2020-10-13,0,9520909
1877,기존,남성,50대,1천만원이하,2020-03-02,2,2171077
1878,기존,여성,30대,1천만원이하,2020-03-02,2,2703099
1879,신규,남성,30대,3천만원이하,2020-05-20,0,17260336
1880,신규,남성,20대이하,1천만원이하,2020-10-13,0,8159752
1881,신규,남성,60대이상,1천만원이하,2020-03-25,0,7007250
1882,신규,남성,50대,1천만원이하,2020-10-29,0,4919855
1883,기존,남성,50대,1천만원이하,2020-03-02,1,6409114
1884,기존,남성,40대,3천만원이하,2020-03-02,7,25240541
1885,기존,여성,40대,1억원이하,2020-03-02,11,32523637
1886,신규,여성,20대이하,1천만원이하,2020-10-06,0,5869940
1887,기존,여성,50대,1천만원이하,2020-03-02,1,9431912
1888,기존,여성,50대,1천만원이하,2020-03-02,1,6853770
1889,신규,남성,50대,1억원이하,2020-04-27,0,39144918
1890,기존,남성,50대,1천만원이하,2020-03-02,1,1394884
1891,기존,남성,60대이상,3천만원이하,2020-03-02,7,17013106
1892,기존,여성,50대,1억원이하,2020-03-02,7,91290456
1893,기존,여성,50대,1천만원이하,2020-03-02,5,8558140
1894,기존,남성,30대,1천만원이하,2020-03-02,2,6543235
1895,기존,남성,60대이상,1천만원이하,2020-03-02,3,7009821
1896,기존,남성,30대,1천만원이하,2020-03-02,2,2661162
1897,기존,여성,30대,3천만원이하,2020-03-02,7,28834413
1898,기존,여성,50대,1천만원이하,2020-03-02,1,5182181
1899,신규,여성,40대,3천만원이하,2020-07-21,0,18071136
1900,기존,여성,30대,1천만원이하,2020-03-02,2,2315133
1901,기존,여성,40대,3천만원이하,2020-03-02,8,26496778
1902,기존,남성,60대이상,1천만원이하,2020-03-02,4,2559456
1903,신규,여성,30대,1억원이하,2020-10-20,0,61501332
1904,기존,여성,60대이상,3천만원이하,2020-03-02,5,14590407
1905,기존,남성,20대이하,1천만원이하,2020-03-02,2,8901324
1906,기존,남성,40대,1천만원이하,2020-03-02,1,5977788
1907,기존,남성,40대,1천만원이하,2020-03-02,3,3096923
1908,기존,남성,50대,1천만원이하,2020-03-02,3,3501009
1909,기존,여성,50대,1천만원이하,2020-03-02,1,4646755
1910,기존,남성,60대이상,1천만원이하,2020-03-02,2,9946750
1911,기존,남성,40대,1천만원이하,2020-03-02,2,4726464
1912,기존,여성,30대,3천만원이하,2020-03-02,6,27622906
1913,신규,여성,60대이상,3천만원이하,2020-04-28,0,18157924
1914,신규,남성,50대,1천만원이하,2020-10-06,0,3649696
1915,기존,남성,50대,1천만원이하,2020-03-02,3,9908468
1916,기존,남성,20대이하,3천만원이하,2020-03-02,5,21624904
1917,신규,여성,20대이하,1억원이하,2020-10-22,0,63602835
1918,기존,남성,40대,1천만원이하,2020-03-02,1,5702362
1919,신규,남성,20대이하,1천만원이하,2020-10-27,0,1296481
1920,기존,여성,40대,1천만원이하,2020-03-02,6,7268189
1921,기존,남성,60대이상,1천만원이하,2020-03-02,3,7311216
1922,기존,남성,50대,1억원이하,2020-03-02,7,86740773
1923,기존,여성,40대,1천만원이하,2020-03-02,2,9647557
1924,기존,남성,30대,1천만원이하,2020-03-02,5,3031826
1925,기존,남성,50대,1천만원이하,2020-03-02,5,1775749
1926,기존,남성,40대,3천만원이하,2020-03-02,5,18905266
1927,신규,여성,20대이하,1천만원이하,2020-04-08,0,7323493
1928,신규,여성,30대,1억원이하,2020-10-14,0,36011529
1929,신규,남성,30대,1천만원이하,2020-09-11,0,6979670
1930,기존,남성,50대,1억원이하,2020-03-02,7,72838231
1931,기존,남성,30대,1천만원이하,2020-03-02,3,5246051
1932,기존,여성,30대,1억원이하,2020-03-02,6,32847626
1933,기존,남성,40대,1천만원이하,2020-03-02,3,6173368
1934,기존,남성,40대,3천만원이하,2020-03-02,6,26842845
1935,기존,여성,30대,1천만원이하,2020-03-02,2,1888555
1936,기존,여성,40대,1억원이하,2020-03-02,9,32291619
1937,신규,여성,40대,3천만원이하,2020-10-15,0,17726461
1938,기존,남성,40대,1억원이하,2020-03-02,5,97506328
1939,기존,남성,30대,1억원이하,2020-03-02,10,96785808
1940,신규,남성,20대이하,1천만원이하,2020-03-16,0,5913158
1941,신규,여성,20대이하,1천만원이하,2020-06-09,0,9289594
1942,기존,남성,40대,1억원이하,2020-03-02,9,84328976
1943,기존,남성,40대,1천만원이하,2020-03-02,2,7471640
1944,기존,남성,30대,1천만원이하,2020-03-02,4,3436187
1945,기존,남성,60대이상,1억원이하,2020-03-02,6,35639437
1946,신규,여성,40대,1천만원이하,2020-07-03,0,4151115
1947,기존,남성,30대,1천만원이하,2020-03-02,5,5688462
1948,기존,남성,50대,1천만원이하,2020-03-02,3,8286499
1949,신규,여성,40대,1천만원이하,2020-10-15,0,9494460
1950,기존,남성,50대,1천만원이하,2020-03-02,2,9319889
1951,신규,여성,40대,1천만원이하,2020-07-03,0,2991121
1952,기존,여성,50대,3천만원이하,2020-03-02,6,22656912
1953,기존,남성,40대,3천만원이하,2020-03-02,7,26204291
1954,기존,여성,50대,1억원이하,2020-03-02,11,92231328
1955,신규,여성,20대이하,1천만원이하,2020-03-11,0,4944255
1956,기존,여성,60대이상,1천만원이하,2020-03-02,3,7428072
1957,신규,여성,50대,1천만원이하,2020-03-31,0,3805435
1958,기존,남성,30대,1천만원이하,2020-03-02,1,2211803
1959,기존,여성,40대,1천만원이하,2020-03-02,1,2541163
1960,기존,남성,40대,1천만원이하,2020-03-02,2,2928164
1961,신규,남성,20대이하,3천만원이하,2020-10-16,0,13755045
1962,신규,여성,60대이상,1억원이하,2020-10-20,0,63998673
1963,기존,남성,60대이상,1천만원이하,2020-03-02,2,4109218
1964,기존,여성,40대,1억원초과,2020-03-02,18,295040224
1965,기존,남성,40대,1천만원이하,2020-03-02,3,3997796
1966,신규,여성,20대이하,1억원이하,2020-08-27,0,61336484
1967,기존,남성,50대,1천만원이하,2020-03-02,3,7231034
1968,기존,남성,20대이하,1억원이하,2020-03-02,6,58953736
1969,신규,남성,30대,1천만원이하,2020-03-17,0,3566366
1970,기존,남성,50대,1천만원이하,2020-03-02,3,6286949
1971,기존,남성,20대이하,1천만원이하,2020-03-02,4,5318237
1972,신규,여성,20대이하,1억원이하,2020-10-13,0,32011294
1973,신규,남성,40대,1천만원이하,2020-10-19,0,5591835
1974,기존,남성,50대,1억원초과,2020-03-02,13,115171174
1975,기존,남성,30대,3천만원이하,2020-03-02,7,16409896
1976,신규,여성,60대이상,1천만원이하,2020-04-16,0,1257363
1977,기존,남성,40대,1천만원이하,2020-03-02,3,3860745
1978,기존,여성,50대,1천만원이하,2020-03-02,3,8894682
1979,기존,남성,30대,1천만원이하,2020-03-02,4,6340234
1980,기존,남성,60대이상,3천만원이하,2020-03-02,8,18934594
1981,기존,남성,60대이상,1억원이하,2020-03-02,9,50923811
1982,기존,남성,50대,3천만원이하,2020-03-02,8,19554898
1983,기존,남성,30대,1억원초과,2020-03-02,14,143750145
1984,기존,여성,40대,1천만원이하,2020-03-02,4,6523592
1985,기존,여성,50대,1억원초과,2020-03-02,10,276005519
1986,기존,남성,30대,1천만원이하,2020-03-02,2,3510120
1987,신규,여성,20대이하,1천만원이하,2020-07-23,0,9326935
1988,기존,남성,50대,3천만원이하,2020-03-02,7,15996641
1989,기존,남성,40대,1천만원이하,2020-03-02,2,2213889
1990,기존,남성,20대이하,1천만원이하,2020-03-02,2,1119452
1991,신규,남성,20대이하,1천만원이하,2020-04-17,0,7435926
1992,신규,여성,30대,1천만원이하,2020-03-13,0,1218437
1993,기존,남성,60대이상,3천만원이하,2020-03-02,7,13046615
1994,기존,여성,50대,1억원이하,2020-03-02,4,76459805
1995,신규,남성,30대,1억원초과,2020-10-08,0,266772680
1996,기존,여성,40대,3천만원이하,2020-03-02,9,23936822
1997,신규,남성,30대,3천만원이하,2020-03-25,0,21031834
1998,기존,남성,40대,1천만원이하,2020-03-02,2,2487931
1999,신규,남성,20대이하,1천만원이하,2020-03-17,0,3924898
2000,신규,남성,50대,1천만원이하,2020-10-22,0,7156384
2001,기존,여성,30대,1억원이하,2020-03-02,8,51186830
2002,신규,남성,40대,1천만원이하,2020-03-18,0,2020605
2003,신규,여성,30대,3천만원이하,2020-10-12,0,16149389
2004,기존,남성,60대이상,1천만원이하,2020-03-02,5,5563482
2005,신규,여성,30대,1천만원이하,2020-10-15,0,5564719
2006,기존,여성,40대,1억원초과,2020-03-02,8,257126440
2007,기존,여성,30대,1천만원이하,2020-03-02,4,6841057
2008,기존,남성,50대,1억원이하,2020-03-02,16,89476121
2009,기존,남성,60대이상,1천만원이하,2020-03-02,3,6743203
2010,신규,여성,30대,1천만원이하,2020-04-07,0,6721758
2011,기존,남성,40대,1억원이하,2020-03-02,7,67920544
2012,신규,여성,20대이하,3천만원이하,2020-05-20,0,11673644
2013,신규,남성,60대이상,1천만원이하,2020-04-01,0,9965143
2014,기존,남성,20대이하,1천만원이하,2020-03-02,2,4346345
2015,기존,남성,40대,1천만원이하,2020-03-02,1,8342991
2016,기존,여성,50대,1억원이하,2020-03-02,9,42999407
2017,신규,여성,30대,1천만원이하,2020-10-07,0,9691924
2018,기존,여성,40대,1천만원이하,2020-03-02,5,8161040
2019,기존,남성,50대,1천만원이하,2020-03-02,2,7805350
2020,기존,남성,40대,3천만원이하,2020-03-02,9,21171151
2021,기존,남성,40대,3천만원이하,2020-03-02,7,12207250
2022,기존,남성,40대,1억원이하,2020-03-02,7,74926741
2023,기존,여성,40대,1억원초과,2020-03-02,14,127824189
2024,기존,남성,20대이하,1억원초과,2020-03-02,12,114205321
2025,신규,여성,40대,1천만원이하,2020-10-28,0,2629035
2026,기존,여성,40대,1억원이하,2020-03-02,9,71364619
2027,신규,여성,20대이하,1천만원이하,2020-10-08,0,2889992
2028,기존,남성,40대,1억원이하,2020-03-02,14,78993335
2029,기존,남성,50대,1천만원이하,2020-03-02,3,5238368
2030,기존,여성,40대,3천만원이하,2020-03-02,9,18492695
2031,기존,남성,40대,1천만원이하,2020-03-02,1,7996920
2032,기존,여성,60대이상,1천만원이하,2020-03-02,7,3207472
2033,기존,남성,50대,1천만원이하,2020-03-02,3,3043906
2034,신규,여성,50대,1천만원이하,2020-07-29,0,5507938
2035,기존,남성,50대,1억원이하,2020-03-02,7,66521573
2036,기존,여성,50대,1천만원이하,2020-03-02,5,8418849
2037,신규,남성,20대이하,1천만원이하,2020-08-18,0,2198874
2038,기존,남성,30대,1천만원이하,2020-03-02,3,5651726
2039,신규,남성,60대이상,1천만원이하,2020-06-05,0,4305538
2040,기존,남성,50대,1억원이하,2020-03-02,13,33666503
2041,신규,남성,30대,1천만원이하,2020-10-07,0,5240951
2042,기존,남성,20대이하,1천만원이하,2020-03-02,1,1763040
2043,신규,여성,40대,1천만원이하,2020-04-10,0,6337100
2044,기존,남성,50대,1천만원이하,2020-03-02,4,8600174
2045,신규,남성,20대이하,1천만원이하,2020-04-06,0,7036837
2046,기존,남성,50대,1천만원이하,2020-03-02,1,5228152
2047,기존,남성,40대,3천만원이하,2020-03-02,8,12015878
2048,기존,남성,20대이하,3천만원이하,2020-03-02,5,26650186
2049,기존,남성,40대,1억원이하,2020-03-02,7,87743597
2050,신규,여성,40대,1천만원이하,2020-10-06,0,2687437
2051,기존,남성,30대,3천만원이하,2020-03-02,13,19684807
2052,기존,남성,40대,1억원초과,2020-03-02,16,143661232
2053,기존,남성,50대,1천만원이하,2020-03-02,2,4344641
2054,기존,남성,30대,3천만원이하,2020-03-02,8,18804258
2055,신규,여성,30대,1천만원이하,2020-04-08,0,6138450
2056,신규,여성,30대,1천만원이하,2020-10-30,0,7932641
2057,기존,남성,60대이상,1천만원이하,2020-03-02,2,6152578
2058,기존,남성,40대,1천만원이하,2020-03-02,1,1167595
2059,신규,남성,30대,1천만원이하,2020-10-08,0,8217079
2060,기존,남성,40대,1천만원이하,2020-03-02,2,7007226
2061,기존,여성,30대,1억원초과,2020-03-02,19,134751831
2062,기존,남성,60대이상,1천만원이하,2020-03-02,2,2808682
2063,기존,남성,40대,1천만원이하,2020-03-02,5,9485714
2064,기존,남성,30대,1억원초과,2020-03-02,17,229841900
2065,기존,남성,40대,1천만원이하,2020-03-02,3,8108213
2066,기존,여성,40대,1천만원이하,2020-03-02,2,3196621
2067,기존,남성,40대,1천만원이하,2020-03-02,6,3043560
2068,신규,남성,40대,1억원이하,2020-03-27,0,63209788
2069,신규,남성,40대,1천만원이하,2020-03-09,0,1258016
2070,기존,여성,50대,1천만원이하,2020-03-02,3,4761725
2071,신규,남성,40대,3천만원이하,2020-09-07,0,26789276
2072,기존,여성,60대이상,1천만원이하,2020-03-02,3,3884048
2073,기존,남성,30대,1천만원이하,2020-03-02,5,3919635
2074,기존,남성,50대,1천만원이하,2020-03-02,4,5673575
2075,신규,여성,50대,1천만원이하,2020-03-23,0,2153411
2076,신규,여성,20대이하,1천만원이하,2020-07-31,0,5589661
2077,기존,남성,60대이상,1천만원이하,2020-03-02,1,5624937
2078,기존,남성,40대,1천만원이하,2020-03-02,4,8821451
2079,기존,남성,40대,1천만원이하,2020-03-02,3,7041024
2080,기존,여성,40대,1천만원이하,2020-03-02,1,5775872
2081,기존,남성,40대,1천만원이하,2020-03-02,2,9516269
2082,기존,여성,40대,1천만원이하,2020-03-02,3,2646505
2083,기존,여성,60대이상,1억원초과,2020-03-02,17,127896838
2084,기존,남성,50대,1천만원이하,2020-03-02,3,3082521
2085,기존,여성,30대,1천만원이하,2020-03-02,3,2683729
2086,신규,남성,50대,3천만원이하,2020-09-08,0,22168013
2087,기존,남성,60대이상,1천만원이하,2020-03-02,2,3167737
2088,기존,남성,50대,1천만원이하,2020-03-02,3,4032729
2089,기존,여성,40대,3천만원이하,2020-03-02,4,16632446
2090,기존,여성,40대,3천만원이하,2020-03-02,5,28839921
2091,기존,남성,50대,1천만원이하,2020-03-02,3,8802945
2092,기존,남성,60대이상,1천만원이하,2020-03-02,2,8274738
2093,기존,남성,50대,3천만원이하,2020-03-02,7,19729589
2094,기존,남성,40대,1천만원이하,2020-03-02,2,4592837
2095,기존,남성,50대,3천만원이하,2020-03-02,6,20451172
2096,기존,남성,20대이하,1억원이하,2020-03-02,12,94556567
2097,기존,남성,30대,1억원이하,2020-03-02,10,73809681
2098,기존,남성,30대,1억원초과,2020-03-02,16,205841496
2099,신규,남성,20대이하,1천만원이하,2020-10-15,0,5924575
2100,신규,남성,30대,1천만원이하,2020-05-28,0,6238099
2101,기존,여성,30대,1천만원이하,2020-03-02,4,5313477
2102,기존,남성,50대,1천만원이하,2020-03-02,2,6956647
2103,기존,남성,60대이상,1천만원이하,2020-03-02,4,5668631
2104,기존,남성,60대이상,3천만원이하,2020-03-02,8,22913945
2105,기존,여성,30대,1천만원이하,2020-03-02,5,4189530
2106,기존,남성,30대,1억원이하,2020-03-02,13,55745147
2107,기존,남성,30대,1억원초과,2020-03-02,11,162080730
2108,신규,여성,60대이상,1천만원이하,2020-08-20,0,4657966
2109,기존,남성,50대,3천만원이하,2020-03-02,6,23836515
2110,기존,남성,40대,1천만원이하,2020-03-02,2,3344340
2111,신규,여성,30대,1억원이하,2020-10-15,0,67209895
2112,기존,남성,30대,3천만원이하,2020-03-02,6,19133635
2113,기존,여성,50대,1억원초과,2020-03-02,14,238239023
2114,신규,남성,50대,1천만원이하,2020-03-23,0,1173154
2115,기존,남성,30대,1억원이하,2020-03-02,12,48160777
2116,기존,남성,40대,1천만원이하,2020-03-02,1,4445224
2117,기존,남성,60대이상,1천만원이하,2020-03-02,4,4718176
2118,기존,남성,20대이하,1천만원이하,2020-03-02,4,1799198
2119,기존,여성,30대,1억원이하,2020-03-02,10,85217004
2120,신규,남성,20대이하,1천만원이하,2020-05-04,0,4361928
2121,기존,남성,30대,1억원이하,2020-03-02,8,37397820
2122,기존,남성,50대,1천만원이하,2020-03-02,4,4814349
2123,기존,남성,30대,1억원이하,2020-03-02,8,38469107
2124,신규,남성,40대,1천만원이하,2020-10-15,0,2004130
2125,기존,남성,40대,1천만원이하,2020-03-02,3,6293680
2126,기존,여성,50대,1억원이하,2020-03-02,14,34332896
2127,기존,남성,50대,1천만원이하,2020-03-02,2,6009383
2128,기존,남성,40대,1천만원이하,2020-03-02,2,1746430
2129,기존,여성,30대,1천만원이하,2020-03-02,1,4752208
2130,기존,남성,60대이상,1천만원이하,2020-03-02,3,9618821
2131,기존,남성,50대,1천만원이하,2020-03-02,2,4106629
2132,신규,남성,20대이하,3천만원이하,2020-05-13,0,12687503
2133,기존,남성,40대,1억원이하,2020-03-02,13,77267053
2134,신규,남성,40대,1천만원이하,2020-10-23,0,8864358
2135,기존,여성,30대,1억원초과,2020-03-02,18,255275573
2136,신규,여성,40대,1천만원이하,2020-03-17,0,1832631
2137,신규,여성,20대이하,1천만원이하,2020-03-17,0,9816340
2138,기존,남성,40대,1천만원이하,2020-03-02,1,7338540
2139,기존,남성,50대,3천만원이하,2020-03-02,7,15149664
2140,신규,여성,30대,1억원이하,2020-05-15,0,38686479
2141,기존,여성,30대,3천만원이하,2020-03-02,9,28515483
2142,신규,여성,30대,1천만원이하,2020-07-13,0,3750880
2143,신규,여성,30대,1천만원이하,2020-05-18,0,7655706
2144,기존,남성,40대,1천만원이하,2020-03-02,3,6993515
2145,신규,남성,50대,1억원이하,2020-04-01,0,61840210
2146,기존,남성,40대,1천만원이하,2020-03-02,2,1009552
2147,신규,여성,30대,1천만원이하,2020-06-30,0,8070756
2148,신규,남성,30대,1천만원이하,2020-10-21,0,5731904
2149,기존,남성,40대,1천만원이하,2020-03-02,5,3705864
2150,기존,남성,50대,3천만원이하,2020-03-02,5,12339330
2151,기존,여성,60대이상,1천만원이하,2020-03-02,2,4748291
2152,기존,남성,40대,1천만원이하,2020-03-02,2,8384035
2153,기존,여성,50대,1천만원이하,2020-03-02,3,7693462
2154,신규,여성,60대이상,1천만원이하,2020-10-26,0,3009873
2155,기존,남성,60대이상,1억원이하,2020-03-02,9,70007503
2156,기존,여성,50대,1억원이하,2020-03-02,14,37780106
2157,신규,남성,30대,1천만원이하,2020-09-21,0,3502005
2158,기존,남성,50대,1천만원이하,2020-03-02,4,7976025
2159,기존,여성,20대이하,1억원이하,2020-03-02,10,92592590
2160,기존,남성,30대,3천만원이하,2020-03-02,9,28463231
2161,신규,남성,60대이상,1천만원이하,2020-04-08,0,5166334
2162,기존,남성,40대,1억원이하,2020-03-02,11,33815434
2163,기존,남성,20대이하,1천만원이하,2020-03-02,3,1165238
2164,기존,남성,60대이상,1억원초과,2020-03-02,19,291535483
2165,신규,여성,20대이하,1천만원이하,2020-09-01,0,8900391
2166,신규,남성,20대이하,1천만원이하,2020-03-25,0,5136629
2167,신규,남성,20대이하,1천만원이하,2020-03-16,0,4649007
2168,기존,남성,20대이하,1천만원이하,2020-03-02,2,6263491
2169,기존,남성,40대,1천만원이하,2020-03-02,2,9247172
2170,신규,여성,30대,1억원이하,2020-10-14,0,99532873
2171,기존,남성,30대,3천만원이하,2020-03-02,2,13192122
2172,기존,남성,50대,1천만원이하,2020-03-02,4,9699621
2173,신규,남성,30대,1천만원이하,2020-04-10,0,6972541
2174,기존,남성,30대,1억원초과,2020-03-02,19,110414112
2175,기존,여성,50대,1천만원이하,2020-03-02,3,9914759
2176,신규,남성,30대,1천만원이하,2020-03-25,0,2626796
2177,기존,남성,50대,1억원이하,2020-03-02,5,83706543
2178,기존,여성,20대이하,3천만원이하,2020-03-02,3,16025231
2179,기존,여성,20대이하,1천만원이하,2020-03-02,3,4916127
2180,기존,남성,40대,1천만원이하,2020-03-02,4,3022458
2181,기존,여성,50대,1억원이하,2020-03-02,9,71348996
2182,기존,남성,40대,3천만원이하,2020-03-02,9,10493841
2183,신규,여성,40대,1천만원이하,2020-10-15,0,7163193
2184,신규,남성,20대이하,1천만원이하,2020-03-20,0,5361047
2185,신규,남성,20대이하,1천만원이하,2020-04-03,0,8267176
2186,신규,여성,30대,1천만원이하,2020-03-24,0,5021933
2187,기존,여성,30대,1천만원이하,2020-03-02,2,9859784
2188,기존,남성,50대,1억원초과,2020-03-02,14,282770687
2189,기존,남성,40대,1억원이하,2020-03-02,11,53934863
2190,기존,여성,60대이상,1억원이하,2020-03-02,13,34909808
2191,기존,남성,40대,1천만원이하,2020-03-02,3,7495065
2192,기존,여성,30대,1천만원이하,2020-03-02,2,6470803
2193,기존,남성,40대,1천만원이하,2020-03-02,2,1057781
2194,기존,남성,40대,1천만원이하,2020-03-02,4,5394058
2195,기존,남성,20대이하,1천만원이하,2020-03-02,2,7607561
2196,신규,여성,40대,1천만원이하,2020-10-21,0,9480310
2197,신규,여성,30대,1천만원이하,2020-10-06,0,9345637
2198,기존,남성,40대,1억원이하,2020-03-02,15,87334228
2199,신규,남성,30대,1천만원이하,2020-03-26,0,4895808
2200,신규,여성,50대,1천만원이하,2020-03-16,0,3757252
2201,기존,남성,20대이하,1억원이하,2020-03-02,14,75388729
2202,기존,남성,50대,1천만원이하,2020-03-02,3,2874208
2203,기존,남성,40대,3천만원이하,2020-03-02,3,20922194
2204,기존,남성,30대,1억원이하,2020-03-02,10,77227856
2205,기존,남성,40대,1억원이하,2020-03-02,8,43804727
2206,기존,여성,30대,1억원이하,2020-03-02,9,59223406
2207,기존,남성,40대,1천만원이하,2020-03-02,5,7953236
2208,기존,남성,60대이상,3천만원이하,2020-03-02,9,26816948
2209,기존,여성,50대,3천만원이하,2020-03-02,4,19707706
2210,기존,여성,60대이상,1천만원이하,2020-03-02,4,2397430
2211,신규,남성,30대,1억원이하,2020-10-22,0,97624837
2212,기존,남성,40대,1천만원이하,2020-03-02,5,9235278
2213,기존,남성,30대,1억원이하,2020-03-02,5,81599191
2214,기존,여성,60대이상,3천만원이하,2020-03-02,6,21997680
2215,기존,남성,50대,1천만원이하,2020-03-02,5,3004646
2216,기존,남성,60대이상,3천만원이하,2020-03-02,4,27702481
2217,신규,여성,50대,1천만원이하,2020-03-20,0,3474114
2218,기존,남성,30대,1천만원이하,2020-03-02,1,2797462
2219,신규,남성,50대,1천만원이하,2020-10-07,0,7554928
2220,기존,남성,60대이상,1억원초과,2020-03-02,12,102051274
2221,기존,남성,40대,3천만원이하,2020-03-02,7,10820177
2222,신규,남성,20대이하,1천만원이하,2020-10-06,0,1870647
2223,기존,남성,40대,1억원초과,2020-03-02,22,183371115
2224,기존,남성,20대이하,1억원이하,2020-03-02,10,75430149
2225,기존,남성,50대,1천만원이하,2020-03-02,4,5760081
2226,기존,남성,50대,1억원이하,2020-03-02,10,84658153
2227,신규,여성,30대,1천만원이하,2020-09-02,0,9674599
2228,신규,남성,50대,1천만원이하,2020-07-21,0,1396913
2229,기존,남성,50대,1억원이하,2020-03-02,4,73454646
2230,기존,남성,40대,1억원이하,2020-03-02,11,58273512
2231,기존,남성,50대,1억원이하,2020-03-02,13,85127642
2232,기존,남성,30대,3천만원이하,2020-03-02,4,12126506
2233,기존,남성,40대,3천만원이하,2020-03-02,4,14110025
2234,기존,남성,50대,1천만원이하,2020-03-02,4,7422158
2235,기존,남성,40대,1천만원이하,2020-03-02,2,4139541
2236,기존,남성,40대,1천만원이하,2020-03-02,3,8475747
2237,기존,남성,30대,1천만원이하,2020-03-02,1,6860256
2238,기존,여성,60대이상,3천만원이하,2020-03-02,8,11077321
2239,기존,여성,20대이하,3천만원이하,2020-03-02,5,16669721
2240,신규,남성,30대,1천만원이하,2020-06-10,0,9130769
2241,기존,여성,30대,1억원이하,2020-03-02,6,69738998
2242,기존,여성,30대,1천만원이하,2020-03-02,2,2903140
2243,기존,남성,30대,1억원이하,2020-03-02,12,33578332
2244,기존,여성,50대,1천만원이하,2020-03-02,6,6333144
2245,기존,남성,30대,3천만원이하,2020-03-02,8,10167704
2246,신규,여성,20대이하,1천만원이하,2020-04-14,0,9725883
2247,기존,여성,60대이상,3천만원이하,2020-03-02,6,18613816
2248,기존,여성,30대,1천만원이하,2020-03-02,4,7897820
2249,기존,남성,30대,1천만원이하,2020-03-02,1,1683843
2250,기존,남성,20대이하,1억원초과,2020-03-02,18,207170123
2251,기존,여성,40대,1천만원이하,2020-03-02,1,7158323
2252,신규,여성,50대,3천만원이하,2020-09-28,0,21468772
2253,기존,남성,20대이하,1천만원이하,2020-03-02,2,2768954
2254,기존,남성,60대이상,1천만원이하,2020-03-02,3,4210534
2255,기존,남성,30대,1천만원이하,2020-03-02,6,6577975
2256,신규,남성,30대,1천만원이하,2020-03-24,0,3066327
2257,기존,남성,40대,1천만원이하,2020-03-02,1,2504042
2258,기존,여성,60대이상,1억원초과,2020-03-02,16,189603977
2259,신규,여성,40대,1천만원이하,2020-07-21,0,6053495
2260,기존,남성,60대이상,1천만원이하,2020-03-02,3,9727893
2261,기존,남성,40대,1천만원이하,2020-03-02,4,7862237
2262,기존,남성,60대이상,3천만원이하,2020-03-02,5,19402967
2263,기존,여성,50대,1억원이하,2020-03-02,12,46292078
2264,기존,여성,30대,1천만원이하,2020-03-02,2,5598579
2265,신규,여성,20대이하,3천만원이하,2020-04-09,0,11714056
2266,기존,여성,40대,1천만원이하,2020-03-02,4,9579251
2267,기존,남성,50대,1천만원이하,2020-03-02,3,3615121
2268,기존,여성,50대,1천만원이하,2020-03-02,3,7211705
2269,기존,남성,30대,1천만원이하,2020-03-02,5,8797329
2270,기존,여성,30대,3천만원이하,2020-03-02,5,27814401
2271,기존,남성,60대이상,3천만원이하,2020-03-02,6,10582015
2272,기존,남성,40대,1천만원이하,2020-03-02,4,9226794
2273,기존,남성,30대,3천만원이하,2020-03-02,4,24058509
2274,기존,남성,40대,1천만원이하,2020-03-02,5,8758286
2275,신규,남성,30대,1천만원이하,2020-05-18,0,9475907
2276,기존,남성,60대이상,1억원이하,2020-03-02,11,90435466
2277,기존,여성,40대,1억원이하,2020-03-02,6,59278866
2278,신규,여성,60대이상,1천만원이하,2020-10-21,0,3332605
2279,신규,여성,40대,1천만원이하,2020-08-26,0,3487798
2280,기존,남성,40대,1천만원이하,2020-03-02,3,9537806
2281,기존,여성,50대,1억원이하,2020-03-02,6,97515284
2282,기존,남성,40대,1천만원이하,2020-03-02,2,8699441
2283,신규,남성,20대이하,1천만원이하,2020-09-28,0,2937300
2284,기존,남성,20대이하,1천만원이하,2020-03-02,5,6987894
2285,기존,남성,40대,3천만원이하,2020-03-02,9,10946951
2286,기존,남성,30대,3천만원이하,2020-03-02,5,11199171
2287,신규,남성,40대,3천만원이하,2020-09-28,0,26170739
2288,기존,여성,60대이상,1천만원이하,2020-03-02,5,7182607
2289,신규,남성,20대이하,1천만원이하,2020-03-02,0,3891620
2290,기존,남성,30대,1억원이하,2020-03-02,10,57085281
2291,기존,남성,30대,1천만원이하,2020-03-02,4,4424745
2292,기존,남성,60대이상,1천만원이하,2020-03-02,2,3812499
2293,기존,남성,30대,1억원이하,2020-03-02,12,66862800
2294,기존,여성,50대,1억원이하,2020-03-02,11,76239566
2295,기존,여성,50대,1억원이하,2020-03-02,7,46137964
2296,기존,여성,60대이상,1천만원이하,2020-03-02,2,8751830
2297,기존,남성,40대,1천만원이하,2020-03-02,3,1531142
2298,기존,여성,60대이상,1천만원이하,2020-03-02,3,2392702
2299,신규,남성,60대이상,1천만원이하,2020-10-13,0,5409389
2300,기존,남성,40대,1억원초과,2020-03-02,22,265554406
2301,신규,남성,20대이하,1천만원이하,2020-10-20,0,1494339
2302,기존,남성,40대,3천만원이하,2020-03-02,3,19895289
2303,기존,남성,60대이상,1억원이하,2020-03-02,5,61432820
2304,기존,여성,60대이상,1천만원이하,2020-03-02,3,5517958
2305,신규,여성,30대,1천만원이하,2020-10-12,0,4018053
2306,기존,남성,50대,1천만원이하,2020-03-02,3,3531492
2307,기존,여성,40대,3천만원이하,2020-03-02,5,16841336
2308,기존,남성,20대이하,1억원초과,2020-03-02,17,147112808
2309,기존,남성,60대이상,1천만원이하,2020-03-02,2,7344036
2310,기존,남성,50대,1천만원이하,2020-03-02,1,8426589
2311,기존,남성,40대,1천만원이하,2020-03-02,3,5905871
2312,기존,남성,20대이하,1억원이하,2020-03-02,7,86395327
2313,신규,여성,30대,3천만원이하,2020-08-11,0,13609611
2314,기존,남성,40대,3천만원이하,2020-03-02,9,17223833
2315,기존,남성,60대이상,1억원초과,2020-03-02,11,124215516
2316,기존,남성,50대,1억원이하,2020-03-02,7,33010842
2317,기존,여성,20대이하,1천만원이하,2020-03-02,2,3821992
2318,기존,남성,50대,1천만원이하,2020-03-02,5,5731305
2319,기존,남성,50대,3천만원이하,2020-03-02,7,11910141
2320,기존,남성,20대이하,1억원초과,2020-03-02,18,245312814
2321,기존,남성,60대이상,1천만원이하,2020-03-02,3,4391061
2322,기존,남성,40대,3천만원이하,2020-03-02,7,20435639
2323,신규,여성,40대,1천만원이하,2020-10-16,0,4749363
2324,기존,남성,50대,1천만원이하,2020-03-02,2,9167600
2325,기존,남성,60대이상,1억원이하,2020-03-02,12,50372189
2326,기존,남성,40대,3천만원이하,2020-03-02,9,18877592
2327,기존,남성,60대이상,1천만원이하,2020-03-02,4,9761616
2328,기존,여성,40대,1천만원이하,2020-03-02,2,7564107
2329,기존,여성,30대,1천만원이하,2020-03-02,4,3363325
2330,기존,여성,40대,1천만원이하,2020-03-02,2,1224389
2331,신규,여성,20대이하,1천만원이하,2020-10-26,0,8663894
2332,기존,여성,20대이하,3천만원이하,2020-03-02,8,25057993
2333,기존,여성,30대,1천만원이하,2020-03-02,4,8810709
2334,기존,남성,60대이상,1천만원이하,2020-03-02,5,9751688
2335,신규,여성,30대,1천만원이하,2020-04-14,0,5325285
2336,기존,남성,30대,3천만원이하,2020-03-02,7,12117807
2337,신규,여성,40대,1천만원이하,2020-03-25,0,2397846
2338,기존,남성,30대,1천만원이하,2020-03-02,2,5428532
2339,신규,여성,40대,1천만원이하,2020-05-04,0,1541355
2340,기존,남성,40대,1천만원이하,2020-03-02,3,7489871
2341,신규,남성,20대이하,1천만원이하,2020-03-06,0,8370276
2342,기존,남성,40대,1천만원이하,2020-03-02,1,8001638
2343,기존,남성,50대,1천만원이하,2020-03-02,2,2785378
2344,신규,남성,20대이하,1천만원이하,2020-04-03,0,7282820
2345,신규,남성,30대,3천만원이하,2020-03-17,0,18428795
2346,기존,여성,50대,1억원이하,2020-03-02,6,35247542
2347,기존,남성,20대이하,3천만원이하,2020-03-02,8,17103867
2348,기존,남성,40대,1억원이하,2020-03-02,17,46586356
2349,신규,남성,20대이하,1천만원이하,2020-03-04,0,3156416
2350,기존,남성,30대,3천만원이하,2020-03-02,6,20454831
2351,기존,남성,40대,1천만원이하,2020-03-02,3,9157188
2352,기존,여성,50대,3천만원이하,2020-03-02,5,16642868
2353,신규,여성,30대,1천만원이하,2020-06-02,0,3516108
2354,기존,여성,30대,3천만원이하,2020-03-02,7,23074784
2355,신규,남성,30대,1천만원이하,2020-03-03,0,3512983
2356,기존,남성,30대,1억원이하,2020-03-02,7,31903563
2357,신규,여성,20대이하,1천만원이하,2020-07-22,0,8145161
2358,기존,여성,50대,3천만원이하,2020-03-02,6,23064250
2359,신규,여성,30대,1천만원이하,2020-10-19,0,1391981
2360,기존,여성,30대,1천만원이하,2020-03-02,4,6885460
2361,기존,여성,30대,1천만원이하,2020-03-02,2,2481087
2362,기존,남성,60대이상,1억원초과,2020-03-02,16,221589208
2363,신규,남성,30대,1천만원이하,2020-10-07,0,4321681
2364,기존,남성,50대,1천만원이하,2020-03-02,3,6826469
2365,기존,남성,40대,1억원이하,2020-03-02,10,74120087
2366,신규,남성,40대,1억원이하,2020-03-12,0,60025768
2367,기존,남성,40대,1천만원이하,2020-03-02,2,8358963
2368,신규,남성,20대이하,3천만원이하,2020-10-08,0,29640267
2369,기존,남성,30대,1천만원이하,2020-03-02,2,3701731
2370,신규,남성,50대,1천만원이하,2020-03-27,0,4868330
2371,기존,남성,50대,3천만원이하,2020-03-02,9,27432188
2372,신규,남성,40대,1억원이하,2020-10-14,0,30490162
2373,기존,남성,50대,3천만원이하,2020-03-02,9,23271323
2374,기존,여성,40대,1천만원이하,2020-03-02,3,5461006
2375,기존,남성,30대,1천만원이하,2020-03-02,1,9441834
2376,기존,남성,40대,1천만원이하,2020-03-02,2,2677901
2377,기존,남성,40대,3천만원이하,2020-03-02,7,11571122
2378,기존,남성,40대,1천만원이하,2020-03-02,2,3082364
2379,신규,여성,20대이하,1천만원이하,2020-09-28,0,2916877
2380,기존,여성,40대,3천만원이하,2020-03-02,3,24771389
2381,기존,남성,50대,3천만원이하,2020-03-02,2,18620430
2382,기존,여성,30대,1천만원이하,2020-03-02,1,1366554
2383,기존,남성,40대,1천만원이하,2020-03-02,2,7158541
2384,기존,남성,60대이상,1억원이하,2020-03-02,17,51393418
2385,기존,여성,60대이상,1천만원이하,2020-03-02,3,7063379
2386,신규,여성,20대이하,1천만원이하,2020-08-19,0,3561513
2387,기존,여성,50대,1억원초과,2020-03-02,16,122497650
2388,기존,남성,30대,1천만원이하,2020-03-02,2,5693116
2389,기존,남성,50대,3천만원이하,2020-03-02,5,13675011
2390,기존,남성,50대,1억원초과,2020-03-02,18,156413656
2391,기존,남성,50대,3천만원이하,2020-03-02,5,29700498
2392,기존,남성,60대이상,3천만원이하,2020-03-02,5,20969199
2393,신규,여성,40대,1억원이하,2020-06-22,0,43815056
2394,신규,여성,50대,1천만원이하,2020-10-29,0,6648302
2395,신규,여성,50대,1억원초과,2020-03-31,0,181151530
2396,기존,남성,30대,1천만원이하,2020-03-02,1,4136276
2397,신규,남성,20대이하,1억원이하,2020-10-21,0,88392514
2398,신규,여성,30대,1천만원이하,2020-03-30,0,2044955
2399,기존,남성,50대,1억원이하,2020-03-02,8,76345723
2400,기존,남성,60대이상,1천만원이하,2020-03-02,2,5489533
2401,신규,여성,20대이하,1천만원이하,2020-03-18,0,9180350
2402,기존,여성,50대,1억원이하,2020-03-02,13,54388782
2403,신규,여성,50대,1천만원이하,2020-04-01,0,8378270
2404,신규,남성,30대,1천만원이하,2020-03-11,0,7226498
2405,기존,여성,30대,1천만원이하,2020-03-02,2,9775427
2406,신규,남성,30대,1천만원이하,2020-10-16,0,8443913
2407,신규,여성,20대이하,1천만원이하,2020-03-27,0,9709474
2408,기존,남성,20대이하,1억원초과,2020-03-02,12,179898999
2409,신규,여성,30대,1천만원이하,2020-08-27,0,6968273
2410,신규,남성,50대,1천만원이하,2020-04-13,0,8570663
2411,기존,남성,40대,1억원이하,2020-03-02,10,86596489
2412,기존,남성,50대,1억원초과,2020-03-02,14,219380091
2413,기존,여성,60대이상,3천만원이하,2020-03-02,7,23736408
2414,기존,남성,30대,1억원초과,2020-03-02,17,223569174
2415,기존,남성,50대,1천만원이하,2020-03-02,3,5933291
2416,기존,남성,20대이하,1천만원이하,2020-03-02,5,9901239
2417,기존,남성,50대,1천만원이하,2020-03-02,3,4076342
2418,신규,남성,30대,1천만원이하,2020-05-13,0,9389120
2419,기존,남성,40대,1천만원이하,2020-03-02,2,2770997
2420,기존,남성,40대,1억원초과,2020-03-02,14,267268231
2421,기존,여성,40대,3천만원이하,2020-03-02,6,14951822
2422,기존,여성,60대이상,3천만원이하,2020-03-02,11,26893124
2423,기존,남성,40대,1천만원이하,2020-03-02,2,7915119
2424,기존,남성,40대,1천만원이하,2020-03-02,4,3737671
2425,기존,여성,30대,1천만원이하,2020-03-02,2,4104320
2426,기존,남성,50대,1천만원이하,2020-03-02,4,5069176
2427,기존,여성,50대,1천만원이하,2020-03-02,3,3704377
2428,기존,남성,30대,1천만원이하,2020-03-02,2,4109074
2429,기존,남성,40대,1천만원이하,2020-03-02,3,1740960
2430,기존,남성,30대,1천만원이하,2020-03-02,3,5388419
2431,기존,남성,60대이상,1억원이하,2020-03-02,7,52675098
2432,기존,남성,40대,1천만원이하,2020-03-02,2,1205892
2433,기존,남성,30대,1천만원이하,2020-03-02,2,8024936
2434,기존,남성,60대이상,3천만원이하,2020-03-02,9,11396807
2435,신규,남성,20대이하,1억원이하,2020-10-13,0,97301331
2436,기존,여성,40대,1천만원이하,2020-03-02,3,5001095
2437,기존,남성,50대,1천만원이하,2020-03-02,4,7693323
2438,기존,남성,40대,3천만원이하,2020-03-02,5,28369388
2439,기존,남성,30대,3천만원이하,2020-03-02,9,17584890
2440,기존,남성,50대,3천만원이하,2020-03-02,8,22072210
2441,신규,남성,60대이상,1천만원이하,2020-08-21,0,3932134
2442,기존,남성,50대,1천만원이하,2020-03-02,6,5149529
2443,신규,남성,40대,1천만원이하,2020-04-10,0,3199700
2444,기존,여성,40대,3천만원이하,2020-03-02,7,22718419
2445,신규,남성,30대,1천만원이하,2020-10-12,0,6916809
2446,기존,여성,40대,1천만원이하,2020-03-02,1,6247464
2447,기존,남성,30대,3천만원이하,2020-03-02,6,10569840
2448,기존,여성,40대,3천만원이하,2020-03-02,6,20775620
2449,신규,여성,40대,1천만원이하,2020-03-24,0,1832253
2450,신규,여성,40대,3천만원이하,2020-03-11,0,23986565
2451,신규,남성,30대,1천만원이하,2020-10-06,0,4606896
2452,기존,여성,20대이하,3천만원이하,2020-03-02,5,27652585
2453,기존,남성,20대이하,1천만원이하,2020-03-02,4,5813122
2454,신규,남성,40대,3천만원이하,2020-10-19,0,19683574
2455,기존,여성,40대,1천만원이하,2020-03-02,4,5838592
2456,신규,남성,20대이하,1억원이하,2020-10-12,0,44456809
2457,기존,여성,30대,1천만원이하,2020-03-02,4,8811568
2458,기존,여성,50대,1억원이하,2020-03-02,11,38499137
2459,기존,남성,60대이상,3천만원이하,2020-03-02,4,12165427
2460,기존,남성,50대,1억원초과,2020-03-02,7,207238809
2461,신규,남성,50대,1천만원이하,2020-10-06,0,6956138
2462,기존,남성,30대,3천만원이하,2020-03-02,5,17191542
2463,신규,여성,40대,3천만원이하,2020-10-23,0,13571198
2464,기존,여성,30대,1억원초과,2020-03-02,19,114711344
2465,기존,남성,40대,1억원이하,2020-03-02,14,48978248
2466,기존,남성,40대,1천만원이하,2020-03-02,2,1831376
2467,기존,남성,50대,1억원초과,2020-03-02,15,163988843
2468,기존,남성,40대,3천만원이하,2020-03-02,5,21163469
2469,기존,남성,30대,3천만원이하,2020-03-02,8,10119178
2470,기존,여성,60대이상,1천만원이하,2020-03-02,2,2324118
2471,신규,남성,60대이상,1천만원이하,2020-10-23,0,4301061
2472,기존,남성,60대이상,1천만원이하,2020-03-02,1,7851052
2473,기존,여성,40대,1억원이하,2020-03-02,14,30142395
2474,신규,남성,20대이하,1억원이하,2020-08-26,0,89629627
2475,신규,여성,40대,1천만원이하,2020-03-26,0,7986696
2476,기존,남성,20대이하,1천만원이하,2020-03-02,3,6287955
2477,기존,남성,50대,1억원이하,2020-03-02,9,94149884
2478,기존,여성,30대,1천만원이하,2020-03-02,2,8960255
2479,기존,여성,30대,1천만원이하,2020-03-02,1,6288854
2480,기존,여성,20대이하,1천만원이하,2020-03-02,3,5011143
2481,기존,여성,60대이상,1천만원이하,2020-03-02,2,2412722
2482,신규,남성,40대,1천만원이하,2020-08-31,0,9027678
2483,신규,남성,20대이하,1천만원이하,2020-06-16,0,7931019
2484,신규,여성,50대,3천만원이하,2020-10-07,0,20337498
2485,기존,여성,40대,1억원이하,2020-03-02,12,38465785
2486,신규,여성,40대,1천만원이하,2020-05-08,0,9465533
2487,신규,남성,30대,1천만원이하,2020-03-16,0,8354262
2488,기존,여성,30대,1천만원이하,2020-03-02,1,5167146
2489,기존,남성,30대,3천만원이하,2020-03-02,6,20600079
2490,기존,여성,60대이상,1천만원이하,2020-03-02,6,7207279
2491,신규,여성,20대이하,1억원이하,2020-03-27,0,41544343
2492,기존,여성,30대,1억원이하,2020-03-02,8,36613387
2493,기존,여성,50대,3천만원이하,2020-03-02,7,12956296
2494,신규,여성,30대,1천만원이하,2020-03-23,0,7096719
2495,기존,여성,50대,1천만원이하,2020-03-02,2,6538208
2496,기존,여성,40대,1억원이하,2020-03-02,8,58042580
2497,기존,남성,40대,1천만원이하,2020-03-02,2,3100444
2498,신규,여성,30대,1천만원이하,2020-10-08,0,2310940
2499,신규,남성,60대이상,1천만원이하,2020-10-06,0,9559982
2500,신규,여성,60대이상,3천만원이하,2020-08-14,0,20662959
2501,기존,남성,60대이상,1억원초과,2020-03-02,13,175037460
2502,기존,남성,50대,1억원초과,2020-03-02,16,248045873
2503,신규,남성,20대이하,1천만원이하,2020-04-27,0,7580956
2504,기존,남성,20대이하,1억원초과,2020-03-02,18,144272456
2505,기존,여성,30대,1천만원이하,2020-03-02,3,3409951
2506,신규,남성,30대,1억원초과,2020-10-08,0,246846673
2507,기존,남성,40대,1천만원이하,2020-03-02,2,3733639
2508,기존,남성,20대이하,1천만원이하,2020-03-02,3,7949602
2509,기존,남성,60대이상,3천만원이하,2020-03-02,6,27874750
2510,기존,남성,50대,1천만원이하,2020-03-02,1,1921015
2511,기존,남성,50대,3천만원이하,2020-03-02,10,18389827
2512,기존,남성,40대,1억원초과,2020-03-02,19,232836358
2513,기존,남성,50대,1천만원이하,2020-03-02,3,8658837
2514,신규,남성,50대,1천만원이하,2020-06-30,0,5673393
2515,기존,여성,30대,1천만원이하,2020-03-02,2,2522738
2516,기존,남성,40대,1억원초과,2020-03-02,16,198195225
2517,기존,남성,50대,1천만원이하,2020-03-02,2,2349613
2518,신규,남성,20대이하,1천만원이하,2020-07-29,0,8341973
2519,기존,남성,50대,1억원초과,2020-03-02,11,221054564
2520,기존,남성,50대,3천만원이하,2020-03-02,7,19460312
2521,기존,남성,40대,1억원이하,2020-03-02,13,87880899
2522,신규,여성,20대이하,3천만원이하,2020-03-30,0,12258768
2523,신규,남성,40대,1천만원이하,2020-10-30,0,8818902
2524,기존,남성,50대,1천만원이하,2020-03-02,3,3600377
2525,기존,여성,30대,1천만원이하,2020-03-02,2,5038436
2526,기존,남성,30대,3천만원이하,2020-03-02,6,27522052
2527,기존,남성,40대,1천만원이하,2020-03-02,3,6391516
2528,기존,여성,30대,3천만원이하,2020-03-02,5,13738589
2529,기존,남성,20대이하,3천만원이하,2020-03-02,3,17631908
2530,기존,남성,40대,1천만원이하,2020-03-02,4,2300893
2531,기존,남성,30대,1억원초과,2020-03-02,17,256394964
2532,기존,여성,60대이상,1천만원이하,2020-03-02,2,6732640
2533,기존,여성,40대,1억원이하,2020-03-02,13,34397894
2534,기존,남성,50대,1천만원이하,2020-03-02,3,9283824
2535,기존,여성,50대,1천만원이하,2020-03-02,3,1810274
2536,신규,여성,20대이하,1천만원이하,2020-06-25,0,1707861
2537,신규,여성,40대,1천만원이하,2020-07-16,0,7933524
2538,기존,남성,30대,3천만원이하,2020-03-02,3,21446229
2539,기존,남성,40대,1천만원이하,2020-03-02,3,4165567
2540,신규,남성,50대,3천만원이하,2020-03-31,0,24573453
2541,신규,남성,50대,1천만원이하,2020-06-30,0,8676950
2542,기존,여성,40대,1억원이하,2020-03-02,10,41500349
2543,기존,남성,50대,3천만원이하,2020-03-02,6,22206593
2544,기존,여성,50대,1천만원이하,2020-03-02,5,9902744
2545,신규,남성,20대이하,1천만원이하,2020-07-16,0,8520289
2546,기존,남성,60대이상,1천만원이하,2020-03-02,2,4498435
2547,기존,남성,60대이상,1천만원이하,2020-03-02,3,7288376
2548,기존,남성,30대,1천만원이하,2020-03-02,3,6429404
2549,기존,남성,50대,3천만원이하,2020-03-02,6,21720699
2550,기존,여성,40대,1천만원이하,2020-03-02,3,6694184
2551,기존,남성,20대이하,1억원이하,2020-03-02,12,84552770
2552,기존,여성,30대,3천만원이하,2020-03-02,8,17858501
2553,기존,남성,40대,1억원초과,2020-03-02,11,226187828
2554,기존,여성,20대이하,1천만원이하,2020-03-02,4,5787981
2555,신규,여성,40대,1천만원이하,2020-06-16,0,5080944
2556,신규,남성,30대,1천만원이하,2020-10-08,0,9162445
2557,기존,남성,50대,1천만원이하,2020-03-02,1,7511247
2558,신규,여성,30대,1천만원이하,2020-04-29,0,5706429
2559,기존,여성,50대,3천만원이하,2020-03-02,5,10412985
2560,기존,남성,30대,1천만원이하,2020-03-02,3,2960741
2561,신규,여성,20대이하,1천만원이하,2020-09-18,0,8709216
2562,기존,남성,40대,1천만원이하,2020-03-02,1,7871478
2563,기존,남성,60대이상,1천만원이하,2020-03-02,3,9074316
2564,기존,남성,60대이상,1천만원이하,2020-03-02,3,1630956
2565,기존,남성,60대이상,1억원이하,2020-03-02,9,61978771
2566,기존,여성,50대,3천만원이하,2020-03-02,8,25033157
2567,기존,여성,20대이하,1천만원이하,2020-03-02,4,6911547
2568,신규,남성,30대,1천만원이하,2020-10-05,0,5669124
2569,신규,여성,30대,3천만원이하,2020-03-23,0,11327393
2570,신규,남성,20대이하,1천만원이하,2020-10-15,0,1441337
2571,기존,남성,60대이상,1억원이하,2020-03-02,13,57940578
2572,기존,여성,30대,1천만원이하,2020-03-02,3,7417350
2573,기존,여성,30대,1억원이하,2020-03-02,12,68837841
2574,기존,남성,30대,1천만원이하,2020-03-02,5,9651231
2575,기존,남성,20대이하,3천만원이하,2020-03-02,11,27904649
2576,기존,남성,20대이하,1천만원이하,2020-03-02,3,9176791
2577,기존,여성,40대,3천만원이하,2020-03-02,7,11271172
2578,기존,남성,40대,1천만원이하,2020-03-02,3,2973692
2579,기존,여성,40대,1억원이하,2020-03-02,8,78398698
2580,기존,여성,20대이하,1천만원이하,2020-03-02,4,9739928
2581,신규,여성,30대,1천만원이하,2020-03-16,0,7041709
2582,신규,여성,20대이하,1천만원이하,2020-04-08,0,7796183
2583,기존,여성,40대,1억원초과,2020-03-02,15,102589290
2584,기존,여성,40대,1억원이하,2020-03-02,13,55135037
2585,기존,남성,40대,1천만원이하,2020-03-02,2,3433728
2586,기존,남성,40대,1천만원이하,2020-03-02,1,4983106
2587,기존,여성,40대,1억원이하,2020-03-02,13,61477545
2588,신규,남성,30대,1억원이하,2020-10-16,0,87173287
2589,신규,남성,30대,1천만원이하,2020-03-20,0,1208367
2590,신규,여성,40대,1천만원이하,2020-04-13,0,9040665
2591,신규,남성,20대이하,1천만원이하,2020-06-09,0,7552589
2592,기존,남성,60대이상,1억원이하,2020-03-02,9,65247304
2593,신규,남성,40대,1억원이하,2020-10-26,0,54333652
2594,기존,남성,20대이하,1천만원이하,2020-03-02,4,6556623
2595,기존,남성,40대,3천만원이하,2020-03-02,4,14707552
2596,기존,남성,30대,3천만원이하,2020-03-02,2,17610682
2597,기존,여성,50대,1천만원이하,2020-03-02,3,1771724
2598,기존,여성,30대,3천만원이하,2020-03-02,4,13495554
2599,기존,여성,40대,1억원이하,2020-03-02,13,90685606
2600,기존,남성,50대,1천만원이하,2020-03-02,4,9882180
2601,기존,남성,40대,1천만원이하,2020-03-02,2,8822569
2602,신규,남성,20대이하,3천만원이하,2020-10-28,0,12941969
2603,기존,여성,60대이상,3천만원이하,2020-03-02,6,29353388
2604,기존,남성,50대,1천만원이하,2020-03-02,2,5870706
2605,기존,여성,50대,3천만원이하,2020-03-02,7,23349932
2606,기존,남성,40대,1억원이하,2020-03-02,10,30749129
2607,신규,남성,40대,1천만원이하,2020-04-01,0,2195458
2608,기존,여성,40대,1천만원이하,2020-03-02,3,9719488
2609,기존,남성,40대,1억원초과,2020-03-02,20,125664184
2610,기존,여성,30대,1억원이하,2020-03-02,10,49871627
2611,기존,여성,40대,3천만원이하,2020-03-02,5,28740263
2612,기존,남성,40대,1억원초과,2020-03-02,14,116272618
2613,기존,여성,40대,1억원이하,2020-03-02,12,98540232
2614,기존,남성,40대,1천만원이하,2020-03-02,2,5304284
2615,신규,남성,30대,1천만원이하,2020-09-28,0,9932359
2616,기존,여성,40대,1억원초과,2020-03-02,18,245731984
2617,신규,여성,20대이하,3천만원이하,2020-10-16,0,14142123
2618,신규,남성,20대이하,1천만원이하,2020-08-07,0,1490179
2619,신규,여성,50대,1천만원이하,2020-04-24,0,2858570
2620,신규,여성,30대,1천만원이하,2020-03-24,0,3759719
2621,기존,여성,30대,1천만원이하,2020-03-02,2,1255676
2622,기존,남성,30대,1억원이하,2020-03-02,9,83441470
2623,신규,여성,40대,1천만원이하,2020-03-16,0,7055225
2624,기존,남성,30대,1천만원이하,2020-03-02,1,1893664
2625,기존,남성,30대,3천만원이하,2020-03-02,5,10600713
2626,기존,남성,40대,3천만원이하,2020-03-02,6,16489048
2627,기존,남성,60대이상,1천만원이하,2020-03-02,3,5339425
2628,신규,남성,40대,1천만원이하,2020-03-12,0,1036845
2629,신규,여성,30대,1억원이하,2020-03-12,0,99280784
2630,기존,남성,50대,1억원이하,2020-03-02,8,38146972
2631,기존,남성,50대,1억원이하,2020-03-02,6,74083810
2632,기존,남성,30대,1천만원이하,2020-03-02,2,6098504
2633,신규,여성,50대,1천만원이하,2020-10-08,0,7494533
2634,기존,여성,50대,1천만원이하,2020-03-02,3,9583080
2635,기존,남성,30대,1억원이하,2020-03-02,12,35177057
2636,기존,남성,30대,1천만원이하,2020-03-02,6,7653036
2637,기존,여성,30대,1억원초과,2020-03-02,15,278381183
2638,신규,여성,50대,1천만원이하,2020-09-03,0,4489812
2639,신규,남성,20대이하,3천만원이하,2020-03-16,0,15785600
2640,기존,남성,40대,3천만원이하,2020-03-02,10,15646730
2641,기존,여성,30대,3천만원이하,2020-03-02,4,26319122
2642,기존,여성,40대,1천만원이하,2020-03-02,2,3669325
2643,기존,여성,30대,3천만원이하,2020-03-02,4,27537530
2644,기존,여성,40대,1억원이하,2020-03-02,16,54897637
2645,기존,남성,40대,1천만원이하,2020-03-02,4,4469115
2646,신규,남성,50대,1천만원이하,2020-10-26,0,8868515
2647,기존,남성,40대,1억원이하,2020-03-02,9,37948340
2648,신규,여성,50대,3천만원이하,2020-10-29,0,25794239
2649,기존,남성,40대,1억원이하,2020-03-02,13,82698747
2650,기존,여성,40대,1천만원이하,2020-03-02,1,8462805
2651,신규,여성,20대이하,1천만원이하,2020-06-10,0,1952381
2652,기존,남성,30대,1천만원이하,2020-03-02,3,2475973
2653,기존,여성,30대,1억원이하,2020-03-02,5,90416671
2654,신규,여성,30대,3천만원이하,2020-05-14,0,23382318
2655,기존,남성,50대,1억원이하,2020-03-02,10,37772026
2656,기존,여성,60대이상,1억원이하,2020-03-02,18,93131404
2657,기존,남성,40대,1억원초과,2020-03-02,11,119902749
2658,신규,여성,30대,1천만원이하,2020-10-20,0,4103737
2659,기존,남성,60대이상,1억원초과,2020-03-02,12,288943357
2660,기존,남성,40대,1천만원이하,2020-03-02,3,2008235
2661,기존,남성,50대,1억원이하,2020-03-02,10,44666495
2662,기존,남성,50대,3천만원이하,2020-03-02,6,16091205
2663,기존,남성,40대,3천만원이하,2020-03-02,8,29506511
2664,신규,여성,30대,1천만원이하,2020-10-05,0,2674239
2665,기존,남성,30대,1억원이하,2020-03-02,7,85043061
2666,신규,여성,20대이하,1천만원이하,2020-10-12,0,3365481
2667,기존,여성,50대,3천만원이하,2020-03-02,11,16534130
2668,기존,여성,40대,1천만원이하,2020-03-02,1,2361702
2669,기존,여성,20대이하,1천만원이하,2020-03-02,2,9726452
2670,신규,남성,20대이하,1천만원이하,2020-03-26,0,8365700
2671,기존,남성,40대,3천만원이하,2020-03-02,8,26179546
2672,기존,여성,20대이하,1억원이하,2020-03-02,6,71157988
2673,신규,여성,20대이하,1천만원이하,2020-10-08,0,2275680
2674,신규,여성,20대이하,1천만원이하,2020-06-25,0,6783801
2675,신규,남성,20대이하,1천만원이하,2020-03-13,0,6736223
2676,신규,남성,30대,1천만원이하,2020-03-12,0,6664287
2677,신규,여성,30대,3천만원이하,2020-04-10,0,20731759
2678,기존,여성,40대,1억원이하,2020-03-02,7,59280962
2679,기존,남성,30대,1억원이하,2020-03-02,10,64775049
2680,기존,여성,30대,1천만원이하,2020-03-02,2,4773936
2681,신규,남성,30대,1억원이하,2020-04-03,0,56934152
2682,기존,여성,60대이상,3천만원이하,2020-03-02,8,29187248
2683,기존,남성,50대,3천만원이하,2020-03-02,13,20805291
2684,신규,남성,40대,1천만원이하,2020-04-10,0,5686480
2685,신규,남성,20대이하,1천만원이하,2020-10-22,0,6145126
2686,신규,남성,30대,1천만원이하,2020-06-02,0,6509273
2687,기존,여성,50대,1억원이하,2020-03-02,12,94440737
2688,신규,남성,40대,1억원이하,2020-03-31,0,38578422
2689,기존,남성,40대,1천만원이하,2020-03-02,3,8780530
2690,기존,남성,50대,3천만원이하,2020-03-02,9,20665527
2691,기존,남성,30대,3천만원이하,2020-03-02,7,29101571
2692,기존,남성,30대,1천만원이하,2020-03-02,1,4880460
2693,기존,남성,60대이상,1천만원이하,2020-03-02,5,6088144
2694,신규,여성,20대이하,1천만원이하,2020-03-19,0,1019491
2695,기존,여성,40대,1천만원이하,2020-03-02,2,6622236
2696,기존,여성,60대이상,1천만원이하,2020-03-02,3,2100231
2697,기존,남성,40대,1천만원이하,2020-03-02,4,8944462
2698,신규,여성,30대,1천만원이하,2020-03-13,0,1872174
2699,기존,여성,60대이상,3천만원이하,2020-03-02,8,24425559
2700,기존,남성,40대,1천만원이하,2020-03-02,4,6882412
2701,신규,여성,40대,1천만원이하,2020-06-04,0,2822410
2702,신규,남성,40대,1천만원이하,2020-06-12,0,2696488
2703,기존,남성,50대,1천만원이하,2020-03-02,3,4023583
2704,신규,남성,60대이상,1천만원이하,2020-03-17,0,8478773
2705,기존,남성,60대이상,1억원이하,2020-03-02,10,91747819
2706,기존,남성,30대,1천만원이하,2020-03-02,1,2626535
2707,기존,남성,50대,3천만원이하,2020-03-02,4,18450645
2708,기존,여성,30대,1천만원이하,2020-03-02,2,8745073
2709,신규,여성,50대,1천만원이하,2020-08-07,0,8008398
2710,기존,여성,50대,1천만원이하,2020-03-02,3,2368794
2711,신규,여성,30대,1천만원이하,2020-05-07,0,4582138
2712,기존,남성,40대,1천만원이하,2020-03-02,1,2639798
2713,기존,남성,30대,1천만원이하,2020-03-02,1,6732024
2714,기존,여성,30대,1억원이하,2020-03-02,14,31763053
2715,기존,여성,30대,1천만원이하,2020-03-02,3,2185042
2716,신규,남성,60대이상,3천만원이하,2020-03-06,0,17447623
2717,기존,여성,50대,1천만원이하,2020-03-02,1,1401181
2718,기존,남성,20대이하,1천만원이하,2020-03-02,3,3186240
2719,기존,여성,50대,1천만원이하,2020-03-02,2,9723983
2720,기존,여성,30대,3천만원이하,2020-03-02,9,20778780
2721,신규,남성,20대이하,1천만원이하,2020-07-17,0,1103170
2722,기존,남성,20대이하,1천만원이하,2020-03-02,6,9122830
2723,기존,남성,40대,1억원초과,2020-03-02,14,209010175
2724,기존,여성,50대,3천만원이하,2020-03-02,5,18073180
2725,기존,여성,40대,1천만원이하,2020-03-02,6,6355692
2726,신규,여성,40대,1천만원이하,2020-03-25,0,9997893
2727,기존,남성,40대,1천만원이하,2020-03-02,3,3840030
2728,신규,여성,20대이하,1천만원이하,2020-03-26,0,7161956
2729,기존,남성,30대,1천만원이하,2020-03-02,5,3948376
2730,기존,남성,40대,3천만원이하,2020-03-02,13,11404534
2731,신규,여성,50대,1천만원이하,2020-10-12,0,4688647
2732,신규,여성,50대,1천만원이하,2020-06-17,0,4571306
2733,기존,남성,40대,1억원이하,2020-03-02,6,46718998
2734,신규,남성,50대,1천만원이하,2020-05-12,0,7066533
2735,신규,남성,40대,1천만원이하,2020-08-24,0,5567946
2736,기존,남성,30대,1천만원이하,2020-03-02,2,6250374
2737,기존,여성,60대이상,1억원이하,2020-03-02,9,48987758
2738,기존,남성,40대,1천만원이하,2020-03-02,2,5866859
2739,기존,남성,40대,1억원이하,2020-03-02,13,41248314
2740,신규,여성,60대이상,1천만원이하,2020-10-08,0,2432405
2741,기존,남성,40대,3천만원이하,2020-03-02,11,11009425
2742,신규,남성,30대,1천만원이하,2020-09-21,0,7209231
2743,신규,남성,30대,3천만원이하,2020-10-27,0,25885493
2744,신규,여성,40대,3천만원이하,2020-10-07,0,20844400
2745,기존,여성,30대,1천만원이하,2020-03-02,2,4099529
2746,기존,여성,60대이상,1억원초과,2020-03-02,23,198373411
2747,신규,여성,60대이상,1천만원이하,2020-05-06,0,2378502
2748,기존,남성,50대,1천만원이하,2020-03-02,2,4989443
2749,기존,남성,30대,1억원이하,2020-03-02,9,65520821
2750,기존,남성,40대,1억원이하,2020-03-02,10,94272716
2751,기존,남성,60대이상,1천만원이하,2020-03-02,1,7248445
2752,기존,남성,30대,1천만원이하,2020-03-02,1,6867354
2753,기존,남성,50대,1천만원이하,2020-03-02,3,5280781
2754,기존,여성,40대,1천만원이하,2020-03-02,2,1695141
2755,기존,남성,60대이상,3천만원이하,2020-03-02,9,28572881
2756,기존,남성,60대이상,1천만원이하,2020-03-02,2,6038149
2757,기존,남성,30대,1천만원이하,2020-03-02,1,2816446
2758,기존,여성,50대,3천만원이하,2020-03-02,12,13901645
2759,신규,여성,20대이하,1천만원이하,2020-10-27,0,1300055
2760,기존,여성,40대,3천만원이하,2020-03-02,4,13193883
2761,기존,남성,30대,1천만원이하,2020-03-02,4,2175252
2762,기존,남성,60대이상,1억원이하,2020-03-02,10,99516841
2763,기존,남성,30대,1천만원이하,2020-03-02,1,5779629
2764,신규,여성,20대이하,1천만원이하,2020-03-06,0,5110858
2765,기존,여성,60대이상,1천만원이하,2020-03-02,4,8484931
2766,기존,남성,30대,1억원이하,2020-03-02,9,39732650
2767,기존,남성,40대,1억원이하,2020-03-02,11,71704434
2768,기존,여성,50대,1천만원이하,2020-03-02,2,1595694
2769,신규,남성,20대이하,1천만원이하,2020-03-27,0,2377447
2770,기존,남성,40대,1억원이하,2020-03-02,12,91165338
2771,기존,남성,40대,1천만원이하,2020-03-02,3,5596748
2772,기존,남성,40대,3천만원이하,2020-03-02,8,20845157
2773,신규,여성,30대,1천만원이하,2020-03-20,0,1765539
2774,기존,남성,40대,1억원이하,2020-03-02,10,86007309
2775,신규,남성,30대,1천만원이하,2020-05-25,0,3519263
2776,기존,남성,30대,3천만원이하,2020-03-02,4,16592499
2777,기존,여성,50대,1천만원이하,2020-03-02,2,2703982
2778,기존,남성,60대이상,1억원초과,2020-03-02,15,274295660
2779,기존,남성,50대,1천만원이하,2020-03-02,2,3912220
2780,기존,남성,50대,1억원이하,2020-03-02,9,96995811
2781,기존,남성,50대,3천만원이하,2020-03-02,9,10778807
2782,기존,남성,60대이상,1천만원이하,2020-03-02,5,4459567
2783,기존,남성,50대,1천만원이하,2020-03-02,4,8774638
2784,신규,여성,30대,1천만원이하,2020-05-11,0,8604758
2785,신규,여성,30대,1천만원이하,2020-05-28,0,4003735
2786,기존,여성,40대,1억원초과,2020-03-02,16,165577975
2787,기존,여성,40대,3천만원이하,2020-03-02,8,12912252
2788,신규,여성,30대,1천만원이하,2020-09-24,0,2782555
2789,기존,여성,30대,1천만원이하,2020-03-02,4,9449541
2790,기존,여성,50대,3천만원이하,2020-03-02,8,12454736
2791,기존,남성,30대,3천만원이하,2020-03-02,5,10422174
2792,기존,남성,40대,1천만원이하,2020-03-02,4,2055959
2793,기존,남성,60대이상,1억원초과,2020-03-02,16,214862371
2794,신규,여성,40대,1천만원이하,2020-05-08,0,6074498
2795,기존,남성,50대,1억원이하,2020-03-02,16,99004095
2796,신규,여성,40대,1천만원이하,2020-07-23,0,8082675
2797,기존,여성,40대,1천만원이하,2020-03-02,2,7620139
2798,신규,여성,40대,1천만원이하,2020-10-05,0,1648668
2799,기존,여성,40대,1천만원이하,2020-03-02,3,5675341
2800,기존,여성,30대,1천만원이하,2020-03-02,4,4472705
2801,신규,여성,30대,1천만원이하,2020-10-23,0,2199994
2802,신규,남성,20대이하,1천만원이하,2020-10-27,0,1231465
2803,신규,여성,20대이하,1천만원이하,2020-05-19,0,6543976
2804,기존,여성,40대,1천만원이하,2020-03-02,3,6265252
2805,신규,남성,40대,1천만원이하,2020-05-27,0,2007229
2806,기존,남성,60대이상,1천만원이하,2020-03-02,3,4608183
2807,기존,남성,30대,1억원초과,2020-03-02,12,284336006
2808,기존,남성,40대,1천만원이하,2020-03-02,3,7563049
2809,신규,여성,20대이하,1천만원이하,2020-10-30,0,6264433
2810,기존,남성,50대,1억원이하,2020-03-02,16,73106380
2811,기존,남성,30대,1억원초과,2020-03-02,22,127845365
2812,신규,남성,30대,1천만원이하,2020-10-16,0,2257915
2813,기존,여성,40대,1억원이하,2020-03-02,15,69877522
2814,기존,여성,30대,1천만원이하,2020-03-02,4,8947080
2815,기존,남성,40대,3천만원이하,2020-03-02,5,24766595
2816,기존,남성,30대,1천만원이하,2020-03-02,3,4979650
2817,신규,남성,50대,1천만원이하,2020-10-20,0,8447008
2818,기존,남성,40대,1천만원이하,2020-03-02,2,2461564
2819,기존,여성,60대이상,1천만원이하,2020-03-02,2,2252507
2820,기존,남성,30대,1천만원이하,2020-03-02,7,2308751
2821,기존,남성,50대,1천만원이하,2020-03-02,3,3147870
2822,신규,남성,30대,1천만원이하,2020-03-19,0,6947809
2823,신규,남성,30대,3천만원이하,2020-04-17,0,23528739
2824,신규,남성,20대이하,1천만원이하,2020-06-15,0,2725693
2825,신규,여성,20대이하,1천만원이하,2020-04-23,0,2997477
2826,기존,남성,50대,3천만원이하,2020-03-02,7,29769491
2827,신규,여성,30대,1천만원이하,2020-07-13,0,8036039
2828,신규,여성,30대,3천만원이하,2020-10-26,0,18620605
2829,기존,남성,40대,1천만원이하,2020-03-02,3,9264983
2830,기존,여성,40대,1천만원이하,2020-03-02,2,6491451
2831,기존,남성,30대,1천만원이하,2020-03-02,3,9992459
2832,신규,남성,20대이하,1천만원이하,2020-05-27,0,6549301
2833,기존,남성,50대,1천만원이하,2020-03-02,1,4070654
2834,기존,남성,40대,1천만원이하,2020-03-02,4,7902005
2835,기존,여성,30대,1천만원이하,2020-03-02,2,2559240
2836,신규,남성,30대,1천만원이하,2020-08-04,0,8024289
2837,기존,남성,50대,1억원초과,2020-03-02,11,212301094
2838,신규,여성,50대,1천만원이하,2020-04-28,0,8144926
2839,기존,남성,20대이하,1천만원이하,2020-03-02,5,9501433
2840,기존,남성,60대이상,1천만원이하,2020-03-02,3,4018095
2841,기존,남성,40대,3천만원이하,2020-03-02,7,14860944
2842,기존,남성,20대이하,1천만원이하,2020-03-02,3,6782358
2843,신규,여성,40대,1천만원이하,2020-09-03,0,1828381
2844,기존,남성,20대이하,1억원이하,2020-03-02,8,40177949
2845,기존,남성,40대,3천만원이하,2020-03-02,7,26383058
2846,신규,여성,60대이상,1천만원이하,2020-08-20,0,7589120
2847,신규,남성,30대,1억원초과,2020-03-26,0,164843009
2848,기존,남성,40대,1천만원이하,2020-03-02,3,2540795
2849,기존,남성,40대,1천만원이하,2020-03-02,2,7730561
2850,기존,남성,30대,1천만원이하,2020-03-02,5,8942737
2851,신규,여성,50대,1천만원이하,2020-03-13,0,6354668
2852,신규,남성,40대,1천만원이하,2020-10-12,0,4192078
2853,기존,여성,30대,1천만원이하,2020-03-02,4,6658796
2854,기존,여성,40대,1억원초과,2020-03-02,11,111718115
2855,기존,남성,20대이하,1천만원이하,2020-03-02,3,3615047
2856,신규,남성,40대,1천만원이하,2020-10-16,0,6892764
2857,신규,여성,20대이하,1천만원이하,2020-05-04,0,1572359
2858,기존,남성,30대,1억원이하,2020-03-02,12,44151176
2859,기존,남성,30대,3천만원이하,2020-03-02,8,17492216
2860,신규,여성,30대,1천만원이하,2020-03-30,0,6874953
2861,기존,남성,60대이상,1천만원이하,2020-03-02,3,6559348
2862,기존,여성,40대,1천만원이하,2020-03-02,1,4995637
2863,기존,남성,40대,1억원이하,2020-03-02,9,66350792
2864,기존,남성,40대,3천만원이하,2020-03-02,8,22484868
2865,신규,여성,20대이하,1억원이하,2020-03-18,0,58249958
2866,신규,여성,60대이상,1천만원이하,2020-09-18,0,7396637
2867,신규,여성,40대,1천만원이하,2020-08-28,0,6363888
2868,신규,남성,30대,1천만원이하,2020-10-26,0,5529183
2869,신규,남성,50대,1천만원이하,2020-10-05,0,2505909
2870,기존,남성,30대,1천만원이하,2020-03-02,2,7635904
2871,기존,남성,40대,3천만원이하,2020-03-02,3,17598920
2872,기존,남성,50대,1억원초과,2020-03-02,16,107025594
2873,기존,남성,50대,3천만원이하,2020-03-02,6,23291855
2874,기존,남성,30대,1천만원이하,2020-03-02,3,3800962
2875,신규,여성,20대이하,1천만원이하,2020-08-27,0,6400450
2876,신규,여성,50대,1억원이하,2020-09-04,0,87978529
2877,기존,여성,30대,1천만원이하,2020-03-02,1,2361688
2878,기존,남성,60대이상,3천만원이하,2020-03-02,7,21769232
2879,기존,여성,50대,1천만원이하,2020-03-02,2,1254405
2880,신규,남성,50대,1천만원이하,2020-10-22,0,2733757
2881,신규,여성,30대,1천만원이하,2020-10-23,0,4554115
2882,기존,남성,50대,3천만원이하,2020-03-02,6,25030567
2883,기존,남성,40대,1억원이하,2020-03-02,15,93306338
2884,기존,여성,40대,1천만원이하,2020-03-02,2,2036067
2885,신규,여성,20대이하,1억원초과,2020-03-25,0,114922805
2886,신규,여성,30대,1천만원이하,2020-03-20,0,9201478
2887,신규,남성,20대이하,3천만원이하,2020-03-20,0,23374209
2888,기존,남성,40대,1천만원이하,2020-03-02,3,7784923
2889,신규,남성,20대이하,1천만원이하,2020-03-05,0,5079815
2890,기존,남성,40대,3천만원이하,2020-03-02,6,26051807
2891,신규,여성,20대이하,1억원이하,2020-10-19,0,34574693
2892,기존,남성,30대,1천만원이하,2020-03-02,5,6258492
2893,기존,남성,60대이상,3천만원이하,2020-03-02,10,10625320
2894,기존,남성,50대,1억원이하,2020-03-02,6,40119152
2895,기존,여성,30대,1천만원이하,2020-03-02,3,2142405
2896,기존,여성,40대,1억원이하,2020-03-02,12,64836543
2897,기존,남성,20대이하,1억원이하,2020-03-02,12,73512487
2898,신규,여성,20대이하,1천만원이하,2020-10-28,0,6460280
2899,기존,남성,20대이하,1천만원이하,2020-03-02,2,9605970
2900,기존,남성,20대이하,3천만원이하,2020-03-02,6,26623194
2901,신규,여성,40대,1천만원이하,2020-07-31,0,3578287
2902,기존,남성,60대이상,3천만원이하,2020-03-02,8,28989092
2903,기존,남성,30대,3천만원이하,2020-03-02,11,14607339
2904,기존,남성,40대,3천만원이하,2020-03-02,8,17307630
2905,기존,남성,30대,3천만원이하,2020-03-02,7,26815123
2906,신규,남성,60대이상,1천만원이하,2020-10-12,0,2442954
2907,기존,여성,40대,1천만원이하,2020-03-02,3,9513504
2908,기존,남성,20대이하,1천만원이하,2020-03-02,2,7592453
2909,기존,남성,40대,3천만원이하,2020-03-02,7,18786770
2910,신규,남성,20대이하,3천만원이하,2020-10-05,0,14535031
2911,기존,여성,40대,1천만원이하,2020-03-02,3,7668057
2912,신규,여성,20대이하,1천만원이하,2020-09-29,0,1342590
2913,신규,여성,20대이하,1천만원이하,2020-05-29,0,3457223
2914,기존,남성,50대,1천만원이하,2020-03-02,2,9058912
2915,기존,남성,40대,1천만원이하,2020-03-02,2,7393884
2916,기존,남성,60대이상,1억원이하,2020-03-02,20,38596880
2917,신규,남성,50대,1억원초과,2020-10-27,0,249373078
2918,기존,남성,50대,1천만원이하,2020-03-02,1,8154379
2919,신규,여성,50대,1천만원이하,2020-04-22,0,2682440
2920,기존,남성,40대,1천만원이하,2020-03-02,4,5686845
2921,신규,여성,40대,1천만원이하,2020-03-18,0,8448200
2922,신규,여성,50대,1천만원이하,2020-03-13,0,3574002
2923,신규,남성,40대,1천만원이하,2020-10-14,0,6476821
2924,기존,여성,50대,1억원초과,2020-03-02,12,214226658
2925,기존,남성,30대,1천만원이하,2020-03-02,6,3055973
2926,기존,여성,50대,1천만원이하,2020-03-02,4,9798655
2927,기존,남성,40대,1천만원이하,2020-03-02,2,1550929
2928,기존,남성,30대,1억원초과,2020-03-02,19,179905861
2929,신규,남성,60대이상,3천만원이하,2020-10-13,0,29136725
2930,신규,남성,40대,1천만원이하,2020-10-19,0,3278113
2931,기존,여성,20대이하,1억원이하,2020-03-02,6,57906013
2932,신규,여성,40대,1천만원이하,2020-10-14,0,9249228
2933,기존,남성,60대이상,1천만원이하,2020-03-02,3,3886748
2934,신규,남성,40대,1천만원이하,2020-04-02,0,5667555
2935,신규,여성,30대,1천만원이하,2020-05-15,0,5926336
2936,신규,남성,20대이하,1천만원이하,2020-04-14,0,5854781
2937,신규,여성,60대이상,1천만원이하,2020-10-19,0,2825449
2938,기존,여성,20대이하,1천만원이하,2020-03-02,3,4789891
2939,기존,여성,60대이상,1억원이하,2020-03-02,11,72851519
2940,기존,남성,40대,1억원초과,2020-03-02,11,249543822
2941,신규,남성,50대,1천만원이하,2020-03-02,0,4232314
2942,신규,남성,20대이하,3천만원이하,2020-04-22,0,21132996
2943,기존,남성,40대,1억원이하,2020-03-02,9,84438655
2944,신규,남성,20대이하,3천만원이하,2020-09-29,0,24970774
2945,기존,남성,50대,1천만원이하,2020-03-02,3,4003862
2946,기존,남성,40대,1억원이하,2020-03-02,10,44050760
2947,신규,남성,40대,3천만원이하,2020-09-28,0,28232592
2948,기존,남성,40대,1천만원이하,2020-03-02,3,4092293
2949,기존,여성,20대이하,3천만원이하,2020-03-02,6,28190660
2950,신규,남성,50대,1억원이하,2020-03-02,0,69173334
2951,기존,여성,30대,3천만원이하,2020-03-02,11,15927443
2952,기존,여성,40대,1천만원이하,2020-03-02,1,7229379
2953,신규,남성,50대,1천만원이하,2020-03-19,0,4053314
2954,기존,남성,30대,1천만원이하,2020-03-02,4,9118723
2955,기존,여성,50대,3천만원이하,2020-03-02,5,29728032
2956,기존,남성,30대,1억원이하,2020-03-02,14,98957996
2957,신규,남성,20대이하,1천만원이하,2020-03-25,0,8869536
2958,기존,남성,30대,1천만원이하,2020-03-02,3,4493027
2959,기존,여성,50대,1천만원이하,2020-03-02,1,8555771
2960,기존,여성,50대,1천만원이하,2020-03-02,4,4364696
2961,기존,남성,40대,1천만원이하,2020-03-02,5,1598781
2962,기존,여성,30대,3천만원이하,2020-03-02,5,25177453
2963,기존,남성,20대이하,1천만원이하,2020-03-02,3,1460556
2964,신규,여성,40대,1천만원이하,2020-04-01,0,4822509
2965,기존,남성,60대이상,1천만원이하,2020-03-02,6,4541430
2966,기존,여성,60대이상,1억원이하,2020-03-02,8,99496789
2967,기존,여성,40대,3천만원이하,2020-03-02,3,19065050
2968,기존,남성,50대,1천만원이하,2020-03-02,3,4008567
2969,기존,여성,40대,1천만원이하,2020-03-02,3,1819568
2970,기존,여성,40대,3천만원이하,2020-03-02,6,28304676
2971,기존,남성,40대,1천만원이하,2020-03-02,5,7171453
2972,신규,여성,30대,1천만원이하,2020-08-06,0,2247318
2973,기존,남성,30대,3천만원이하,2020-03-02,8,29442628
2974,기존,여성,60대이상,1억원이하,2020-03-02,14,49463333
2975,기존,남성,50대,3천만원이하,2020-03-02,7,20724354
2976,기존,남성,40대,3천만원이하,2020-03-02,5,24817614
2977,기존,남성,30대,1억원초과,2020-03-02,14,182101175
2978,기존,여성,30대,1천만원이하,2020-03-02,2,3707896
2979,기존,남성,60대이상,1천만원이하,2020-03-02,3,8056540
2980,기존,남성,40대,1천만원이하,2020-03-02,2,7927916
2981,신규,여성,30대,1천만원이하,2020-03-10,0,6293518
2982,기존,여성,50대,1억원초과,2020-03-02,10,206347941
2983,신규,남성,60대이상,1천만원이하,2020-10-15,0,1931993
2984,기존,남성,20대이하,1억원이하,2020-03-02,13,64819573
2985,기존,남성,60대이상,1억원이하,2020-03-02,11,76297519
2986,기존,남성,40대,1억원이하,2020-03-02,10,55679410
2987,신규,남성,20대이하,1천만원이하,2020-07-13,0,4085063
2988,신규,남성,50대,1천만원이하,2020-09-29,0,5980685
2989,신규,남성,30대,3천만원이하,2020-05-14,0,18438523
2990,신규,여성,50대,3천만원이하,2020-10-16,0,24703997
2991,기존,남성,20대이하,1천만원이하,2020-03-02,3,1867262
2992,기존,남성,40대,1억원초과,2020-03-02,17,273802288
2993,기존,여성,50대,1천만원이하,2020-03-02,1,1787862
2994,기존,여성,40대,1천만원이하,2020-03-02,1,1237392
2995,신규,남성,20대이하,3천만원이하,2020-03-19,0,20676315
2996,신규,남성,20대이하,1천만원이하,2020-10-19,0,7548536
2997,기존,남성,30대,3천만원이하,2020-03-02,2,17721703
2998,기존,남성,30대,3천만원이하,2020-03-02,8,20578697
2999,기존,여성,50대,1억원이하,2020-03-02,10,37594711
3000,신규,남성,20대이하,1천만원이하,2020-04-07,0,8540861
